ticker,raw_ticker,expected_end,got_end
AAGR,AAGR,2026-05-28,2026-09-25
AAGRW,AAGRW,2026-05-28,2026-09-25
ABLLW,ABLLW,2025-08-14,2026-09-25
ACAT,ACAT,2017-03-07,2026-09-25
ACHX,ACHX,2026-06-30,2026-09-25
MOB,MOB,2025-12-05,2025-12-31
STR,STR,2016-09-26,2025-08-18
MTL,MTL,2022-12-15,2022-12-21
EP,EP,2022-04-11,2025-12-31
MNR,MNR,2026-09-25,2025-12-31
BNL,BNL,2026-09-25,2025-12-31
CHA,CHA,2026-09-25,2025-12-31
FG,FG,2026-09-25,2025-12-31
ADT,ADT,2020-05-01,2025-12-31
BEAM,BEAM,2020-04-24,2025-12-31
S,S,2020-04-01,2025-12-31
PD,PD,2026-09-25,2025-12-31
DD,DD,2026-09-25,2025-12-31
CA,CA,2018-11-06,2025-12-31
DYN,DYN,2026-09-25,2025-12-31
Q,Q,2026-09-25,2025-12-31
DOW,DOW,2017-08-31,2025-12-31
SE,SE,2017-07-10,2025-12-31
EMC,EMC,2016-09-15,2025-12-31
SNDK,SNDK,2016-05-20,2025-12-31
POM,POM,2016-04-01,2025-12-31
DELL,DELL,2026-09-25,2025-12-31
ABI,ABI,2014-05-15,2025-12-31
PCS,PCS,2013-10-17,2025-12-31
CEG,CEG,2013-03-20,2025-12-31
CSR,CSR,2011-09-15,2025-12-31
KG,KG,2011-03-08,2025-12-31
ADCT,ADCT,2010-12-20,2025-12-31
MIR,MIR,2010-12-03,2025-12-31
HVIIU,HVIIU,2026-09-24,2025-12-31
HVII,HVII,2026-09-23,2025-12-31
SVMH,SVMH,2026-09-23,2025-01-21
RIVR,RIVR,2026-09-22,2016-03-08
HCWC,HCWC,2026-09-17,2025-12-31
HYT-R,HYT-R,2026-09-17,2022-10-12
KTTAW,KTTAW,2026-09-16,2025-12-31
OKE,OKE,2026-09-14,2025-12-31
ATAI,ATAI,2026-09-11,2025-12-31
NTZ,NTZ,2026-09-09,2025-12-31
TMCWW,TMCWW,2026-09-09,2025-12-31
GIPRW,GIPRW,2026-09-08,2025-12-31
KWM,KWM,2026-09-08,2025-12-31
KWMWW,KWMWW,2026-09-08,2025-12-31
APGE,APGE,2026-09-04,2025-12-31
BTOG,BTOG,2026-09-03,2025-12-31
HWELW,HWELW,2026-09-03,2023-12-04
ARQQW,ARQQW,2026-09-02,2025-12-31
RCKTW,RCKTW,2026-09-02,2025-12-31
ZTEK,ZTEK,2026-09-02,2025-12-31
CRNX,CRNX,2026-09-01,2025-12-31
DVXE,DVXE,2026-09-01,2025-12-31
HLX,HLX,2026-09-01,2025-12-31
NCSM,NCSM,2026-09-01,2025-12-31
NCNC,NCNC,2026-08-31,2024-11-22
AREN,AREN,2026-08-28,2025-12-31
BCAR,BCAR,2015-08-03,2025-12-31
BCARU,BCARU,2026-08-27,2025-12-31
CMIIU,CMIIU,2026-08-27,2021-09-01
FBRX,FBRX,2026-08-27,2025-12-31
HOOZ,HOOZ,2026-08-27,2025-12-31
LEG,LEG,2026-08-27,2025-12-31
GDEVW,GDEVW,2026-08-26,2025-12-31
HUMAW,HUMAW,2026-08-26,2025-12-31
JUPGF,JUPGF,2026-08-26,2025-12-31
HRYU,HRYU,2026-08-25,2024-12-17
RMAX,RMAX,2026-08-25,2025-12-31
TWO,TWO,2026-08-25,2025-12-31
LBRDA,LBRDA,2026-08-21,2025-12-31
LBRDK,LBRDK,2026-08-21,2025-12-31
LBRDP,LBRDP,2026-08-21,2025-12-31
RNWWW,RNWWW,2026-08-21,2025-12-31
HONIV,HONIV,2026-08-20,2025-10-29
WBS,WBS,2026-08-20,2025-12-31
MDV,MDV,2026-08-19,2025-12-31
IWFL,IWFL,2026-08-18,2025-12-31
IWML,IWML,2026-08-18,2025-12-31
MTUL,MTUL,2026-08-18,2025-12-31
QULL,QULL,2026-08-18,2025-12-31
SCDL,SCDL,2026-08-18,2025-12-31
AVB,AVB,2026-08-17,2025-12-31
DRMAW,DRMAW,2026-08-17,2025-12-31
TALK,TALK,2026-08-17,2025-12-31
BBBY-WS,BBBY-WS,2026-08-14,2025-12-31
IPCX,IPCX,2026-08-14,2025-12-31
IPCXR,IPCXR,2026-08-14,2025-12-31
IPCXU,IPCXU,2026-08-14,2025-12-31
LIDRW,LIDRW,2026-08-14,2025-12-31
ANSCW,ANSCW,2026-08-12,2025-12-31
MNTSW,MNTSW,2026-08-11,2025-12-31
BKSY-WS,BKSY-WS,2026-08-10,2025-12-31
AXIA,AXIA,2026-08-07,2025-12-31
MVO,MVO,2026-08-07,2025-12-31
SRZNW,SRZNW,2026-08-07,2025-12-31
EA,EA,2026-08-04,2025-12-31
IMRA,IMRA,2026-07-31,2025-12-31
LPRO,LPRO,2026-07-31,2025-12-31
ORLA,ORLA,2022-12-30,2025-12-31
SKYT,SKYT,2026-07-31,2025-12-31
WAVS,WAVS,2026-07-28,2025-02-14
CCIXW,CCIXW,2026-07-27,2025-12-31
RSVRW,RSVRW,2026-07-27,2025-12-31
KORE,KORE,2026-07-24,2025-12-31
TMHC,TMHC,2026-07-24,2025-12-31
TONTU,TONTU,2026-07-24,2025-12-31
VLN-WS,VLN-WS,2026-07-24,2025-12-31
CELUW,CELUW,2026-07-23,2025-12-31
MVSTW,MVSTW,2026-07-23,2025-12-31
CCRN,CCRN,2026-07-22,2025-12-31
NSA,NSA,2026-07-22,2025-12-31
WGSWW,WGSWW,2026-07-22,2025-12-31
FFAIW,FFAIW,2026-07-21,2025-12-31
NFBK,NFBK,2026-07-21,2025-12-31
PCSC,PCSC,2026-07-21,2025-12-31
FGMCR,FGMCR,2026-07-20,2025-12-31
FGMCU,FGMCU,2023-08-25,2025-12-31
APM,APM,2026-07-17,2025-12-31
EVLVW,EVLVW,2026-07-17,2025-12-31
ODV,ODV,2022-12-30,2025-12-31
UBXG,UBXG,2026-07-17,2025-12-31
CPRX,CPRX,2026-07-16,2025-12-31
GTLS,GTLS,2026-07-16,2025-12-31
NUVL,NUVL,2026-07-16,2025-12-31
QTEXW,QTEXW,2026-07-16,2025-12-31
RQI-R,RQI-R,2026-07-15,2020-02-12
EEX,EEX,2026-07-14,2025-12-31
WSR,WSR,2026-07-14,2025-12-31
XOMA,XOMA,2026-07-14,2025-12-31
ESPR,ESPR,2026-07-13,2025-12-31
SVACW,SVACW,2026-07-10,2025-12-31
TBRG,TBRG,2026-07-10,2025-12-31
TE-WS,TE-WS,2026-07-09,2025-12-31
KLTO,KLTO,2026-07-08,2025-12-31
MSW,MSW,2026-07-08,2025-12-31
OLPX,OLPX,2026-07-08,2025-12-31
CWAN,CWAN,2026-07-02,2025-12-31
EVGOW,EVGOW,2026-07-02,2025-12-31
LIXT,LIXT,2026-07-02,2025-12-31
NIXXW,NIXXW,2026-07-02,2025-12-31
PRA,PRA,2026-07-02,2025-12-31
RAAQ,RAAQ,2026-07-02,2025-12-31
RAAQU,RAAQU,2026-07-02,2025-12-31
RAAQW,RAAQW,2026-07-02,2025-12-31
BLD,BLD,2026-07-01,2025-12-31
CIRC,CIRC,2026-07-01,2023-12-15
GWH-WS,GWH-WS,2026-07-01,2025-12-31
JHG,JHG,2026-07-01,2025-12-31
SEM,SEM,2026-07-01,2025-12-31
SILA,SILA,2026-07-01,2025-12-31
STEL,STEL,2022-10-06,2025-12-31
TPTA,TPTA,2026-07-01,2025-12-31
WTO,WTO,2026-07-01,2025-12-31
TBLAW,TBLAW,2026-06-30,2025-12-31
LBYAV,LBYAV,2026-06-29,2024-11-12
LBYKV,LBYKV,2026-06-29,2024-11-12
VSNTV,VSNTV,2026-06-29,2025-12-31
ICPT,ICPT,2026-06-26,2023-11-08
PITA,PITA,2026-06-26,2025-04-28
CNTA,CNTA,2026-06-25,2025-12-31
LANV-WS,LANV-WS,2026-06-25,2023-03-28
ORGNW,ORGNW,2026-06-24,2025-12-31
ECHO,ECHO,2026-06-23,2025-12-31
LOKVU,LOKVU,2026-06-23,2025-12-31
LOKV,LOKV,2026-06-22,2025-12-31
MYPSW,MYPSW,2026-06-18,2025-12-31
SKLZ,SKLZ,2026-06-18,2025-12-31
ASRT,ASRT,2026-06-17,2025-12-31
KW,KW,2026-06-16,2025-12-31
HSPT,HSPT,2026-06-15,2025-12-31
HSPTR,HSPTR,2026-06-15,2025-12-31
HSPTU,HSPTU,2026-06-15,2025-12-31
FCRX,FCRX,2026-06-12,2025-12-31
KALV,KALV,2026-06-12,2025-12-31
MLAC,MLAC,2023-06-16,2025-12-31
MLACR,MLACR,2026-06-11,2025-12-31
MLACU,MLACU,2023-06-16,2025-12-31
QSIAW,QSIAW,2026-06-11,2025-12-31
VACH,VACH,2026-06-11,2025-12-31
VACHU,VACHU,2026-06-11,2025-12-31
VACHW,VACHW,2026-06-11,2025-12-31
MASI,MASI,2026-06-10,2025-12-31
KPLTW,KPLTW,2026-06-09,2025-12-31
LEGT,LEGT,2026-06-09,2025-12-31
LEGT-U,LEGT-U,2026-06-09,2025-12-31
LEGT-WS,LEGT-WS,2026-06-09,2025-12-31
CGCTU,CGCTU,2026-06-08,2025-12-31
FONR,FONR,2026-06-05,2025-12-31
NXPLW,NXPLW,2026-06-03,2025-12-31
FFIC,FFIC,2026-06-01,2025-12-31
ACII,ACII,2026-09-25,2022-12-01
AEHA,AEHA,2026-05-28,2025-12-31
AERTW,AERTW,2026-09-25,2023-11-09
AHRT,AHRT,2026-09-25,2025-12-31
AMWD,AMWD,2026-05-28,2025-12-31
ARMH,ARMH,2026-05-28,2025-04-23
AVHI,AVHI,2026-05-28,2024-09-16
BHAC,BHAC,2026-05-28,2025-02-21
BNH,BNH,2026-05-28,2022-12-16
CANOQ,CANOQ,2026-05-28,2024-02-06
CAS,CAS,2026-05-28,2022-06-07
CNGL,CNGL,2026-05-28,2024-07-29
CPAAW,CPAAW,2026-05-28,2025-10-28
CRACU,CRACU,2026-05-28,2025-12-31
CVGW,CVGW,2026-05-28,2025-12-31
EDR,EDR,2026-05-28,2025-03-21
ENCP,ENCP,2026-05-28,2025-11-12
FLNA,FLNA,2026-09-25,2025-12-31
GLACR,GLACR,2026-05-28,2025-04-04
GLACU,GLACU,2026-05-28,2025-04-04
GPAC,GPAC,2026-05-28,2024-07-08
GSOL,GSOL,2026-05-28,2025-10-29
INFA,INFA,2026-05-28,2025-11-17
LIPO,LIPO,2026-05-28,2025-10-16
LTCH,LTCH,2026-05-28,2024-04-01
MGAM,MGAM,2026-05-28,2024-05-06
MVRK,MVRK,2026-05-28,2025-12-31
NPWR-WS,NPWR-WS,2026-09-25,2023-06-09
OPTXW,OPTXW,2026-05-28,2023-11-09
PHXM,PHXM,2026-05-28,2023-07-06
PRST,PRST,2026-05-28,2024-09-16
PSQH-WS,PSQH-WS,2026-09-25,2023-07-21
RAIN,RAIN,2026-05-28,2024-01-26
SLGC,SLGC,2026-05-28,2024-01-05
SLGCW,SLGCW,2026-05-28,2024-01-05
SOQ,SOQ,2026-05-28,2025-12-31
SPWR,SPWR,2026-05-28,2024-08-30
STEC,STEC,2026-05-28,2025-12-23
STGC,STGC,2026-05-28,2025-09-24
STRD,STRD,2026-05-28,2025-06-11
TLSIW,TLSIW,2026-05-28,2023-10-05
TMH,TMH,2026-05-28,2025-04-23
UNAMQ,UNAMQ,2026-05-28,2025-01-23
VRE,VRE,2026-05-26,2025-12-31
GIG,GIG,2026-05-22,2025-12-31
GIGGW,GIGGW,2026-05-22,2025-12-31
NRXPW,NRXPW,2026-05-22,2025-12-31
USGOW,USGOW,2026-05-22,2025-12-31
DTSTW,DTSTW,2026-05-19,2025-12-31
ECCW,ECCW,2026-05-19,2025-12-31
ECCX,ECCX,2026-05-19,2025-12-31
MCW,MCW,2026-05-19,2025-12-31
SLNO,SLNO,2026-05-19,2025-12-31
CAEP,CAEP,2026-05-15,2025-12-31
FORA,FORA,2026-05-15,2025-12-31
LGCB,LGCB,2026-05-15,2025-12-31
ZBAI,ZBAI,2026-05-15,2025-12-31
APLS,APLS,2026-05-14,2025-12-31
CSGS,CSGS,2026-05-14,2025-12-31
EHAB,EHAB,2026-05-14,2025-12-31
MPX,MPX,2026-05-14,2025-12-31
SNCY,SNCY,2026-05-13,2025-12-31
TPH,TPH,2026-05-13,2025-12-31
RVYL,RVYL,2026-05-12,2025-12-31
KZR,KZR,2026-05-11,2025-12-31
UDMY,UDMY,2026-05-11,2025-12-31
CTLP,CTLP,2026-05-08,2025-12-31
EWCZ,EWCZ,2026-05-08,2025-12-31
WLAC,WLAC,2026-05-08,2025-12-31
WLACU,WLACU,2026-05-08,2025-12-31
WLACW,WLACW,2026-05-08,2025-12-31
CUK,CUK,2026-05-07,2025-12-31
SRTAW,SRTAW,2026-05-07,2025-12-31
CTRA,CTRA,2026-05-06,2025-12-31
PKST,PKST,2026-05-06,2025-12-31
FARM,FARM,2026-05-05,2025-12-31
TERN,TERN,2026-05-05,2025-12-31
UHG,UHG,2026-05-05,2025-12-31
UHGWW,UHGWW,2026-05-05,2025-12-31
GAINN,GAINN,2018-08-30,2025-12-31
CWEN-A,CWEN-A,2026-05-01,2025-12-31
GDEN,GDEN,2026-05-01,2025-12-31
LNKB,LNKB,2026-05-01,2025-12-31
RCB,RCB,2026-05-01,2025-12-31
STKL,STKL,2026-05-01,2025-12-31
EM,EM,2012-11-09,2025-12-31
ETHM,ETHM,2026-04-30,2025-12-31
ETHMW,ETHMW,2026-04-30,2025-12-31
NXG-R,NXG-R,2026-04-30,2025-08-12
OCCIO,OCCIO,2026-04-29,2025-12-31
SEMR,SEMR,2026-04-28,2025-12-31
COEPW,COEPW,2026-04-27,2025-12-31
FOLD,FOLD,2026-04-27,2025-12-31
BTFL,BTFL,2026-04-24,2025-12-31
DAWN,DAWN,2026-04-23,2025-12-31
DHIL,DHIL,2026-04-22,2025-12-31
GAB-R,GAB-R,2026-04-21,2021-07-13
MRCC,MRCC,2026-04-21,2025-12-31
PERF-WS,PERF-WS,2022-10-28,2025-12-31
NHS-R,NHS-R,2026-04-14,2023-06-20
ZGM,ZGM,2026-04-13,2025-12-31
SEE,SEE,2026-04-09,2025-12-31
HYAC,HYAC,2026-04-08,2025-12-31
HYAC-WS,HYAC-WS,2026-04-09,2023-09-15
HOLX,HOLX,2026-04-07,2025-12-31
INVZW,INVZW,2026-04-07,2025-12-31
SWKH,SWKH,2026-04-07,2025-12-31
EICC,EICC,2026-04-02,2025-12-31
FFWM,FFWM,2026-04-01,2025-12-31
ONTF,ONTF,2026-04-01,2025-12-31
VCICU,VCICU,2026-04-01,2025-12-31
VCICW,VCICW,2026-04-01,2025-12-31
BBU,BBU,2026-03-31,2025-12-31
TFSA,TFSA,2026-03-31,2025-12-31
CHAC,CHAC,2026-03-27,2025-12-31
CHACR,CHACR,2026-03-27,2025-12-31
CHACU,CHACU,2026-03-27,2025-12-31
VIVO,VIVO,2026-03-27,2025-12-31
DVS,DVS,2026-03-26,2025-12-31
NOTE-WS,NOTE-WS,2026-03-26,2025-12-31
PELI,PELI,2026-03-26,2025-12-31
PELIU,PELIU,2026-03-26,2025-12-31
DTCK,DTCK,2026-03-25,2025-12-31
CELT,CELT,2026-03-24,2025-12-31
EXAS,EXAS,2026-03-24,2025-12-31
CMLSQ,CMLSQ,2026-03-20,2025-12-31
NGD,NGD,2026-03-20,2025-12-31
TGNA,TGNA,2026-03-20,2025-12-31
NVVEW,NVVEW,2026-03-19,2025-12-31
BACQR,BACQR,2026-03-17,2025-12-31
CFLT,CFLT,2026-03-17,2025-12-31
BACQ,BACQ,2026-03-16,2025-12-31
IROQ,IROQ,2026-03-16,2025-12-31
SGN,SGN,2026-03-16,2025-12-31
ALEX,ALEX,2026-03-12,2025-12-31
DC-WS,DC-WS,2026-03-12,2025-12-31
AEVAW,AEVAW,2026-03-11,2025-12-31
FTEL,FTEL,2026-03-11,2025-12-31
KLTOW,KLTOW,2026-03-11,2025-12-31
OUSTZ,OUSTZ,2026-03-11,2025-12-31
CRESW,CRESW,2026-03-10,2025-12-31
EB,EB,2026-03-10,2025-12-31
FTW-U,FTW-U,2026-03-05,2025-12-31
RAPT,RAPT,2026-03-04,2025-12-31
VTYX,VTYX,2026-03-04,2025-12-31
MBCN,MBCN,2026-03-03,2025-12-31
RNAM,RNAM,2026-03-03,2015-02-11
NETX,NETX,2026-03-02,2025-12-31
BCTXW,BCTXW,2026-02-27,2025-12-31
RYI,RYI,2026-02-23,2025-12-31
AMPGW,AMPGW,2026-02-18,2025-12-31
AUUDW,AUUDW,2026-02-18,2025-12-31
CCCXU,CCCXU,2026-02-13,2025-12-31
SOHO,SOHO,2026-02-13,2025-12-31
AVDL,AVDL,2026-02-12,2025-12-31
NUVB-WS,NUVB-WS,2022-12-23,2025-12-31
CYBR,CYBR,2026-02-11,2025-12-31
DVAX,DVAX,2026-02-11,2025-12-31
THS,THS,2026-02-11,2025-12-31
HI,HI,2026-02-10,2025-12-31
GBIO,GBIO,2026-02-09,2025-12-31
DFNS,DFNS,2026-02-06,2025-12-31
EXEEL,EXEEL,2026-02-06,2025-12-31
EXEEW,EXEEW,2026-02-06,2025-12-31
EXEEZ,EXEEZ,2026-02-06,2025-12-31
LMND-WS,LMND-WS,2026-02-05,2025-12-31
DAY,DAY,2026-02-03,2025-12-31
FSFG,FSFG,2026-02-02,2025-12-31
PCH,PCH,2026-02-02,2025-12-31
CADE,CADE,2021-10-28,2025-12-31
CMA,CMA,2026-01-30,2025-12-31
JAMF,JAMF,2026-01-30,2025-12-31
CIVI,CIVI,2019-04-02,2025-12-31
ECCF,ECCF,2026-01-29,2025-12-31
RPTX,RPTX,2026-01-28,2025-12-31
SHCO,SHCO,2026-01-28,2025-12-31
ABXL,ABXL,2026-09-25,2025-12-31
PLYM,PLYM,2026-01-27,2025-12-31
ATXS,ATXS,2026-01-23,2025-12-31
RELI,RELI,2026-01-23,2025-12-31
RELIW,RELIW,2026-01-23,2025-12-31
GES,GES,2026-01-22,2025-12-31
FYBR,FYBR,2026-01-20,2025-12-31
SMLR,SMLR,2026-01-16,2025-12-31
VSSYW,VSSYW,2026-01-16,2025-12-31
BFLY-WS,BFLY-WS,2026-01-13,2025-12-31
