date,year,horizon,model,long_after_swap,short_after_swap,cancelled_overlap,original_net,swapped_net,swapped_minus_original
2016-03-31,2016,20,price_weak,10,10,0,-0.03816487028804062,0.03232925384968445,0.07049412413772507
2016-03-31,2016,20,accrual_weak,5,10,0,-0.004894336891765422,0.0005176245629982951,0.005411961454763717
2016-03-31,2016,20,cashburn_weak,3,10,0,-0.015780360586622372,0.011987209901690863,0.027767570488313235
2016-03-31,2016,20,cashburn_rebound,1,10,0,-0.002031992488143003,-0.0011775965529528891,0.0008543959351901137
2016-03-31,2016,20,residual_rally,10,10,0,-0.04003408936558825,0.03419847292723208,0.07423256229282033
2016-03-31,2016,5,price_weak,10,10,0,-0.018238268352755153,0.01527936424316611,0.03351763259592126
2016-03-31,2016,5,accrual_weak,5,10,0,0.0018785699664705363,-0.004097748048662319,-0.0059763180151328555
2016-03-31,2016,5,cashburn_weak,3,10,0,-0.007796603258121801,0.0058733155868889225,0.013669918845010724
2016-03-31,2016,5,cashburn_rebound,1,10,0,-0.0013014183150208108,-0.00032597894525316295,0.0009754393697676479
2016-03-31,2016,5,residual_rally,10,10,0,-0.022040808155808445,0.0190819040462194,0.041122712202027845
2016-04-28,2016,20,price_weak,10,10,0,0.006912600310698971,-0.012748216749055139,-0.01966081705975411
2016-04-28,2016,20,accrual_weak,10,10,0,0.012154229153022701,-0.01798984559137887,-0.03014407474440157
2016-04-28,2016,20,cashburn_weak,3,10,0,0.0026477926235132514,-0.00644094330844476,-0.009088735931958011
2016-04-28,2016,20,cashburn_rebound,0,10,0,0.0036479645138884687,-0.006565772733066552,-0.010213737246955021
2016-04-28,2016,20,residual_rally,10,10,0,0.05175708066810456,-0.057592697106460734,-0.1093497777745653
2016-04-28,2016,5,price_weak,10,10,0,-0.00916323989219126,0.006204335782602216,0.015367575674793476
2016-04-28,2016,5,accrual_weak,10,10,0,0.0063431579630448985,-0.009302062072633944,-0.015645220035678843
2016-04-28,2016,5,cashburn_weak,3,10,0,-0.005100034470825385,0.0031767467995925057,0.00827678127041789
2016-04-28,2016,5,cashburn_rebound,0,10,0,-0.011581232193353691,0.010101780138559169,0.02168301233191286
2016-04-28,2016,5,residual_rally,10,10,0,0.02142703333172639,-0.024385937441315435,-0.045812970773041826
2016-05-26,2016,20,price_weak,10,10,0,-0.011193689479591384,0.0052210867398653545,0.016414776219456736
2016-05-26,2016,20,accrual_weak,9,10,0,0.003249495545618278,-0.008923468148358005,-0.012172963693976283
2016-05-26,2016,20,cashburn_weak,2,10,0,-0.017493971658679417,0.0139104100148438,0.03140438167352322
2016-05-26,2016,20,cashburn_rebound,2,10,0,-0.017493971658679417,0.0139104100148438,0.03140438167352322
2016-05-26,2016,20,residual_rally,10,10,0,-0.025234890091144123,0.019262287351418095,0.04449717744256222
2016-05-26,2016,5,price_weak,10,10,0,0.0028962297183459753,-0.005992120129304881,-0.008888349847650856
2016-05-26,2016,5,accrual_weak,9,10,0,0.0014077686872964647,-0.004348864577707426,-0.005756633265003891
2016-05-26,2016,5,cashburn_weak,2,10,0,0.00026321599852445373,-0.0021207502450997975,-0.0023839662436242514
2016-05-26,2016,5,cashburn_rebound,2,10,0,0.00026321599852445373,-0.0021207502450997975,-0.0023839662436242514
2016-05-26,2016,5,residual_rally,10,10,0,-0.011974824430135315,0.008878934019176407,0.02085375844931172
2016-06-24,2016,20,price_weak,10,10,0,-0.03156643661441507,0.025593833874689047,0.05716027048910412
2016-06-24,2016,20,accrual_weak,10,10,0,-0.03508514548429052,0.029112542744564502,0.06419768822885502
2016-06-24,2016,20,cashburn_weak,7,10,0,-0.013955469862748409,0.008878757533981286,0.022834227396729696
2016-06-24,2016,20,cashburn_rebound,0,10,0,0.022550264089654003,-0.02553656545951702,-0.048086829549171026
2016-06-24,2016,20,residual_rally,9,9,1,-0.019175837211936674,0.013800494746183254,0.03297633195811993
2016-06-24,2016,5,price_weak,10,10,0,-0.0025910460628721156,-9.388544397720411e-05,0.0024971606188949115
2016-06-24,2016,5,accrual_weak,10,10,0,-0.0057942470493621,0.0031093155425127804,0.008903562591874881
2016-06-24,2016,5,cashburn_weak,7,10,0,-0.001335499550392466,-0.0009466922304294523,0.0003888073199630137
2016-06-24,2016,5,cashburn_rebound,0,10,0,0.023952746245974987,-0.025295211999399648,-0.04924795824537463
2016-06-24,2016,5,residual_rally,9,9,1,0.01371282581395435,-0.016129264170118736,-0.029842089984073086
2016-07-25,2016,20,price_weak,10,10,0,-0.0011535220834149123,-0.004682094354941255,-0.0035285722715263424
2016-07-25,2016,20,accrual_weak,3,10,0,0.00562243006041106,-0.009415580745342569,-0.015038010805753628
2016-07-25,2016,20,cashburn_weak,1,10,0,0.013661207263041097,-0.01687079630413699,-0.030532003567178088
2016-07-25,2016,20,cashburn_rebound,0,10,0,0.016237896336799357,-0.01915570455597744,-0.035393600892776794
2016-07-25,2016,20,residual_rally,10,10,0,0.0007955328983822535,-0.00663114933673842,-0.007426682235120674
2016-07-25,2016,5,price_weak,10,10,0,0.001255263051927425,-0.004214167161516468,-0.005469430213443894
2016-07-25,2016,5,accrual_weak,3,10,0,0.00021172928168874673,-0.002135016952921625,-0.0023467462346103717
2016-07-25,2016,5,cashburn_weak,1,10,0,0.0013762162012794094,-0.003003613461553383,-0.004379829662832792
2016-07-25,2016,5,cashburn_rebound,0,10,0,0.003320112401155079,-0.0047995644559496,-0.008119676857104678
2016-07-25,2016,5,residual_rally,10,10,0,-2.523690468547654e-05,-0.0029336672049035664,-0.00290843030021809
2016-08-22,2016,20,price_weak,10,10,0,0.007272833816499141,-0.013245436556225171,-0.02051827037272431
2016-08-22,2016,20,accrual_weak,10,10,0,0.009295513315716843,-0.01526811605544287,-0.024563629371159714
2016-08-22,2016,20,cashburn_weak,3,10,0,0.007876519838814622,-0.011758711619636542,-0.019635231458451162
2016-08-22,2016,20,cashburn_rebound,0,10,0,-0.005114296439689825,0.00212799506982681,0.007242291509516635
2016-08-22,2016,20,residual_rally,9,9,1,0.009072341768744992,-0.01444768423449842,-0.023520026003243412
2016-08-22,2016,5,price_weak,10,10,0,0.004492623561112747,-0.00745152767070179,-0.011944151231814536
2016-08-22,2016,5,accrual_weak,10,10,0,0.00568034793987235,-0.008639252049461393,-0.014319599989333742
2016-08-22,2016,5,cashburn_weak,3,10,0,0.004579156875934506,-0.006502444547167386,-0.011081601423101892
2016-08-22,2016,5,cashburn_rebound,0,10,0,0.003826877297753911,-0.0053063293525484325,-0.009133206650302345
2016-08-22,2016,5,residual_rally,9,9,1,0.009263435830859115,-0.011926449529489255,-0.021189885360348368
2016-09-20,2016,20,price_weak,10,10,0,-0.02654508369384324,0.020709467255487078,0.047254550949330315
2016-09-20,2016,20,accrual_weak,10,10,0,-0.0244227684111843,0.018587151972828134,0.04300992038401243
2016-09-20,2016,20,cashburn_weak,7,10,0,-0.024384524523287775,0.019424250550685033,0.04380877507397281
2016-09-20,2016,20,cashburn_rebound,1,10,0,-0.022984764403066932,0.01977517536197104,0.042759939765037974
2016-09-20,2016,20,residual_rally,8,8,2,-0.010116636889461204,0.00544814373877627,0.015564780628237474
2016-09-20,2016,5,price_weak,10,10,0,-0.005935953975652102,0.002977049866063059,0.008913003841715162
2016-09-20,2016,5,accrual_weak,10,10,0,-0.01248525441692167,0.009526350307332626,0.022011604724254296
2016-09-20,2016,5,cashburn_weak,7,10,0,-0.009304873265421268,0.00678980477227058,0.016094678037691847
2016-09-20,2016,5,cashburn_rebound,1,10,0,-0.0033029417794879804,0.0016755445192140066,0.0049784862987019875
2016-09-20,2016,5,residual_rally,8,8,2,-0.016527036294221913,0.014159913006550678,0.030686949300772592
2016-10-18,2016,20,price_weak,10,10,0,0.001762908473202493,-0.00759852491155866,-0.009361433384761152
2016-10-18,2016,20,accrual_weak,10,10,0,0.012339988168253237,-0.018175604606609407,-0.030515592774862644
2016-10-18,2016,20,cashburn_weak,6,10,0,0.0076841219337786485,-0.012352615084463583,-0.020036737018242233
2016-10-18,2016,20,cashburn_rebound,4,10,0,0.023894179304109992,-0.027979110810959308,-0.051873290115069304
2016-10-18,2016,20,residual_rally,10,10,0,-0.03666218060129044,0.030826564162934268,0.0674887447642247
2016-10-18,2016,5,price_weak,10,10,0,0.0025816800584298914,-0.005540584168018935,-0.008122264226448826
2016-10-18,2016,5,accrual_weak,10,10,0,0.0023438376798619264,-0.0053027417894509704,-0.007646579469312896
2016-10-18,2016,5,cashburn_weak,6,10,0,0.010873132066881008,-0.013240255354552245,-0.024113387421433253
2016-10-18,2016,5,cashburn_rebound,4,10,0,0.007085811244628687,-0.009157044121341018,-0.016242855365969706
2016-10-18,2016,5,residual_rally,10,10,0,-0.010252270682094467,0.007293366572505422,0.01754563725459989
2016-11-15,2016,20,price_weak,10,10,0,0.014266779608249552,-0.020239382347975583,-0.034506161956225134
2016-11-15,2016,20,accrual_weak,6,10,0,0.0014039386061224569,-0.0061820207979032815,-0.007585959404025738
2016-11-15,2016,20,cashburn_weak,5,10,0,-0.0005974832037780736,-0.0038819688510164487,-0.003284485647238375
2016-11-15,2016,20,cashburn_rebound,2,10,0,0.01666179426287864,-0.02024535590671426,-0.036907150169592895
2016-11-15,2016,20,residual_rally,10,10,0,0.01933202621461606,-0.02530462895434209,-0.04463665516895815
2016-11-15,2016,5,price_weak,10,10,0,-0.002542073704746922,-0.0004168304048421209,0.0021252432999048013
2016-11-15,2016,5,accrual_weak,6,10,0,0.007799162189557318,-0.010166285477228552,-0.017965447666785872
2016-11-15,2016,5,cashburn_weak,5,10,0,0.008126794125041173,-0.010345972207232955,-0.018472766332274126
2016-11-15,2016,5,cashburn_rebound,2,10,0,0.0030333264731364053,-0.004808668938889831,-0.007841995412026237
2016-11-15,2016,5,residual_rally,10,10,0,-0.0029146770371164033,-4.422707247263985e-05,0.0028704499646437635
2016-12-14,2016,20,price_weak,10,10,0,-0.01372061246715732,0.007611023426061428,0.021331635893218747
2016-12-14,2016,20,accrual_weak,3,10,0,0.0023169709848273106,-0.00628820386153964,-0.00860517484636695
2016-12-14,2016,20,cashburn_weak,2,10,0,-0.004369182073406266,0.0007034286487487302,0.005072610722154996
2016-12-14,2016,20,cashburn_rebound,1,10,0,0.002774366259337332,-0.006134640231940072,-0.008909006491277405
2016-12-14,2016,20,residual_rally,10,10,0,-0.001228276041086325,-0.004881313000009565,-0.0036530369589232404
2016-12-14,2016,5,price_weak,10,10,0,0.007330574986943091,-0.010289479096532134,-0.017620054083475223
2016-12-14,2016,5,accrual_weak,3,10,0,0.010121396633178473,-0.012044684304411352,-0.022166080937589823
2016-12-14,2016,5,cashburn_weak,2,10,0,0.00967115956095721,-0.011446502026710636,-0.021117661587667848
2016-12-14,2016,5,cashburn_rebound,1,10,0,0.009953606611455109,-0.011581003871729084,-0.021534610483184193
2016-12-14,2016,5,residual_rally,10,10,0,0.002537422391112077,-0.0054963265007011205,-0.008033748891813196
2017-01-13,2017,20,price_weak,10,10,0,0.00901396354835928,-0.014849579986715447,-0.02386354353507473
2017-01-13,2017,20,accrual_weak,6,10,0,0.018828823107553325,-0.023497316258238258,-0.04232613936579158
2017-01-13,2017,20,cashburn_weak,1,10,0,0.01676338549830985,-0.019972974539405743,-0.03673636003771559
2017-01-13,2017,20,cashburn_rebound,0,10,0,0.01908581840087975,-0.022003626620057833,-0.04108944502093759
2017-01-13,2017,20,residual_rally,9,9,1,-0.015955176655511126,0.010703121860990572,0.0266582985165017
2017-01-13,2017,5,price_weak,10,10,0,0.0039035184459985496,-0.006862422555587594,-0.010765941001586144
2017-01-13,2017,5,accrual_weak,6,10,0,0.005013460375190349,-0.007380583662861584,-0.012394044038051933
2017-01-13,2017,5,cashburn_weak,1,10,0,0.005105074895595538,-0.006732472155869512,-0.011837547051465051
2017-01-13,2017,5,cashburn_rebound,0,10,0,0.004345019243074133,-0.0058244712978686546,-0.010169490540942787
2017-01-13,2017,5,residual_rally,9,9,1,-0.00035824486521436605,-0.002304768833415774,-0.0019465239682014079
2017-02-13,2017,20,price_weak,10,10,0,0.007873784010241126,-0.013846386749967155,-0.021720170760208282
2017-02-13,2017,20,accrual_weak,7,10,0,0.01540832153526187,-0.020485033864028994,-0.035893355399290866
2017-02-13,2017,20,cashburn_weak,1,10,0,0.019367282003567965,-0.02265221351041728,-0.04201949551398525
2017-02-13,2017,20,cashburn_rebound,1,10,0,0.019367282003567965,-0.02265221351041728,-0.04201949551398525
2017-02-13,2017,20,residual_rally,10,10,0,0.022425622781201554,-0.028398225520927585,-0.05082384830212914
2017-02-13,2017,5,price_weak,10,10,0,-0.0014496296800190073,-0.0016462607309398983,-0.00019663105092089105
2017-02-13,2017,5,accrual_weak,7,10,0,-0.001968404622113222,-0.0006631022272018464,0.0013053023949113757
2017-02-13,2017,5,cashburn_weak,1,10,0,0.005154651925415011,-0.006857391651442409,-0.01201204357685742
2017-02-13,2017,5,cashburn_rebound,1,10,0,0.005154651925415011,-0.006857391651442409,-0.01201204357685742
2017-02-13,2017,5,residual_rally,10,10,0,-0.002840179903035975,-0.00025571050792293074,0.002584469395113044
2017-03-14,2017,20,price_weak,10,10,0,-0.00890521086046879,0.003069594422112623,0.011974805282581413
2017-03-14,2017,20,accrual_weak,10,10,0,0.014067783056615633,-0.0199033994949718,-0.03397118255158743
2017-03-14,2017,20,cashburn_weak,6,10,0,-0.012257836741040945,0.00758934359035601,0.019847180331396954
2017-03-14,2017,20,cashburn_rebound,0,10,0,0.006664939465718745,-0.009582747684896828,-0.016247687150615572
2017-03-14,2017,20,residual_rally,9,9,1,0.00023828505340234423,-0.005490339847922895,-0.00572862490132524
2017-03-14,2017,5,price_weak,10,10,0,0.001610652271328562,-0.004569556380917604,-0.0061802086522461655
2017-03-14,2017,5,accrual_weak,10,10,0,0.006423287058618728,-0.00938219116820777,-0.0158054782268265
2017-03-14,2017,5,cashburn_weak,6,10,0,-0.002928975780099391,0.000561852492428156,0.003490828272527547
2017-03-14,2017,5,cashburn_rebound,0,10,0,0.0003007884756707881,-0.0017802405304653095,-0.0020810290061360976
2017-03-14,2017,5,residual_rally,9,9,1,0.007560878708820565,-0.010223892407450705,-0.017784771116271268
2017-04-11,2017,20,price_weak,10,10,0,-0.006906197942478737,0.0009335952027527087,0.007839793145231446
2017-04-11,2017,20,accrual_weak,10,10,0,-0.023134588766316588,0.01716198602659056,0.040296574792907144
2017-04-11,2017,20,cashburn_weak,1,10,0,-0.006832543135371185,0.00354761162852187,0.010380154763893056
2017-04-11,2017,20,cashburn_rebound,0,10,0,-0.0027529493332979884,-0.00023335203656502508,0.0025195972967329634
2017-04-11,2017,20,residual_rally,9,9,1,-0.006834642978012925,0.001459300512259501,0.008293943490272427
2017-04-11,2017,5,price_weak,10,10,0,0.007648359972010325,-0.010744250382969231,-0.018392610354979556
2017-04-11,2017,5,accrual_weak,10,10,0,-0.012708319086565098,0.009612428675606192,0.02232074776217129
2017-04-11,2017,5,cashburn_weak,1,10,0,-0.001462644762318659,-0.0002400949637087391,0.00122254979860992
2017-04-11,2017,5,cashburn_rebound,0,10,0,-0.0007259387093852485,-0.0008220064960942043,-9.606778670895571e-05
2017-04-11,2017,5,residual_rally,9,9,1,0.002762642327148277,-0.005548943697011291,-0.008311586024159568
2017-05-10,2017,20,price_weak,10,10,0,0.03869364367554236,-0.04466624641526838,-0.08335989009081074
2017-05-10,2017,20,accrual_weak,10,10,0,0.028934274500935015,-0.03490687724066104,-0.06384115174159606
2017-05-10,2017,20,cashburn_weak,5,10,0,0.03344201179229578,-0.0379214638470903,-0.07136347563938608
2017-05-10,2017,20,cashburn_rebound,2,10,0,0.03788452981412928,-0.0414680914579649,-0.07935262127209418
2017-05-10,2017,20,residual_rally,10,10,0,0.02458779368997262,-0.03056039642969865,-0.05514819011967127
2017-05-10,2017,5,price_weak,10,10,0,-0.0012472123205150398,-0.0017116917890740047,-0.0004644794685589649
2017-05-10,2017,5,accrual_weak,10,10,0,-0.004602306629705759,0.0016434025201167157,0.006245709149822475
2017-05-10,2017,5,cashburn_weak,5,10,0,-0.002829550883982709,0.0006103728017909261,0.003439923685773635
2017-05-10,2017,5,cashburn_rebound,2,10,0,-0.0082473817090438,0.006472039243290373,0.014719420952334172
2017-05-10,2017,5,residual_rally,10,10,0,0.009336655813372712,-0.012295559922961757,-0.02163221573633447
2017-06-08,2017,20,price_weak,10,10,0,-0.02438586589112125,0.018413263151395222,0.04279912904251647
2017-06-08,2017,20,accrual_weak,5,10,0,-0.017095461483952475,0.012616009429157953,0.029711470913110428
2017-06-08,2017,20,cashburn_weak,3,10,0,-0.006582395972548155,0.0027002041917262355,0.009282600164274391
2017-06-08,2017,20,cashburn_rebound,0,10,0,-0.014216772793624394,0.011230471423761379,0.025447244217385773
2017-06-08,2017,20,residual_rally,10,10,0,-0.0005220443631569205,-0.005450558376569109,-0.004928514013412188
2017-06-08,2017,5,price_weak,10,10,0,-0.03760419959668117,0.03464529548709212,0.07224949508377329
2017-06-08,2017,5,accrual_weak,5,10,0,-0.028016858812995003,0.025797680730803223,0.05381453954379822
2017-06-08,2017,5,cashburn_weak,3,10,0,-0.023028497145800544,0.021105209474567666,0.04413370662036821
2017-06-08,2017,5,cashburn_rebound,0,10,0,-0.023466023608366204,0.02198657155357168,0.045452595161937885
2017-06-08,2017,5,residual_rally,10,10,0,0.0009313338743347054,-0.00389023798392375,-0.004821571858258456
2017-07-07,2017,20,price_weak,10,10,0,-0.04405868201617913,0.038497038180562694,0.08255572019674182
2017-07-07,2017,20,accrual_weak,10,10,0,-0.04403936050388056,0.03847771666826413,0.08251707717214468
2017-07-07,2017,20,cashburn_weak,5,10,0,-0.021792166193582534,0.017620933316870206,0.03941309951045274
2017-07-07,2017,20,cashburn_rebound,2,10,0,-0.024088550305014264,0.020751564003644397,0.04484011430865866
2017-07-07,2017,20,residual_rally,9,9,1,-0.035965094501947334,0.03095961504989254,0.06692470955183988
2017-07-07,2017,5,price_weak,10,10,0,-0.0048525996744930066,0.0021676681676436895,0.007020267842136696
2017-07-07,2017,5,accrual_weak,10,10,0,-0.019353176077068716,0.016668244570219398,0.03602142064728811
2017-07-07,2017,5,cashburn_weak,5,10,0,-0.009490731965180592,0.007477033335043605,0.016967765300224195
2017-07-07,2017,5,cashburn_rebound,2,10,0,-0.004012940427971193,0.002401981523861603,0.006414921951832795
2017-07-07,2017,5,residual_rally,9,9,1,-0.012989029976867794,0.010572591620703408,0.023561621597571202
2017-08-04,2017,20,price_weak,10,10,0,0.024985741406683255,-0.030547385242299697,-0.05553312664898295
2017-08-04,2017,20,accrual_weak,7,10,0,0.007017668001269279,-0.011745065261543255,-0.018762733262812532
2017-08-04,2017,20,cashburn_weak,3,10,0,0.0069114920875000775,-0.010526560580650764,-0.017438052668150843
2017-08-04,2017,20,cashburn_rebound,1,10,0,0.008398663716858672,-0.011457567826447714,-0.019856231543306388
2017-08-04,2017,20,residual_rally,10,10,0,0.00442764014184697,-0.009989283977463412,-0.014416924119310382
2017-08-04,2017,5,price_weak,10,10,0,0.006898884591812577,-0.009583816098661895,-0.016482700690474472
2017-08-04,2017,5,accrual_weak,7,10,0,0.0017562524117595818,-0.0040384441925815015,-0.0057946966043410835
2017-08-04,2017,5,cashburn_weak,3,10,0,-0.001625475405182493,-0.00011973007426956255,0.0015057453309129305
2017-08-04,2017,5,cashburn_rebound,1,10,0,-0.00415305889133971,0.002676346562572586,0.006829405453912296
2017-08-04,2017,5,residual_rally,10,10,0,0.008711856429050289,-0.011396787935899603,-0.02010864436494989
2017-09-01,2017,20,price_weak,10,10,0,0.0024921281304148973,-0.008327744568771066,-0.010819872699185964
2017-09-01,2017,20,accrual_weak,8,10,0,0.018326144718222494,-0.023578199512743047,-0.04190434423096554
2017-09-01,2017,20,cashburn_weak,2,10,0,0.0005251117307763897,-0.004026481593790094,-0.0045515933245664835
2017-09-01,2017,20,cashburn_rebound,0,10,0,0.021366171757398904,-0.02428397997657699,-0.045650151733975894
2017-09-01,2017,20,residual_rally,10,10,0,0.002980455821352157,-0.008816072259708329,-0.011796528081060485
2017-09-01,2017,5,price_weak,10,10,0,-0.011046554371621664,0.00808765026203262,0.019134204633654284
2017-09-01,2017,5,accrual_weak,8,10,0,-0.0014067036367401244,-0.0012563100618900142,0.0001503935748501102
2017-09-01,2017,5,cashburn_weak,2,10,0,-0.014743564398216707,0.01296822193246328,0.027711786330679986
2017-09-01,2017,5,cashburn_rebound,0,10,0,-0.0015497809359024338,7.032888110791208e-05,0.0016201098170103459
2017-09-01,2017,5,residual_rally,10,10,0,-0.004938306052885683,0.0019794019432966383,0.006917707996182321
2017-10-02,2017,20,price_weak,10,10,0,0.009039361161657497,-0.014874977600013665,-0.023914338761671164
2017-10-02,2017,20,accrual_weak,4,10,0,0.01080555720234391,-0.014890488709193225,-0.025696045911537135
2017-10-02,2017,20,cashburn_weak,0,10,0,0.0076737655646785365,-0.01059157378385662,-0.018265339348535158
2017-10-02,2017,20,cashburn_rebound,0,10,0,0.0076737655646785365,-0.01059157378385662,-0.018265339348535158
2017-10-02,2017,20,residual_rally,9,9,1,0.0009054669747456071,-0.006157521769266159,-0.0070629887440117655
2017-10-02,2017,5,price_weak,10,10,0,-0.002969565109637478,1.0661000048434525e-05,0.0029802261096859126
2017-10-02,2017,5,accrual_weak,4,10,0,-0.003426040678558512,0.001354807801846181,0.0047808484804046925
2017-10-02,2017,5,cashburn_weak,0,10,0,-0.00430718823187462,0.0028277361770800984,0.007134924408954718
2017-10-02,2017,5,cashburn_rebound,0,10,0,-0.00430718823187462,0.0028277361770800984,0.007134924408954718
2017-10-02,2017,5,residual_rally,9,9,1,-0.004175731763364861,0.001512718064734722,0.005688449828099584
2017-10-30,2017,20,price_weak,10,10,0,0.022824480162840926,-0.028797082902566957,-0.05162156306540788
2017-10-30,2017,20,accrual_weak,10,10,0,0.02508780171656373,-0.03106040445628976,-0.05614820617285349
2017-10-30,2017,20,cashburn_weak,4,10,0,0.03858002550640531,-0.04276084742421353,-0.08134087293061884
2017-10-30,2017,20,cashburn_rebound,3,10,0,0.03426300904911718,-0.038145200829939094,-0.07240820987905627
2017-10-30,2017,20,residual_rally,9,9,1,-0.0023853953408913024,-0.0029899471248621217,-0.0006045517839708193
2017-10-30,2017,5,price_weak,10,10,0,-0.0030201776506186217,6.127354102957727e-05,0.003081451191648199
2017-10-30,2017,5,accrual_weak,10,10,0,0.012889830750316439,-0.015848734859905483,-0.028738565610221922
2017-10-30,2017,5,cashburn_weak,4,10,0,0.006044180287300483,-0.008115413164012814,-0.014159593451313297
2017-10-30,2017,5,cashburn_rebound,3,10,0,0.005821296272641727,-0.007744583943874605,-0.013565880216516332
2017-10-30,2017,5,residual_rally,9,9,1,0.006751632606797361,-0.009414646305427501,-0.016166278912224864
2017-11-28,2017,20,price_weak,10,10,0,-0.01862311162551027,0.012650508885784239,0.03127362051129451
2017-11-28,2017,20,accrual_weak,5,10,0,3.6688069184268034e-05,-0.00451614012397879,-0.004552828193163058
2017-11-28,2017,20,cashburn_weak,4,10,0,-0.00026123714389101325,-0.003919584773917207,-0.0036583476300261933
2017-11-28,2017,20,cashburn_rebound,3,10,0,0.00942250377955743,-0.013304695560379349,-0.022727199339936777
2017-11-28,2017,20,residual_rally,10,10,0,-0.02583567930246029,0.019863076562734262,0.04569875586519455
2017-11-28,2017,5,price_weak,10,10,0,-0.01223974027453773,0.009280836164948686,0.021520576439486416
2017-11-28,2017,5,accrual_weak,5,10,0,-0.0068954221697391654,0.004676244087547383,0.011571666257286548
2017-11-28,2017,5,cashburn_weak,4,10,0,-0.002017824888069708,-5.340798864262239e-05,0.001964416899427086
2017-11-28,2017,5,cashburn_rebound,3,10,0,0.0011967504610669172,-0.0031200381322997956,-0.004316788593366713
2017-11-28,2017,5,residual_rally,10,10,0,-0.010109347103888427,0.007150442994299383,0.01725979009818781
2017-12-27,2017,20,price_weak,10,10,0,0.01875279392449548,-0.024862382965591366,-0.04361517689008684
2017-12-27,2017,20,accrual_weak,7,10,0,-0.000967276057242461,-0.0042258746276890415,-0.0032585985704465803
2017-12-27,2017,20,cashburn_weak,4,10,0,0.023863461066843044,-0.028140173395610164,-0.05200363446245321
2017-12-27,2017,20,cashburn_rebound,1,10,0,0.03128987862847337,-0.03465015260107611,-0.06594003122954947
2017-12-27,2017,20,residual_rally,10,10,0,-0.006828034543875333,0.0007184455027794467,0.007546480046654779
2017-12-27,2017,5,price_weak,10,10,0,-0.0024979444275778223,-0.0005979459833810839,0.0018999984441967384
2017-12-27,2017,5,accrual_weak,7,10,0,-0.011227692019868174,0.008596185170553102,0.019823877190421276
2017-12-27,2017,5,cashburn_weak,4,10,0,-0.00863613501513694,0.006469011727465704,0.015105146742602644
2017-12-27,2017,5,cashburn_rebound,1,10,0,-0.0006585356524860519,-0.001044204073541346,-0.0003856684210552941
2017-12-27,2017,5,residual_rally,10,10,0,-0.022837395251487615,0.01974150484052871,0.04257890009201633
2018-01-26,2018,20,price_weak,10,10,0,-0.010505590268673875,0.004532987528947848,0.015038577797621723
2018-01-26,2018,20,accrual_weak,6,10,0,-0.00209381211053484,-0.0026842700812459803,-0.0005904579707111403
2018-01-26,2018,20,cashburn_weak,5,10,0,-0.00886972738583711,0.004390275331042588,0.013260002716879698
2018-01-26,2018,20,cashburn_rebound,2,10,0,-0.016754965476887172,0.013171403833051553,0.029926369309938725
2018-01-26,2018,20,residual_rally,9,9,1,0.001310406944495425,-0.006685749410248851,-0.007996156354744276
2018-01-26,2018,5,price_weak,10,10,0,-0.013063197225993162,0.010378265719143845,0.023441462945137007
2018-01-26,2018,5,accrual_weak,6,10,0,-0.009676828359789938,0.007528883154310486,0.017205711514100424
2018-01-26,2018,5,cashburn_weak,5,10,0,-0.013249289964325279,0.011235591334188291,0.024484881298513568
2018-01-26,2018,5,cashburn_rebound,2,10,0,-0.016049335027025238,0.01443837612291565,0.030487711149940887
2018-01-26,2018,5,residual_rally,9,9,1,0.0007908507733842107,-0.003207289129548596,-0.003998139902932807
2018-02-26,2018,20,price_weak,10,10,0,0.03437148416162643,-0.040207100599982594,-0.07457858476160903
2018-02-26,2018,20,accrual_weak,10,10,0,0.013273221162222376,-0.019108837600578545,-0.032382058762800925
2018-02-26,2018,20,cashburn_weak,3,10,0,0.0041245203616114175,-0.007917671046542927,-0.012042191408154344
2018-02-26,2018,20,cashburn_rebound,2,10,0,0.004869583459240373,-0.008370953322254075,-0.013240536781494448
2018-02-26,2018,20,residual_rally,10,10,0,0.011551402653630357,-0.017387019091986526,-0.028938421745616883
2018-02-26,2018,5,price_weak,10,10,0,0.00011367096421389181,-0.0030725750738029357,-0.0031862460380168273
2018-02-26,2018,5,accrual_weak,10,10,0,-0.0035489248470618575,0.0005900207374728128,0.0041389455845346704
2018-02-26,2018,5,cashburn_weak,3,10,0,-0.0025779799633250194,0.0006546922920921405,0.00323267225541716
2018-02-26,2018,5,cashburn_rebound,2,10,0,-0.004821391431806182,0.0030460489660527556,0.007867440397858938
2018-02-26,2018,5,residual_rally,10,10,0,-0.008788586922183522,0.005829682812594478,0.014618269734777999
2018-03-26,2018,20,price_weak,10,10,0,0.004477106464990339,-0.010449709204716367,-0.014926815669706706
2018-03-26,2018,20,accrual_weak,10,10,0,0.004822410579219378,-0.010795013318945407,-0.015617423898164786
2018-03-26,2018,20,cashburn_weak,5,10,0,0.013553719076872259,-0.018033171131666782,-0.03158689020853904
2018-03-26,2018,20,cashburn_rebound,0,10,0,0.003636735057592028,-0.006623036427455042,-0.01025977148504707
2018-03-26,2018,20,residual_rally,9,9,1,-0.029513871489119815,0.02413852902336639,0.05365240051248621
2018-03-26,2018,5,price_weak,10,10,0,-0.020498508648316347,0.01740261823735744,0.03790112688567379
2018-03-26,2018,5,accrual_weak,10,10,0,-0.01664775409833337,0.013551863687374464,0.030199617785707834
2018-03-26,2018,5,cashburn_weak,5,10,0,-0.0039817945072173734,0.0016598766989981944,0.005641671206215568
2018-03-26,2018,5,cashburn_rebound,0,10,0,-0.015472087460225409,0.013924142254745956,0.029396229714971363
2018-03-26,2018,5,residual_rally,9,9,1,-0.01734226117136784,0.014555959801504828,0.03189822097287267
2018-04-24,2018,20,price_weak,10,10,0,0.022000768632109726,-0.027836385070465895,-0.04983715370257562
2018-04-24,2018,20,accrual_weak,10,10,0,-0.003424482139049001,-0.0024111342993071716,0.0010133478397418294
2018-04-24,2018,20,cashburn_weak,4,10,0,0.02970025051436594,-0.03378518202121526,-0.0634854325355812
2018-04-24,2018,20,cashburn_rebound,0,10,0,0.035527470107771464,-0.03844527832694955,-0.07397274843472101
2018-04-24,2018,20,residual_rally,9,9,1,0.011196762379674426,-0.01644881717419498,-0.027645579553869405
2018-04-24,2018,5,price_weak,10,10,0,0.005793916160740515,-0.008752820270329559,-0.014546736431070073
2018-04-24,2018,5,accrual_weak,10,10,0,-0.003757177315509813,0.0007982732059207687,0.004555450521430582
2018-04-24,2018,5,cashburn_weak,4,10,0,-0.004116848780727494,0.0020456159040151633,0.006162464684742658
2018-04-24,2018,5,cashburn_rebound,0,10,0,0.006389365297979533,-0.007868817352774055,-0.014258182650753588
2018-04-24,2018,5,residual_rally,9,9,1,0.01624795280581253,-0.01891096650444267,-0.0351589193102552
2018-05-22,2018,20,price_weak,10,10,0,-0.0008558950919660968,-0.005116707647759932,-0.0042608125557938355
2018-05-22,2018,20,accrual_weak,10,10,0,-0.0037403525273470794,-0.0022322502123789502,0.0015081023149681291
2018-05-22,2018,20,cashburn_weak,2,10,0,0.0007065604052849089,-0.004290122049120526,-0.004996682454405435
2018-05-22,2018,20,cashburn_rebound,0,10,0,0.012330247149181517,-0.015316548519044532,-0.02764679566822605
2018-05-22,2018,20,residual_rally,10,10,0,-0.01189246880026697,0.0059198660605409405,0.01781233486080791
2018-05-22,2018,5,price_weak,10,10,0,0.0005777351865181954,-0.003673625597477101,-0.004251360783995297
2018-05-22,2018,5,accrual_weak,10,10,0,0.015083305937994465,-0.01817919634895337,-0.03326250228694784
2018-05-22,2018,5,cashburn_weak,2,10,0,0.015372432434290002,-0.017229966680865346,-0.03260239911515535
2018-05-22,2018,5,cashburn_rebound,0,10,0,0.011338428505558334,-0.012886373711037787,-0.02422480221659612
2018-05-22,2018,5,residual_rally,10,10,0,-0.00013389501564694262,-0.0029619953953119644,-0.0028281003796650217
2018-06-20,2018,20,price_weak,10,10,0,-0.005987860502497728,1.5257762771696964e-05,0.0060031182652694245
2018-06-20,2018,20,accrual_weak,10,10,0,0.00044633133200330783,-0.006418934071729337,-0.006865265403732645
2018-06-20,2018,20,cashburn_weak,2,10,0,-0.0001850363108530407,-0.0033985253329825776,-0.003213489022129537
2018-06-20,2018,20,cashburn_rebound,0,10,0,-0.00016749377096278434,-0.002818807598900231,-0.0026513138279374467
2018-06-20,2018,20,residual_rally,9,9,1,0.009051757502969202,-0.014427099968722629,-0.02347885747169183
2018-06-20,2018,5,price_weak,10,10,0,-0.0038059884849239002,0.0008470843753348555,0.004653072860258756
2018-06-20,2018,5,accrual_weak,10,10,0,-0.0047315732059663275,0.0017726690963772828,0.006504242302343611
2018-06-20,2018,5,cashburn_weak,2,10,0,-0.01792818758837757,0.016152845122624142,0.03408103271100171
2018-06-20,2018,5,cashburn_rebound,0,10,0,-0.018185603329502847,0.016706151274708324,0.03489175460421117
2018-06-20,2018,5,residual_rally,9,9,1,0.010272002693850837,-0.012935016392480977,-0.023207019086331812
2018-07-19,2018,20,price_weak,10,10,0,-0.0029326401413940746,-0.0029029762969620928,2.966384443198189e-05
2018-07-19,2018,20,accrual_weak,10,10,0,0.02704032712453095,-0.03287594356288711,-0.05991627068741806
2018-07-19,2018,20,cashburn_weak,5,10,0,0.020582765785038776,-0.024959478113805902,-0.045542243898844675
2018-07-19,2018,20,cashburn_rebound,0,10,0,0.01161568812905095,-0.014533496348229032,-0.026149184477279982
2018-07-19,2018,20,residual_rally,10,10,0,0.02073774599602133,-0.026573362434377502,-0.04731110843039883
2018-07-19,2018,5,price_weak,10,10,0,-0.005081698087861774,0.0021227939782727306,0.007204492066134505
2018-07-19,2018,5,accrual_weak,10,10,0,0.013080513897013424,-0.01603941800660247,-0.029119931903615892
2018-07-19,2018,5,cashburn_weak,5,10,0,0.0014936759088315906,-0.003712853991023373,-0.005206529899854964
2018-07-19,2018,5,cashburn_rebound,0,10,0,0.002276246353363337,-0.0037556984081578587,-0.006031944761521196
2018-07-19,2018,5,residual_rally,10,10,0,0.016711924792328813,-0.019670828901917858,-0.03638275369424667
2018-08-16,2018,20,price_weak,10,10,0,0.002337584667989785,-0.008310187407715813,-0.010647772075705598
2018-08-16,2018,20,accrual_weak,10,10,0,-0.022720568344885606,0.016747965605159575,0.03946853395004518
2018-08-16,2018,20,cashburn_weak,7,10,0,-0.0018885092347972142,-0.00318820309396991,-0.0012996938591726959
2018-08-16,2018,20,cashburn_rebound,0,10,0,0.010052034967579181,-0.013038336337442197,-0.023090371305021378
2018-08-16,2018,20,residual_rally,10,10,0,0.0007748610439328396,-0.006747463783658869,-0.007522324827591709
2018-08-16,2018,5,price_weak,10,10,0,-0.009652782717874203,0.006693878608285159,0.016346661326159362
2018-08-16,2018,5,accrual_weak,10,10,0,-0.007026447115831747,0.004067543006242702,0.01109399012207445
2018-08-16,2018,5,cashburn_weak,7,10,0,-0.016824333232445452,0.014309264739294763,0.031133597971740215
2018-08-16,2018,5,cashburn_rebound,0,10,0,0.00042740507033390293,-0.0019068571251284242,-0.002334262195462327
2018-08-16,2018,5,residual_rally,10,10,0,-0.003968868894051524,0.001009964784462481,0.004978833678514006
2018-09-14,2018,20,price_weak,10,10,0,-0.025200479986868595,0.01963883615125215,0.04483931613812074
2018-09-14,2018,20,accrual_weak,10,10,0,-0.03406250273664946,0.028500858901033006,0.06256336163768246
2018-09-14,2018,20,cashburn_weak,6,10,0,-0.04079875897694405,0.036349443908450886,0.07714820288539494
2018-09-14,2018,20,cashburn_rebound,2,10,0,-0.05137509536331443,0.04803810906194455,0.09941320442525897
2018-09-14,2018,20,residual_rally,10,10,0,0.0028951446724041372,-0.008456788508020596,-0.011351933180424732
2018-09-14,2018,5,price_weak,10,10,0,-0.017918490665147287,0.015233559158297971,0.03315204982344526
2018-09-14,2018,5,accrual_weak,10,10,0,-0.017104135012511734,0.014419203505662415,0.03152333851817415
2018-09-14,2018,5,cashburn_weak,6,10,0,-0.010704563889532368,0.008556618684052915,0.019261182573585285
2018-09-14,2018,5,cashburn_rebound,2,10,0,-0.005938761224889702,0.004327802320780112,0.010266563545669814
2018-09-14,2018,5,residual_rally,10,10,0,0.004066020582583575,-0.006750952089432892,-0.010816972672016468
2018-10-12,2018,20,price_weak,10,10,0,0.005126666601971161,-0.010688310437587601,-0.01581497703955876
2018-10-12,2018,20,accrual_weak,10,10,0,0.006497977907220473,-0.012059621742836913,-0.018557599650057384
2018-10-12,2018,20,cashburn_weak,10,10,0,0.04504974467963547,-0.05061138851525191,-0.09566113319488738
2018-10-12,2018,20,cashburn_rebound,0,10,0,0.029342689418639555,-0.03212351133644777,-0.061466200755087325
2018-10-12,2018,20,residual_rally,10,10,0,0.02579399538032004,-0.031355639215936475,-0.057149634596256514
2018-10-12,2018,5,price_weak,10,10,0,0.012038037857908076,-0.01472296936475739,-0.026761007222665466
2018-10-12,2018,5,accrual_weak,10,10,0,0.013651999452895183,-0.0163369309597445,-0.029988930412639683
2018-10-12,2018,5,cashburn_weak,10,10,0,0.02356413464412349,-0.026249066150972812,-0.0498132007950963
2018-10-12,2018,5,cashburn_rebound,0,10,0,0.011172834126942583,-0.01251529988036724,-0.023688134007309822
2018-10-12,2018,5,residual_rally,10,10,0,0.009494532454809952,-0.012179463961659268,-0.02167399641646922
2018-11-09,2018,20,price_weak,10,10,0,0.027463825089227234,-0.03357341413032313,-0.061037239219550364
2018-11-09,2018,20,accrual_weak,10,10,0,0.03468368072956597,-0.040793269770661854,-0.07547695050022782
2018-11-09,2018,20,cashburn_weak,8,10,0,0.008646353914358801,-0.014144984051345103,-0.022791337965703904
2018-11-09,2018,20,cashburn_rebound,1,10,0,-0.014274132386397034,0.010913858413794294,0.02518799080019133
2018-11-09,2018,20,residual_rally,10,10,0,0.0006487889203051683,-0.006758377961401061,-0.007407166881706229
2018-11-09,2018,5,price_weak,10,10,0,0.01105603662163486,-0.013740968128484177,-0.024797004750119037
2018-11-09,2018,5,accrual_weak,10,10,0,0.008569865297420695,-0.011254796804270011,-0.019824662101690704
2018-11-09,2018,5,cashburn_weak,8,10,0,0.0053223222905767475,-0.007738760646741132,-0.01306108293731788
2018-11-09,2018,5,cashburn_rebound,1,10,0,-0.004061546698168987,0.002584834369401863,0.00664638106757085
2018-11-09,2018,5,residual_rally,10,10,0,0.0016316487279596412,-0.004316580234808957,-0.005948228962768599
2018-12-11,2018,20,price_weak,10,10,0,-0.04044818858162451,0.03433859954052862,0.07478678812215313
2018-12-11,2018,20,accrual_weak,10,10,0,-0.04978916560943689,0.043679576568341004,0.0934687421777779
2018-12-11,2018,20,cashburn_weak,6,10,0,-0.05314793944642684,0.04826026821355013,0.10140820765997696
2018-12-11,2018,20,cashburn_rebound,0,10,0,-0.03391704508792145,0.030862250567373507,0.06477929565529496
2018-12-11,2018,20,residual_rally,10,10,0,-0.03532983497846398,0.029220245937368088,0.06455008091583207
2018-12-11,2018,5,price_weak,10,10,0,0.004797489975593111,-0.007756394085182155,-0.012553884060775266
2018-12-11,2018,5,accrual_weak,10,10,0,-0.0034868619578521166,0.000527957848263072,0.004014819806115189
2018-12-11,2018,5,cashburn_weak,6,10,0,-0.009198718879918799,0.006831595592247564,0.016030314472166362
2018-12-11,2018,5,cashburn_rebound,0,10,0,-0.021632581049989063,0.02015312899519454,0.041785710045183604
2018-12-11,2018,5,residual_rally,10,10,0,-0.00261768541742845,-0.0003412186921605942,0.0022764667252678557
2019-01-10,2019,20,price_weak,10,10,0,-0.024173491171802137,0.018200888432076106,0.04237437960387824
2019-01-10,2019,20,accrual_weak,5,10,0,-0.00585139225807679,0.0013719402032822687,0.007223332461359059
2019-01-10,2019,20,cashburn_weak,2,10,0,-0.014905136227882022,0.0113215745840464,0.02622671081192842
2019-01-10,2019,20,cashburn_rebound,0,10,0,0.0008420521098680689,-0.003828353479731083,-0.0046704055895991515
2019-01-10,2019,20,residual_rally,10,10,0,-0.02473542961931762,0.018762826879591594,0.04349825649890922
2019-01-10,2019,5,price_weak,10,10,0,0.002611844900432242,-0.005570749010021286,-0.008182593910453527
2019-01-10,2019,5,accrual_weak,5,10,0,0.005489568239542888,-0.007708746321734672,-0.01319831456127756
2019-01-10,2019,5,cashburn_weak,2,10,0,0.006034807119836278,-0.007810149585589704,-0.013844956705425982
2019-01-10,2019,5,cashburn_rebound,0,10,0,0.004713999726557561,-0.006193451781352082,-0.010907451507909643
2019-01-10,2019,5,residual_rally,10,10,0,-0.006974157092837085,0.0040152529832480416,0.010989410076085126
2019-02-08,2019,20,price_weak,10,10,0,0.019108193904077357,-0.025080796643803388,-0.044188990547880745
2019-02-08,2019,20,accrual_weak,10,10,0,-0.041795916986917175,0.03582331424719115,0.07761923123410833
2019-02-08,2019,20,cashburn_weak,1,10,0,-0.013527886890171315,0.010242955383322,0.023770842273493315
2019-02-08,2019,20,cashburn_rebound,0,10,0,0.01742331211094374,-0.020409613480806756,-0.0378329255917505
2019-02-08,2019,20,residual_rally,10,10,0,-0.015495221586473002,0.009522618846746971,0.025017840433219973
2019-02-08,2019,5,price_weak,10,10,0,-0.015955163981232014,0.013270232474382693,0.029225396455614706
2019-02-08,2019,5,accrual_weak,10,10,0,-0.033657888833348956,0.03097295732649964,0.0646308461598486
2019-02-08,2019,5,cashburn_weak,1,10,0,-0.009358644730991366,0.007881932402224241,0.017240577133215605
2019-02-08,2019,5,cashburn_rebound,0,10,0,-0.004569972281306589,0.0032275065278819307,0.00779747880918852
2019-02-08,2019,5,residual_rally,10,10,0,-0.0189291013738942,0.016244169867044883,0.03517327124093908
2019-03-11,2019,20,price_weak,10,10,0,-0.007502707378411369,0.001667090940055202,0.00916979831846657
2019-03-11,2019,20,accrual_weak,10,10,0,-0.035783067106310296,0.029947450667954123,0.06573051777426442
2019-03-11,2019,20,cashburn_weak,6,10,0,0.02473285208418579,-0.029401345234870722,-0.05413419731905651
2019-03-11,2019,20,cashburn_rebound,2,10,0,0.01061274585617889,-0.014114115719192591,-0.024726861575371482
2019-03-11,2019,20,residual_rally,9,9,1,0.007765838018363155,-0.013017892812883704,-0.02078373083124686
2019-03-11,2019,5,price_weak,10,10,0,-0.012258913669044257,0.009300009559455213,0.02155892322849947
2019-03-11,2019,5,accrual_weak,10,10,0,-0.00817776549635411,0.005218861386765068,0.013396626883119178
2019-03-11,2019,5,cashburn_weak,6,10,0,-0.005719059237265123,0.003351935949593888,0.009070995186859011
2019-03-11,2019,5,cashburn_rebound,2,10,0,-0.0012397770884937094,-0.0005355653772597163,0.0007042117112339931
2019-03-11,2019,5,residual_rally,9,9,1,-0.01512813693350296,0.012465123234872819,0.02759326016837578
2019-04-08,2019,20,price_weak,10,10,0,2.58441500697551e-05,-0.005998446889795783,-0.006024291039865538
2019-04-08,2019,20,accrual_weak,4,10,0,-0.0060185865918206075,0.0018377646740123875,0.007856351265832996
2019-04-08,2019,20,cashburn_weak,8,10,0,0.0017239542087760615,-0.0070992966745294876,-0.00882325088330555
2019-04-08,2019,20,cashburn_rebound,5,10,0,-0.0010832201789294019,-0.0033962318758651187,-0.002313011696935717
2019-04-08,2019,20,residual_rally,10,10,0,-0.009551788376264869,0.00357918563653884,0.013130974012803708
2019-04-08,2019,5,price_weak,10,10,0,0.008281240691973401,-0.011240144801562445,-0.019521385493535846
2019-04-08,2019,5,accrual_weak,4,10,0,0.006922800821334452,-0.008994033698046782,-0.015916834519381234
2019-04-08,2019,5,cashburn_weak,8,10,0,0.012250097880063315,-0.014913111578693456,-0.02716320945875677
2019-04-08,2019,5,cashburn_rebound,5,10,0,0.015366496574764873,-0.01758567465695666,-0.03295217123172153
2019-04-08,2019,5,residual_rally,10,10,0,0.009461143732786458,-0.012420047842375503,-0.02188119157516196
2019-05-07,2019,20,price_weak,10,10,0,0.016012473225985962,-0.021985075965711993,-0.037997549191697955
2019-05-07,2019,20,accrual_weak,10,10,0,0.004159071731085179,-0.010131674470811208,-0.014290746201896387
2019-05-07,2019,20,cashburn_weak,10,10,0,0.015503301799464153,-0.021475904539190183,-0.036979206338654334
2019-05-07,2019,20,cashburn_rebound,2,10,0,-0.017909606354695552,0.014326044710859936,0.03223565106555549
2019-05-07,2019,20,residual_rally,10,10,0,-0.012154503898876694,0.006181901159150666,0.01833640505802736
2019-05-07,2019,5,price_weak,10,10,0,0.008567481660501702,-0.011526385770090746,-0.02009386743059245
2019-05-07,2019,5,accrual_weak,10,10,0,0.00860017091837954,-0.011559075027968584,-0.020159245946348124
2019-05-07,2019,5,cashburn_weak,10,10,0,-0.009211082074313297,0.006252177964724254,0.01546326003903755
2019-05-07,2019,5,cashburn_rebound,2,10,0,-0.009961978360791168,0.008186635895037741,0.018148614255828907
2019-05-07,2019,5,residual_rally,10,10,0,0.0071882426250560235,-0.010147146734645068,-0.01733538935970109
2019-06-05,2019,20,price_weak,10,10,0,-0.01721449422311484,0.01137887778475867,0.02859337200787351
2019-06-05,2019,20,accrual_weak,10,10,0,-0.014716437264777709,0.00888082082642154,0.02359725809119925
2019-06-05,2019,20,cashburn_weak,10,10,0,-0.039569759391763146,0.03373414295340697,0.07330390234517012
2019-06-05,2019,20,cashburn_rebound,5,10,0,-0.0005928217634512345,-0.003783890565315892,-0.0031910688018646576
2019-06-05,2019,20,residual_rally,10,10,0,-0.015484680244289489,0.00964906380593332,0.025133744050222808
2019-06-05,2019,5,price_weak,10,10,0,-0.002506121857923471,-0.0004527822516655726,0.0020533396062578984
2019-06-05,2019,5,accrual_weak,10,10,0,-0.013152448056760097,0.010193543947171053,0.02334599200393115
2019-06-05,2019,5,cashburn_weak,10,10,0,-0.0028258519510839736,-0.0001330521585050697,0.002692799792578904
2019-06-05,2019,5,cashburn_rebound,5,10,0,0.002649427983637706,-0.004868606065829489,-0.007518034049467195
2019-06-05,2019,5,residual_rally,10,10,0,-0.018132488007755382,0.015173583898166337,0.03330607190592172
2019-07-03,2019,20,price_weak,10,10,0,-0.01085340679939201,0.005017790361035843,0.015871197160427855
2019-07-03,2019,20,accrual_weak,8,10,0,0.0026483961647212452,-0.007900450959241797,-0.010548847123963041
2019-07-03,2019,20,cashburn_weak,3,10,0,-0.014718142506703563,0.010924991821772053,0.025643134328475616
2019-07-03,2019,20,cashburn_rebound,2,10,0,-0.015261235034767917,0.011759865171754216,0.027021100206522132
2019-07-03,2019,20,residual_rally,10,10,0,-0.038001474488603,0.03216585805024683,0.07016733253884982
2019-07-03,2019,5,price_weak,10,10,0,-0.0022684755374941514,-0.0006904285720948911,0.0015780469653992604
2019-07-03,2019,5,accrual_weak,8,10,0,-0.0050037599202225605,0.002340746221592422,0.007344506141814982
2019-07-03,2019,5,cashburn_weak,3,10,0,-0.014177584172915144,0.012254296501682267,0.02643188067459741
2019-07-03,2019,5,cashburn_rebound,2,10,0,-0.00967364538912674,0.007898302923373313,0.01757194831250005
2019-07-03,2019,5,residual_rally,10,10,0,-0.003378386772048031,0.0004194826624589872,0.003797869434507018
2019-08-01,2019,20,price_weak,10,10,0,0.015641141699464817,-0.021476758137820986,-0.037117899837285806
2019-08-01,2019,20,accrual_weak,10,10,0,-0.006663432719172899,0.0008278162808167316,0.00749124899998963
2019-08-01,2019,20,cashburn_weak,8,10,0,-0.024894605237009156,0.019642550442488603,0.04453715567949776
2019-08-01,2019,20,cashburn_rebound,1,10,0,0.00013633390239692345,-0.0033459229434928154,-0.003482256845889739
2019-08-01,2019,20,residual_rally,9,9,1,0.007942100428777108,-0.013194155223297657,-0.021136255652074765
2019-08-01,2019,5,price_weak,10,10,0,0.011423073353613056,-0.0143819774632021,-0.025805050816815157
2019-08-01,2019,5,accrual_weak,10,10,0,-0.009489079227797587,0.006530175118208542,0.01601925434600613
2019-08-01,2019,5,cashburn_weak,8,10,0,-0.002727908468909285,6.48947702791447e-05,0.0027928032391884294
2019-08-01,2019,5,cashburn_rebound,1,10,0,0.0018514387566342632,-0.0034788360169082377,-0.005330274773542501
2019-08-01,2019,5,residual_rally,9,9,1,0.006911190283904476,-0.009574203982534616,-0.016485394266439093
2019-08-29,2019,20,price_weak,10,10,0,-0.022120184906564127,0.0161475821668381,0.03826776707340222
2019-08-29,2019,20,accrual_weak,10,10,0,0.006137687057884757,-0.012110289797610784,-0.01824797685549554
2019-08-29,2019,20,cashburn_weak,10,10,0,0.01977514335563969,-0.02574774609536572,-0.04552288945100541
2019-08-29,2019,20,cashburn_rebound,1,10,0,-0.001680354615871206,-0.0016045768909781107,7.577772489309538e-05
2019-08-29,2019,20,residual_rally,10,10,0,-0.0024249267949866976,-0.003547675944739332,-0.0011227491497526345
2019-08-29,2019,5,price_weak,10,10,0,-0.015927610981957465,0.012831720570998559,0.028759331552956024
2019-08-29,2019,5,accrual_weak,10,10,0,0.001219992235468668,-0.004315882646427573,-0.0055358748818962415
2019-08-29,2019,5,cashburn_weak,10,10,0,0.0018609068773652964,-0.004956797288324202,-0.0068177041656894985
2019-08-29,2019,5,cashburn_rebound,1,10,0,0.0024275160278266717,-0.00413025575385407,-0.006557771781680741
2019-08-29,2019,5,residual_rally,10,10,0,0.010228256411917994,-0.0133241468228769,-0.023552403234794895
2019-09-27,2019,20,price_weak,10,10,0,-0.011953836280682629,0.006392192445066183,0.018346028725748812
2019-09-27,2019,20,accrual_weak,10,10,0,9.266114246128943e-05,-0.005654304978077731,-0.005746966120539021
2019-09-27,2019,20,cashburn_weak,10,10,0,-0.006437410926877963,0.0008757670912615228,0.007313178018139486
2019-09-27,2019,20,cashburn_rebound,1,10,0,0.0273485898910242,-0.030407494000613246,-0.057756083891637444
2019-09-27,2019,20,residual_rally,10,10,0,-0.007719491749792662,0.0021578479141762226,0.009877339663968886
2019-09-27,2019,5,price_weak,10,10,0,-0.005165081377733959,0.0024801498708846422,0.007645231248618601
2019-09-27,2019,5,accrual_weak,10,10,0,-0.004958353954126529,0.0022734224472772146,0.007231776401403744
2019-09-27,2019,5,cashburn_weak,10,10,0,-0.005251020996098396,0.0025660894892490815,0.007817110485347478
2019-09-27,2019,5,cashburn_rebound,1,10,0,-6.854899040917121e-05,-0.001408163338357952,-0.0013396143479487807
2019-09-27,2019,5,residual_rally,10,10,0,0.01088659835312519,-0.013571529859974504,-0.024458128213099693
2019-10-25,2019,20,price_weak,10,10,0,-0.012289828135343097,0.006728184299726656,0.019018012435069752
2019-10-25,2019,20,accrual_weak,10,10,0,-0.001080347901591369,-0.004481295934025073,-0.003400948032433704
2019-10-25,2019,20,cashburn_weak,10,10,0,-0.028500928244035856,0.022939284408419417,0.05144021265245527
2019-10-25,2019,20,cashburn_rebound,3,10,0,-0.0027870776093909797,-0.0008279908837597078,0.0019590867256312717
2019-10-25,2019,20,residual_rally,10,10,0,0.0047580548453121626,-0.010319698680928604,-0.015077753526240766
2019-10-25,2019,5,price_weak,10,10,0,-0.002440617956417139,-0.00024431355043217674,0.0021963044059849623
2019-10-25,2019,5,accrual_weak,10,10,0,-0.005326498613199819,0.002641567106350503,0.007968065719550322
2019-10-25,2019,5,cashburn_weak,10,10,0,-0.017592730737766883,0.014907799230917571,0.03250052996868445
2019-10-25,2019,5,cashburn_rebound,3,10,0,-0.0018989496458603002,0.00015374416640824527,0.0020526938122685454
2019-10-25,2019,5,residual_rally,10,10,0,0.0005813147478766786,-0.0032662462547259933,-0.0038475610026026718
2019-11-22,2019,20,price_weak,10,10,0,-0.013281737035623058,0.007309134295897029,0.020590871331520086
2019-11-22,2019,20,accrual_weak,10,10,0,-0.009727676656943813,0.003755073917217783,0.013482750574161595
2019-11-22,2019,20,cashburn_weak,4,10,0,0.002942845165684482,-0.007123667083492702,-0.010066512249177184
2019-11-22,2019,20,cashburn_rebound,0,10,0,0.011910939891720434,-0.01489724126158345,-0.026808181153303884
2019-11-22,2019,20,residual_rally,10,10,0,0.0004579007416984582,-0.006430503481424488,-0.006888404223122946
2019-11-22,2019,5,price_weak,10,10,0,-0.004615552961725907,0.0015196625507670016,0.006135215512492909
2019-11-22,2019,5,accrual_weak,10,10,0,-0.0023185365444191885,-0.000777353866539717,0.0015411826778794716
2019-11-22,2019,5,cashburn_weak,4,10,0,-0.001254742240291697,-0.0009123810473795366,0.00034236119291216043
2019-11-22,2019,5,cashburn_rebound,0,10,0,-0.0015298336385167254,-1.8111566962727238e-05,0.001511722071553998
2019-11-22,2019,5,residual_rally,10,10,0,0.0008638347101249924,-0.003959725121083898,-0.004823559831208891
2019-12-23,2019,20,price_weak,10,10,0,-0.023449740237194722,0.017203164894728968,0.04065290513192369
2019-12-23,2019,20,accrual_weak,6,10,0,-0.007851149014039027,0.0028538887400664237,0.01070503775410545
2019-12-23,2019,20,cashburn_weak,7,10,0,-0.04151367908127708,0.03620409004018119,0.07771776912145828
2019-12-23,2019,20,cashburn_rebound,3,10,0,-0.015064084907534409,0.011003810934931668,0.026067895842466077
2019-12-23,2019,20,residual_rally,10,10,0,-0.03908623413832358,0.032839658795857825,0.0719258929341814
2019-12-23,2019,5,price_weak,10,10,0,0.00022436147564994582,-0.0033202518866088508,-0.0035446133622587966
2019-12-23,2019,5,accrual_weak,6,10,0,-0.00017021349357089212,-0.0023064988351962318,-0.0021362853416253395
2019-12-23,2019,5,cashburn_weak,7,10,0,0.0020426237476463723,-0.0046741305969614415,-0.006716754344607814
2019-12-23,2019,5,cashburn_rebound,3,10,0,-0.0016860532042214244,-0.00032627556290186385,0.0013597776413195606
2019-12-23,2019,5,residual_rally,10,10,0,-0.006247980088498231,0.0031520896775393257,0.009400069766037557
2020-01-23,2020,20,price_weak,10,10,0,-0.02214329827947757,0.016170695539751537,0.038313993819229106
2020-01-23,2020,20,accrual_weak,10,10,0,-0.022584941488685506,0.016612338748959475,0.03919728023764498
2020-01-23,2020,20,cashburn_weak,6,10,0,-0.02177426593100466,0.016996183739223833,0.038770449670228496
2020-01-23,2020,20,cashburn_rebound,2,10,0,-0.014034911941225428,0.010451350297389809,0.024486262238615237
2020-01-23,2020,20,residual_rally,9,9,1,-0.04741024808665811,0.042034905620904686,0.0894451537075628
2020-01-23,2020,5,price_weak,10,10,0,0.00938735901238134,-0.012346263121970385,-0.021733622134351725
2020-01-23,2020,5,accrual_weak,10,10,0,0.00997431098609502,-0.012933215095684064,-0.022907526081779084
2020-01-23,2020,5,cashburn_weak,6,10,0,0.014856714780359099,-0.017223838068030333,-0.03208055284838943
2020-01-23,2020,5,cashburn_rebound,2,10,0,0.0021460058992963326,-0.003921348365049759,-0.006067354264346092
2020-01-23,2020,5,residual_rally,9,9,1,-0.0024681275907581708,-0.00019488610787196883,0.002273241482886202
2020-02-21,2020,20,price_weak,10,10,0,-0.023918873895928016,0.01835723006031158,0.0422761039562396
2020-02-21,2020,20,accrual_weak,10,10,0,-0.00549051590202434,-7.112793359209668e-05,0.005419387968432244
2020-02-21,2020,20,cashburn_weak,7,10,0,-0.008043385861049246,0.003315988600775266,0.011359374461824511
2020-02-21,2020,20,cashburn_rebound,0,10,0,-0.1555489415762114,0.15276811965840317,0.30831706123461455
2020-02-21,2020,20,residual_rally,10,10,0,0.06672135566394133,-0.07228299949955777,-0.1390043551634991
2020-02-21,2020,5,price_weak,10,10,0,-0.014827688077246149,0.012142756570396835,0.026970444647642984
2020-02-21,2020,5,accrual_weak,10,10,0,-0.005916753751597103,0.0032318222447477894,0.009148575996344893
2020-02-21,2020,5,cashburn_weak,7,10,0,-0.012205681603387869,0.009923489822565957,0.022129171425953824
2020-02-21,2020,5,cashburn_rebound,0,10,0,-0.04819565507351177,0.04685318932008712,0.0950488443935989
2020-02-21,2020,5,residual_rally,10,10,0,0.009378294055370157,-0.012063225562219471,-0.021441519617589628
2020-03-20,2020,20,price_weak,10,0,0,-0.1328683048841595,0.12988200351429646,0.2627503083984559
2020-03-20,2020,20,accrual_weak,10,0,0,-0.20038414524058745,0.19739784387072445,0.3977819891113119
2020-03-20,2020,20,cashburn_weak,10,0,0,-0.24775309707939658,0.24476679570953358,0.49251989278893016
2020-03-20,2020,20,cashburn_rebound,5,0,0,-0.11744808610541954,0.11595493542048804,0.23340302152590758
2020-03-20,2020,20,residual_rally,10,0,0,-0.1286203206400882,0.12563401927022516,0.2542543399103133
2020-03-20,2020,5,price_weak,10,0,0,-0.142300089601412,0.14095762384798732,0.2832577134493993
2020-03-20,2020,5,accrual_weak,10,0,0,-0.08054611492303551,0.07920364916961084,0.15974976409264635
2020-03-20,2020,5,cashburn_weak,10,0,0,-0.12168442455716273,0.12034195880373806,0.2420263833609008
2020-03-20,2020,5,cashburn_rebound,5,0,0,-0.026421631573577076,0.025750398696864747,0.05217203027044182
2020-03-20,2020,5,residual_rally,10,0,0,0.010847687308594853,-0.01219015306201951,-0.023037840370614363
2020-04-20,2020,20,price_weak,10,0,0,-0.03774064608143984,0.03482283786226175,0.07256348394370159
2020-04-20,2020,20,accrual_weak,2,0,0,-0.035246052879969625,0.034662491236134005,0.06990854411610363
2020-04-20,2020,20,cashburn_weak,1,0,0,-0.012898030821917811,0.012606250000000003,0.025504280821917816
2020-04-20,2020,20,cashburn_rebound,1,0,0,-0.012898030821917811,0.012606250000000003,0.025504280821917816
2020-04-20,2020,20,residual_rally,10,0,0,-0.09310009766210543,0.09018228944292735,0.18328238710503278
2020-04-20,2020,5,price_weak,10,0,0,-0.03651747824084357,0.03503802618604905,0.07155550442689262
2020-04-20,2020,5,accrual_weak,2,0,0,-0.009699812619354903,0.009403922208395999,0.0191037348277509
2020-04-20,2020,5,cashburn_weak,1,0,0,-0.0017385702054794477,0.0015906249999999955,0.0033291952054794434
2020-04-20,2020,5,cashburn_rebound,1,0,0,-0.0017385702054794477,0.0015906249999999955,0.0033291952054794434
2020-04-20,2020,5,residual_rally,10,0,0,-0.0658184808348248,0.06433902878003028,0.1301575096148551
2020-05-18,2020,20,price_weak,10,10,0,-0.06007100105141043,0.05409839831168441,0.11416939936309484
2020-05-18,2020,20,accrual_weak,5,10,0,0.0006710445884404754,-0.005150496643234995,-0.00582154123167547
2020-05-18,2020,20,cashburn_weak,6,10,0,0.003258748710348554,-0.008036830902129375,-0.01129557961247793
2020-05-18,2020,20,cashburn_rebound,1,10,0,0.010341665749838806,-0.01362659725668812,-0.023968263006526925
2020-05-18,2020,20,residual_rally,10,10,0,-0.03061891949524173,0.024646316755515704,0.05526523625075744
2020-05-18,2020,5,price_weak,10,10,0,-0.018471088393745932,0.01537519798278703,0.03384628637653296
2020-05-18,2020,5,accrual_weak,5,10,0,-6.164836775014726e-06,-0.002315752971444164,-0.0023095881346691495
2020-05-18,2020,5,cashburn_weak,6,10,0,-0.0018143194149208008,-0.0006623929138463228,0.001151926501074478
2020-05-18,2020,5,cashburn_rebound,1,10,0,0.007328940691661919,-0.009031680417689316,-0.016360621109351235
2020-05-18,2020,5,residual_rally,10,10,0,-0.0216643953958297,0.018568504984870792,0.04023290038070049
2020-06-16,2020,20,price_weak,10,10,0,0.0018978679601142855,-0.007870470699840315,-0.009768338659954601
2020-06-16,2020,20,accrual_weak,8,10,0,-0.03047626970052174,0.025100927234768318,0.05557719693529006
2020-06-16,2020,20,cashburn_weak,8,10,0,-0.009286870056845854,0.003911527591092428,0.013198397647938282
2020-06-16,2020,20,cashburn_rebound,2,10,0,0.019814027295360966,-0.023397588939196586,-0.04321161623455755
2020-06-16,2020,20,residual_rally,10,10,0,-0.09438160767109624,0.08840900493137023,0.18279061260246648
2020-06-16,2020,5,price_weak,10,10,0,0.0031518485921079318,-0.0061107527016969745,-0.009262601293804906
2020-06-16,2020,5,accrual_weak,8,10,0,0.0022240732479193335,-0.004887086946549473,-0.0071111601944688066
2020-06-16,2020,5,cashburn_weak,8,10,0,-0.019212869744788513,0.016549856046158374,0.035762725790946887
2020-06-16,2020,5,cashburn_rebound,2,10,0,-0.006050102092371746,0.004274759626618319,0.010324861718990065
2020-06-16,2020,5,residual_rally,10,10,0,-0.05614753930844425,0.05318863519885521,0.10933617450729946
2020-07-15,2020,20,price_weak,10,10,0,0.028028581455599673,-0.033864197893955846,-0.06189277934955552
2020-07-15,2020,20,accrual_weak,6,10,0,0.010782433200159447,-0.015450926350844385,-0.02623335955100383
2020-07-15,2020,20,cashburn_weak,8,10,0,0.01439301861411108,-0.019645073408631634,-0.034038092022742716
2020-07-15,2020,20,cashburn_rebound,1,10,0,0.054628109957829664,-0.057837698998925546,-0.1124658089567552
2020-07-15,2020,20,residual_rally,10,10,0,0.033345569508930084,-0.03918118594728625,-0.07252675545621634
2020-07-15,2020,5,price_weak,10,10,0,-0.018874728518450033,0.01591582440886099,0.03479055292731102
2020-07-15,2020,5,accrual_weak,6,10,0,-0.015627345277817818,0.013260221990146582,0.0288875672679644
2020-07-15,2020,5,cashburn_weak,8,10,0,-0.021200509458056443,0.018537495759426304,0.03973800521748275
2020-07-15,2020,5,cashburn_rebound,1,10,0,0.0046007166192525845,-0.006228113879526559,-0.010828830498779144
2020-07-15,2020,5,residual_rally,10,10,0,-0.01580449612115415,0.012845592011565104,0.028650088132719256
2020-08-12,2020,20,price_weak,10,10,0,0.001191898305745616,-0.007164501045471644,-0.00835639935121726
2020-08-12,2020,20,accrual_weak,9,10,0,0.0190532686420102,-0.024727241244749926,-0.043780509886760126
2020-08-12,2020,20,cashburn_weak,10,10,0,-0.009768830295151304,0.0037962275554252745,0.013565057850576578
2020-08-12,2020,20,cashburn_rebound,3,10,0,0.005789858650921066,-0.009672050431742985,-0.015461909082664052
2020-08-12,2020,20,residual_rally,10,10,0,-0.059660145069604244,0.05368754232987823,0.11334768739948248
2020-08-12,2020,5,price_weak,10,10,0,-0.007981099317773244,0.0050221952081842,0.013003294525957443
2020-08-12,2020,5,accrual_weak,9,10,0,-0.001273383868664254,-0.001537575035445337,-0.0002641911667810831
2020-08-12,2020,5,cashburn_weak,10,10,0,-0.015183769070420383,0.012224864960831338,0.02740863403125172
2020-08-12,2020,5,cashburn_rebound,3,10,0,-0.0011966020936536453,-0.0007266855775792328,0.0004699165160744125
2020-08-12,2020,5,residual_rally,10,10,0,-0.034389907278881374,0.03143100316929233,0.0658209104481737
2020-09-10,2020,20,price_weak,10,10,0,0.032078262324843385,-0.03791387876319956,-0.06999214108804294
2020-09-10,2020,20,accrual_weak,10,10,0,0.016196487377151847,-0.02203210381550802,-0.038228591192659866
2020-09-10,2020,20,cashburn_weak,10,10,0,-0.021263402645644337,0.015427786207288163,0.0366911888529325
2020-09-10,2020,20,cashburn_rebound,1,10,0,0.038468206092548744,-0.04167779513364464,-0.08014600122619339
2020-09-10,2020,20,residual_rally,10,10,0,0.03437992464793769,-0.04021554108629386,-0.07459546573423155
2020-09-10,2020,5,price_weak,10,10,0,0.0009499799270112352,-0.00390888403660028,-0.004858863963611515
2020-09-10,2020,5,accrual_weak,10,10,0,0.01880791088369608,-0.021766814993285123,-0.0405747258769812
2020-09-10,2020,5,cashburn_weak,10,10,0,-0.012705005502442985,0.009746101392853946,0.022451106895296932
2020-09-10,2020,5,cashburn_rebound,1,10,0,0.023370548393803293,-0.02499794565407727,-0.04836849404788056
2020-09-10,2020,5,residual_rally,10,10,0,0.013702717038336126,-0.01666162114792517,-0.030364338186261296
2020-10-08,2020,20,price_weak,10,10,0,0.006859679311539205,-0.012695295749895372,-0.019554975061434575
2020-10-08,2020,20,accrual_weak,5,10,0,0.009171924544542898,-0.013548636873310024,-0.022720561417852923
2020-10-08,2020,20,cashburn_weak,4,10,0,0.016216297623984403,-0.020301229130833723,-0.036517526754818126
2020-10-08,2020,20,cashburn_rebound,2,10,0,0.015748737289357422,-0.019250107152371125,-0.034998844441728544
2020-10-08,2020,20,residual_rally,10,10,0,0.028537095926790157,-0.03437271236514633,-0.06290980829193649
2020-10-08,2020,5,price_weak,10,10,0,0.006546610354298543,-0.009505514463887586,-0.01605212481818613
2020-10-08,2020,5,accrual_weak,5,10,0,0.0015422884051434528,-0.003761466487335234,-0.005303754892478687
2020-10-08,2020,5,cashburn_weak,4,10,0,0.003949496644961509,-0.0060207295216738385,-0.009970226166635347
2020-10-08,2020,5,cashburn_rebound,2,10,0,0.0017407588052617,-0.003516101271015125,-0.0052568600762768255
2020-10-08,2020,5,residual_rally,10,10,0,-0.01211730337152105,0.009158399261932005,0.021275702633453054
2020-11-05,2020,20,price_weak,10,10,0,-0.04064308717315386,0.03467048443342784,0.0753135716065817
2020-11-05,2020,20,accrual_weak,10,10,0,-0.0065365322846632585,0.0005639295449372313,0.00710046182960049
2020-11-05,2020,20,cashburn_weak,10,10,0,-0.043184575360107565,0.037211972620381534,0.08039654798048909
2020-11-05,2020,20,cashburn_rebound,10,10,0,-0.07207107934243763,0.06609847660271159,0.13816955594514924
2020-11-05,2020,20,residual_rally,10,10,0,-0.10433896586682456,0.09836636312709852,0.20270532899392307
2020-11-05,2020,5,price_weak,10,10,0,-0.0323247592269177,0.029365855117328653,0.06169061434424636
2020-11-05,2020,5,accrual_weak,10,10,0,-0.005477721196944496,0.0025188170873554514,0.007996538284299947
2020-11-05,2020,5,cashburn_weak,10,10,0,-0.0037936961125695223,0.0008347920029804778,0.00462848811555
2020-11-05,2020,5,cashburn_rebound,10,10,0,-0.005592609680419214,0.0026337055708301692,0.008226315251249384
2020-11-05,2020,5,residual_rally,10,10,0,-0.03434443470668524,0.031385530597096194,0.06572996530378143
