date,rank,symbol,exclusion_score
2016-03-31,1,MSI,83.02325581395348
2016-03-31,2,MKC,82.96511627906976
2016-03-31,3,WHR,82.26744186046511
2016-03-31,4,LNT,81.45348837209303
2016-03-31,5,MAS,81.27906976744185
2016-03-31,6,XYL,80.98837209302326
2016-03-31,7,PEG,79.94186046511626
2016-03-31,8,ARW,79.01162790697676
2016-03-31,9,OMC,78.6046511627907
2016-03-31,10,AES,77.79069767441861
2016-03-31,11,PPG,76.80232558139535
2016-03-31,12,ACN,75.75581395348837
2016-03-31,13,AEE,75.75581395348837
2016-03-31,14,AMAT,75.52325581395348
2016-03-31,15,POOL,75.46511627906976
2016-03-31,16,GWW,74.47674418604652
2016-03-31,17,ATO,74.06976744186046
2016-03-31,18,CSL,72.44186046511626
2016-03-31,19,CDNS,72.32558139534883
2016-03-31,20,CW,71.9767441860465
2016-04-28,1,BMY,86.63265306122449
2016-04-28,2,EMN,85.3061224489796
2016-04-28,3,SPGI,83.6734693877551
2016-04-28,4,DAR,82.65306122448979
2016-04-28,5,SCI,82.04081632653062
2016-04-28,6,PKG,81.12244897959184
2016-04-28,7,ADSK,80.10204081632654
2016-04-28,8,TT,79.18367346938776
2016-04-28,9,ADM,77.65306122448979
2016-04-28,10,IP,77.24489795918367
2016-04-28,11,CVX,76.42857142857143
2016-04-28,12,UHS,75.40816326530611
2016-04-28,13,TKR,73.77551020408163
2016-04-28,14,CCK,73.06122448979593
2016-04-28,15,PBH,72.85714285714286
2016-04-28,16,AGCO,72.75510204081634
2016-04-28,17,CSX,72.55102040816327
2016-04-28,18,FLS,71.93877551020408
2016-04-28,19,PH,71.53061224489797
2016-04-28,20,BAX,71.42857142857143
2016-05-26,1,FTNT,90.00000000000001
2016-05-26,2,XYL,86.40287769784172
2016-05-26,3,OC,84.74820143884891
2016-05-26,4,UGI,82.23021582733813
2016-05-26,5,TRU,82.15827338129496
2016-05-26,6,MLM,81.94244604316546
2016-05-26,7,CRM,81.07913669064747
2016-05-26,8,MIDD,80.79136690647482
2016-05-26,9,SPGI,79.85611510791367
2016-05-26,10,TMUS,79.06474820143885
2016-05-26,11,GPN,78.92086330935253
2016-05-26,12,AOS,77.55395683453237
2016-05-26,13,IFF,75.39568345323741
2016-05-26,14,PNR,74.46043165467626
2016-05-26,15,ADBE,72.23021582733813
2016-05-26,16,PFE,71.94244604316546
2016-05-26,17,CDNS,71.87050359712231
2016-05-26,18,PKG,71.79856115107913
2016-05-26,19,DAR,70.93525179856115
2016-05-26,20,VMC,70.43165467625899
2016-06-24,1,AWK,88.18181818181819
2016-06-24,2,MUSA,79.45454545454545
2016-06-24,3,T,78.9090909090909
2016-06-24,4,CLX,78.54545454545455
2016-06-24,5,HSY,72.9090909090909
2016-06-24,6,MO,70.54545454545455
2016-06-24,7,VZ,68.18181818181819
2016-06-24,8,NI,67.63636363636363
2016-06-24,9,VMC,66.9090909090909
2016-06-24,10,OGE,63.63636363636363
2016-06-24,11,WTRG,62.90909090909091
2016-06-24,12,SYK,62.727272727272734
2016-06-24,13,XEL,62.54545454545455
2016-06-24,14,GIS,62.36363636363635
2016-06-24,15,ATO,62.181818181818194
2016-06-24,16,KBH,61.81818181818181
2016-06-24,17,JACK,58.72727272727273
2016-06-24,18,CASY,58.363636363636374
2016-06-24,19,AEE,58.18181818181818
2016-06-24,20,ORLY,57.81818181818181
2016-07-25,1,JACK,86.4
2016-07-25,2,POOL,86.33333333333334
2016-07-25,3,LYV,85.2
2016-07-25,4,IFF,82.06666666666666
2016-07-25,5,CVLT,80.80000000000001
2016-07-25,6,TSN,79.26666666666667
2016-07-25,7,AMAT,78.73333333333333
2016-07-25,8,PHM,77.93333333333334
2016-07-25,9,FFIV,76.86666666666666
2016-07-25,10,FDS,76.26666666666667
2016-07-25,11,ROST,75.33333333333333
2016-07-25,12,MUSA,75.26666666666667
2016-07-25,13,CDNS,75.0
2016-07-25,14,LII,74.2
2016-07-25,15,YUM,73.73333333333333
2016-07-25,16,EFX,73.6
2016-07-25,17,MSCI,72.39999999999999
2016-07-25,18,CDW,70.8
2016-07-25,19,ARMK,70.39999999999999
2016-07-25,20,LULU,69.6
2016-08-22,1,GEN,89.16666666666667
2016-08-22,2,CTAS,80.91666666666666
2016-08-22,3,XYL,79.83333333333333
2016-08-22,4,LHX,79.5
2016-08-22,5,BCO,79.08333333333333
2016-08-22,6,THO,78.83333333333333
2016-08-22,7,IEX,78.25
2016-08-22,8,LCII,78.25
2016-08-22,9,ROST,77.83333333333333
2016-08-22,10,DAN,75.91666666666667
2016-08-22,11,KMT,75.83333333333333
2016-08-22,12,TSN,75.0
2016-08-22,13,AYI,74.83333333333333
2016-08-22,14,MSI,74.25
2016-08-22,15,CPS,73.75
2016-08-22,16,HSY,73.5
2016-08-22,17,LULU,73.33333333333333
2016-08-22,18,ALGN,72.58333333333333
2016-08-22,19,SMG,72.08333333333334
2016-08-22,20,ADSK,71.50000000000001
2016-09-20,1,CDW,83.57142857142857
2016-09-20,2,JBL,77.85714285714286
2016-09-20,3,ILMN,77.42857142857143
2016-09-20,4,TTWO,76.57142857142857
2016-09-20,5,AMAT,73.85714285714286
2016-09-20,6,BIO,72.71428571428571
2016-09-20,7,ISRG,71.57142857142857
2016-09-20,8,GEN,71.28571428571429
2016-09-20,9,SPGI,70.0
2016-09-20,10,CQP,68.42857142857143
2016-09-20,11,AMGN,67.57142857142856
2016-09-20,12,GILD,67.28571428571429
2016-09-20,13,CSX,67.28571428571428
2016-09-20,14,GDDY,67.28571428571428
2016-09-20,15,ANET,66.85714285714285
2016-09-20,16,LLY,66.57142857142857
2016-09-20,17,BAX,65.28571428571429
2016-09-20,18,PYPL,65.14285714285715
2016-09-20,19,BC,63.857142857142854
2016-09-20,20,META,63.71428571428572
2016-10-18,1,SMG,89.80392156862746
2016-10-18,2,PTC,80.98039215686275
2016-10-18,3,AGCO,78.03921568627452
2016-10-18,4,LUV,76.27450980392156
2016-10-18,5,ALK,76.07843137254902
2016-10-18,6,BBY,75.09803921568627
2016-10-18,7,GOOG,73.92156862745098
2016-10-18,8,CSX,72.94117647058825
2016-10-18,9,PKG,71.37254901960785
2016-10-18,10,CDNS,69.80392156862744
2016-10-18,11,GDDY,69.80392156862744
2016-10-18,12,HII,69.01960784313725
2016-10-18,13,AKAM,65.29411764705883
2016-10-18,14,BA,64.90196078431372
2016-10-18,15,CSL,63.72549019607844
2016-10-18,16,TMUS,63.725490196078425
2016-10-18,17,ODFL,63.52941176470589
2016-10-18,18,NOC,62.745098039215684
2016-10-18,19,TAP,61.1764705882353
2016-10-18,20,FLEX,60.392156862745104
2016-11-15,1,DAL,91.97916666666667
2016-11-15,2,CE,85.20833333333333
2016-11-15,3,JBHT,85.10416666666666
2016-11-15,4,KNX,83.43749999999999
2016-11-15,5,TT,82.70833333333334
2016-11-15,6,WERN,81.5625
2016-11-15,7,AAL,77.29166666666666
2016-11-15,8,PH,76.56250000000001
2016-11-15,9,BAH,75.72916666666667
2016-11-15,10,MAR,75.20833333333334
2016-11-15,11,XYL,74.58333333333333
2016-11-15,12,RSG,73.85416666666667
2016-11-15,13,GD,73.64583333333333
2016-11-15,14,CSX,73.54166666666666
2016-11-15,15,CSL,72.60416666666667
2016-11-15,16,CHRW,72.29166666666667
2016-11-15,17,ADI,71.97916666666667
2016-11-15,18,ALK,71.97916666666667
2016-11-15,19,RL,71.24999999999999
2016-11-15,20,JEF,71.04166666666666
2016-12-14,1,MAR,88.58108108108108
2016-12-14,2,ARW,88.3108108108108
2016-12-14,3,RHI,85.27027027027027
2016-12-14,4,JEF,83.98648648648648
2016-12-14,5,IP,82.5
2016-12-14,6,GATX,82.36486486486486
2016-12-14,7,GNTX,81.08108108108108
2016-12-14,8,CVX,80.94594594594595
2016-12-14,9,JBHT,80.8108108108108
2016-12-14,10,ZD,78.24324324324324
2016-12-14,11,TXT,77.70270270270271
2016-12-14,12,FAST,75.47297297297298
2016-12-14,13,RCL,75.13513513513513
2016-12-14,14,SMG,74.12162162162161
2016-12-14,15,WHR,74.05405405405405
2016-12-14,16,CVSA,73.58108108108108
2016-12-14,17,HLT,73.51351351351352
2016-12-14,18,CE,73.37837837837837
2016-12-14,19,HD,73.1081081081081
2016-12-14,20,LUV,73.04054054054055
2017-01-13,1,CSX,84.37499999999999
2017-01-13,2,ZD,81.375
2017-01-13,3,TKR,81.0
2017-01-13,4,MPLX,80.0
2017-01-13,5,LEA,77.875
2017-01-13,6,AKAM,75.43749999999999
2017-01-13,7,GMED,75.0625
2017-01-13,8,BIO,74.6875
2017-01-13,9,GEN,73.125
2017-01-13,10,AGCO,71.875
2017-01-13,11,CGNX,71.625
2017-01-13,12,GNTX,70.875
2017-01-13,13,JBHT,70.6875
2017-01-13,14,AMAT,70.4375
2017-01-13,15,ADSK,70.125
2017-01-13,16,MMS,70.125
2017-01-13,17,ALB,69.625
2017-01-13,18,SHW,68.9375
2017-01-13,19,MIDD,68.875
2017-01-13,20,PH,68.75
2017-02-13,1,GEN,91.08108108108108
2017-02-13,2,JBL,87.2972972972973
2017-02-13,3,PM,86.0
2017-02-13,4,TTWO,84.86486486486487
2017-02-13,5,MCO,81.35135135135135
2017-02-13,6,MHK,80.4864864864865
2017-02-13,7,MXL,80.0
2017-02-13,8,ADBE,79.56756756756758
2017-02-13,9,EMR,79.56756756756756
2017-02-13,10,AEIS,79.4054054054054
2017-02-13,11,EBAY,79.4054054054054
2017-02-13,12,CDW,79.40540540540539
2017-02-13,13,YUM,78.97297297297297
2017-02-13,14,NKE,78.32432432432432
2017-02-13,15,MTN,77.45945945945947
2017-02-13,16,QRVO,77.1891891891892
2017-02-13,17,BC,76.64864864864865
2017-02-13,18,COO,76.48648648648648
2017-02-13,19,FLEX,75.89189189189189
2017-02-13,20,ALK,74.0
2017-03-14,1,GEN,87.15328467153284
2017-03-14,2,PM,86.56934306569343
2017-03-14,3,SPB,82.7007299270073
2017-03-14,4,PHM,82.4087591240876
2017-03-14,5,KLAC,81.97080291970804
2017-03-14,6,AMAT,80.94890510948906
2017-03-14,7,AEIS,80.8029197080292
2017-03-14,8,LLY,80.0
2017-03-14,9,JNJ,79.85401459854015
2017-03-14,10,PPC,79.85401459854013
2017-03-14,11,BAX,79.1970802919708
2017-03-14,12,AMGN,77.95620437956204
2017-03-14,13,META,77.5912408759124
2017-03-14,14,LEN,77.15328467153284
2017-03-14,15,EXPE,76.71532846715328
2017-03-14,16,VC,76.71532846715328
2017-03-14,17,JBL,75.6934306569343
2017-03-14,18,CDNS,74.37956204379563
2017-03-14,19,OC,73.43065693430657
2017-03-14,20,VRTX,72.55474452554743
2017-04-11,1,FIZZ,91.21794871794873
2017-04-11,2,PPC,85.7051282051282
2017-04-11,3,LYV,84.67948717948718
2017-04-11,4,LPX,84.2948717948718
2017-04-11,5,STX,80.12820512820514
2017-04-11,6,SPB,79.67948717948718
2017-04-11,7,MUSA,78.26923076923077
2017-04-11,8,WMT,77.37179487179486
2017-04-11,9,BAX,76.98717948717947
2017-04-11,10,WYNN,75.44871794871794
2017-04-11,11,AMZN,74.55128205128206
2017-04-11,12,MTZ,73.84615384615384
2017-04-11,13,FBIN,73.58974358974358
2017-04-11,14,LNG,72.24358974358974
2017-04-11,15,BYD,71.9230769230769
2017-04-11,16,QRVO,71.53846153846153
2017-04-11,17,TRU,71.21794871794873
2017-04-11,18,KBH,70.76923076923077
2017-04-11,19,BLMN,69.55128205128204
2017-04-11,20,TT,69.35897435897435
2017-05-10,1,GEN,84.64516129032258
2017-05-10,2,ADSK,84.12903225806451
2017-05-10,3,ANET,83.48387096774192
2017-05-10,4,RVTY,83.29032258064515
2017-05-10,5,MTD,82.3225806451613
2017-05-10,6,HRB,81.61290322580645
2017-05-10,7,AMAT,80.45161290322581
2017-05-10,8,PYPL,80.12903225806451
2017-05-10,9,BIO,79.87096774193549
2017-05-10,10,TTWO,79.61290322580645
2017-05-10,11,BCO,79.41935483870968
2017-05-10,12,AEIS,79.16129032258064
2017-05-10,13,GOOG,78.96774193548387
2017-05-10,14,HPQ,78.83870967741935
2017-05-10,15,MAR,77.54838709677419
2017-05-10,16,CTSH,77.29032258064517
2017-05-10,17,HD,75.74193548387098
2017-05-10,18,CALY,75.6774193548387
2017-05-10,19,TRU,75.6774193548387
2017-05-10,20,CGNX,73.87096774193549
2017-06-08,1,ALGN,91.005291005291
2017-06-08,2,MTD,88.14814814814814
2017-06-08,3,NOW,87.5132275132275
2017-06-08,4,ISRG,86.34920634920634
2017-06-08,5,PYPL,86.29629629629629
2017-06-08,6,ANET,82.96296296296296
2017-06-08,7,KLAC,82.01058201058201
2017-06-08,8,BLKB,81.26984126984127
2017-06-08,9,LYV,81.11111111111111
2017-06-08,10,AAL,79.10052910052909
2017-06-08,11,REGN,77.83068783068782
2017-06-08,12,WYNN,77.03703703703702
2017-06-08,13,HAS,76.19047619047619
2017-06-08,14,BCO,76.08465608465609
2017-06-08,15,JBL,75.87301587301589
2017-06-08,16,IEX,74.92063492063492
2017-06-08,17,SHAK,74.86772486772486
2017-06-08,18,ARMK,74.76190476190476
2017-06-08,19,CVLT,74.39153439153439
2017-06-08,20,GDDY,74.33862433862434
2017-07-07,1,LUV,93.62903225806453
2017-07-07,2,DAL,92.66129032258064
2017-07-07,3,AAL,83.46774193548386
2017-07-07,4,ODFL,81.37096774193549
2017-07-07,5,CSGP,80.4032258064516
2017-07-07,6,MCD,80.0
2017-07-07,7,BA,79.83870967741936
2017-07-07,8,KBH,78.79032258064515
2017-07-07,9,GPK,78.54838709677419
2017-07-07,10,CSX,75.48387096774194
2017-07-07,11,TPR,74.11290322580645
2017-07-07,12,PKG,73.54838709677419
2017-07-07,13,SITE,73.38709677419355
2017-07-07,14,IT,73.30645161290322
2017-07-07,15,CCK,73.14516129032258
2017-07-07,16,TT,73.06451612903227
2017-07-07,17,LULU,72.25806451612902
2017-07-07,18,SCI,70.48387096774192
2017-07-07,19,LFUS,70.16129032258064
2017-07-07,20,LIVN,69.5967741935484
2017-08-04,1,TXNM,88.6178861788618
2017-08-04,2,VFC,84.71544715447155
2017-08-04,3,PHM,83.8211382113821
2017-08-04,4,GPN,83.2520325203252
2017-08-04,5,HII,80.73170731707317
2017-08-04,6,XYL,79.7560975609756
2017-08-04,7,CTSH,78.61788617886178
2017-08-04,8,LYV,77.64227642276423
2017-08-04,9,LMT,76.99186991869918
2017-08-04,10,META,76.7479674796748
2017-08-04,11,TDY,76.01626016260163
2017-08-04,12,RCL,75.52845528455285
2017-08-04,13,PEG,74.71544715447155
2017-08-04,14,FE,74.39024390243901
2017-08-04,15,MSCI,73.90243902439025
2017-08-04,16,AEE,73.41463414634146
2017-08-04,17,SRE,72.76422764227642
2017-08-04,18,TRU,72.27642276422765
2017-08-04,19,NEE,72.1951219512195
2017-08-04,20,V,71.30081300813008
2017-09-01,1,WLK,90.79787234042553
2017-09-01,2,OC,85.10638297872339
2017-09-01,3,BCO,83.67021276595744
2017-09-01,4,WERN,83.56382978723404
2017-09-01,5,TDC,82.4468085106383
2017-09-01,6,PPC,81.75531914893617
2017-09-01,7,BMY,81.54255319148936
2017-09-01,8,EXEL,81.54255319148935
2017-09-01,9,LAD,79.84042553191489
2017-09-01,10,XYL,79.36170212765958
2017-09-01,11,ILMN,79.04255319148936
2017-09-01,12,NEM,78.61702127659575
2017-09-01,13,LPX,78.13829787234043
2017-09-01,14,KNX,77.5
2017-09-01,15,MTN,77.18085106382978
2017-09-01,16,AMGN,76.70212765957447
2017-09-01,17,TDY,74.41489361702128
2017-09-01,18,ABT,74.14893617021276
2017-09-01,19,CDNS,73.88297872340426
2017-09-01,20,OKE,73.77659574468086
2017-10-02,1,LAD,92.55924170616113
2017-10-02,2,THO,88.29383886255924
2017-10-02,3,HII,86.44549763033176
2017-10-02,4,COP,85.87677725118483
2017-10-02,5,BWA,85.59241706161139
2017-10-02,6,URI,83.88625592417061
2017-10-02,7,VLO,81.37440758293839
2017-10-02,8,LEA,81.32701421800948
2017-10-02,9,WGO,80.85308056872039
2017-10-02,10,ON,80.71090047393366
2017-10-02,11,ODFL,80.18957345971565
2017-10-02,12,WLK,79.43127962085308
2017-10-02,13,PSX,78.86255924170617
2017-10-02,14,VC,78.19905213270142
2017-10-02,15,COHR,78.05687203791469
2017-10-02,16,LYB,77.91469194312796
2017-10-02,17,FDS,77.34597156398104
2017-10-02,18,CHRW,75.92417061611374
2017-10-02,19,ROST,75.87677725118483
2017-10-02,20,GPI,75.78199052132702
2017-10-30,1,ON,92.88461538461539
2017-10-30,2,AEIS,87.43589743589743
2017-10-30,3,CW,86.85897435897436
2017-10-30,4,PBF,86.41025641025641
2017-10-30,5,XYZ,84.35897435897436
2017-10-30,6,PHM,81.60256410256412
2017-10-30,7,NVDA,81.47435897435898
2017-10-30,8,TTWO,80.57692307692308
2017-10-30,9,AVNT,80.57692307692307
2017-10-30,10,GNRC,80.12820512820514
2017-10-30,11,ENTG,79.23076923076923
2017-10-30,12,THO,78.91025641025641
2017-10-30,13,ADSK,78.7179487179487
2017-10-30,14,CDNS,77.82051282051282
2017-10-30,15,ADI,75.12820512820512
2017-10-30,16,CMPR,74.55128205128206
2017-10-30,17,CGNX,73.71794871794872
2017-10-30,18,FDS,73.26923076923076
2017-10-30,19,ETR,73.2051282051282
2017-10-30,20,EMR,72.94871794871796
2017-11-28,1,TSN,92.3469387755102
2017-11-28,2,PHM,91.73469387755102
2017-11-28,3,CRI,89.48979591836735
2017-11-28,4,OC,85.56122448979592
2017-11-28,5,PII,85.1530612244898
2017-11-28,6,VFC,84.74489795918367
2017-11-28,7,AMZN,83.97959183673468
2017-11-28,8,RHI,83.72448979591837
2017-11-28,9,CSL,82.09183673469389
2017-11-28,10,DLTR,82.09183673469387
2017-11-28,11,HD,80.61224489795919
2017-11-28,12,CGNX,80.3061224489796
2017-11-28,13,URI,79.74489795918367
2017-11-28,14,ALGN,79.64285714285715
2017-11-28,15,LII,78.92857142857143
2017-11-28,16,KBH,78.6734693877551
2017-11-28,17,CW,78.0612244897959
2017-11-28,18,FAST,77.9591836734694
2017-11-28,19,GWW,76.73469387755102
2017-11-28,20,HLT,76.58163265306122
2017-12-27,1,MAR,88.27777777777777
2017-12-27,2,WLK,87.16666666666667
2017-12-27,3,DE,86.44444444444444
2017-12-27,4,WEX,83.55555555555556
2017-12-27,5,RRR,82.05555555555554
2017-12-27,6,VLO,81.38888888888889
2017-12-27,7,LULU,79.94444444444446
2017-12-27,8,CRI,79.5
2017-12-27,9,URI,78.66666666666666
2017-12-27,10,ODFL,78.38888888888889
2017-12-27,11,HD,77.83333333333333
2017-12-27,12,EMR,77.55555555555556
2017-12-27,13,TSCO,77.16666666666666
2017-12-27,14,BBY,77.05555555555556
2017-12-27,15,SITE,77.0
2017-12-27,16,LNG,76.83333333333333
2017-12-27,17,WYNN,76.66666666666667
2017-12-27,18,COTY,76.16666666666667
2017-12-27,19,GWW,75.6111111111111
2017-12-27,20,CPAY,75.1111111111111
2018-01-26,1,NOW,90.52631578947368
2018-01-26,2,WEX,89.12280701754386
2018-01-26,3,COR,86.97368421052632
2018-01-26,4,ZTS,86.8859649122807
2018-01-26,5,AMZN,86.05263157894736
2018-01-26,6,LNG,85.92105263157896
2018-01-26,7,HP,84.25438596491229
2018-01-26,8,BDX,83.6842105263158
2018-01-26,9,WMT,83.59649122807018
2018-01-26,10,CPAY,82.32456140350877
2018-01-26,11,HD,81.66666666666667
2018-01-26,12,NTGR,81.66666666666667
2018-01-26,13,MCO,81.14035087719299
2018-01-26,14,BBY,80.65789473684211
2018-01-26,15,ODFL,80.48245614035088
2018-01-26,16,RL,80.0438596491228
2018-01-26,17,AN,79.64912280701753
2018-01-26,18,IT,78.94736842105263
2018-01-26,19,UI,78.90350877192982
2018-01-26,20,MCK,78.59649122807016
2018-02-26,1,GATX,88.79999999999998
2018-02-26,2,PRLB,84.8
2018-02-26,3,CTSH,84.26666666666667
2018-02-26,4,PTC,83.06666666666666
2018-02-26,5,PANW,80.26666666666668
2018-02-26,6,CSGP,78.8
2018-02-26,7,JBHT,78.4
2018-02-26,8,ACN,77.86666666666666
2018-02-26,9,VRSK,77.06666666666666
2018-02-26,10,GMED,73.86666666666667
2018-02-26,11,FE,73.73333333333333
2018-02-26,12,LYV,73.33333333333334
2018-02-26,13,FCFS,72.53333333333333
2018-02-26,14,XYL,71.33333333333333
2018-02-26,15,CRI,70.80000000000001
2018-02-26,16,MKC,70.8
2018-02-26,17,LIVN,68.13333333333334
2018-02-26,18,TYL,67.46666666666667
2018-02-26,19,FAST,65.86666666666667
2018-02-26,20,FDS,65.46666666666667
2018-03-26,1,MSCI,89.43661971830986
2018-03-26,2,FCFS,80.56338028169013
2018-03-26,3,FTNT,78.45070422535211
2018-03-26,4,BWXT,77.04225352112675
2018-03-26,5,TPR,75.9154929577465
2018-03-26,6,HAE,75.35211267605632
2018-03-26,7,CHE,74.7887323943662
2018-03-26,8,PANW,74.50704225352113
2018-03-26,9,NEE,73.94366197183098
2018-03-26,10,FE,73.23943661971832
2018-03-26,11,NOC,73.23943661971832
2018-03-26,12,PTC,72.11267605633803
2018-03-26,13,MPC,71.40845070422534
2018-03-26,14,BLMN,70.56338028169013
2018-03-26,15,WING,69.71830985915493
2018-03-26,16,RL,68.30985915492957
2018-03-26,17,CVLT,67.04225352112675
2018-03-26,18,NEM,66.7605633802817
2018-03-26,19,NRG,66.33802816901408
2018-03-26,20,CSGP,65.49295774647888
2018-04-24,1,LW,84.9624060150376
2018-04-24,2,MPC,84.13533834586467
2018-04-24,3,IDA,83.90977443609022
2018-04-24,4,CHE,83.68421052631578
2018-04-24,5,PBF,83.45864661654136
2018-04-24,6,HAE,83.30827067669172
2018-04-24,7,EAT,82.55639097744361
2018-04-24,8,PSX,81.203007518797
2018-04-24,9,UGI,80.60150375939848
2018-04-24,10,WAB,80.0751879699248
2018-04-24,11,AES,79.77443609022556
2018-04-24,12,VLO,79.54887218045113
2018-04-24,13,TXNM,76.69172932330827
2018-04-24,14,CIEN,75.86466165413533
2018-04-24,15,MSA,75.5639097744361
2018-04-24,16,TYL,75.33834586466166
2018-04-24,17,FFIV,75.33834586466165
2018-04-24,18,BWXT,73.68421052631578
2018-04-24,19,COP,73.60902255639097
2018-04-24,20,LNT,73.0827067669173
2018-05-22,1,HQY,96.58031088082902
2018-05-22,2,NOV,94.40414507772022
2018-05-22,3,XHR,86.21761658031089
2018-05-22,4,WAB,85.33678756476685
2018-05-22,5,NUS,85.18134715025907
2018-05-22,6,ESI,84.30051813471503
2018-05-22,7,OLLI,81.1917098445596
2018-05-22,8,GNRC,81.0880829015544
2018-05-22,9,MMSI,80.5699481865285
2018-05-22,10,VLO,79.43005181347151
2018-05-22,11,GDDY,78.70466321243524
2018-05-22,12,FFIV,77.82383419689118
2018-05-22,13,OKE,76.83937823834196
2018-05-22,14,RL,76.83937823834196
2018-05-22,15,MPLX,76.32124352331606
2018-05-22,16,KBR,76.26943005181347
2018-05-22,17,FCFS,76.01036269430051
2018-05-22,18,ICUI,75.18134715025906
2018-05-22,19,EPD,74.92227979274611
2018-05-22,20,ET,74.76683937823833
2018-06-20,1,JAZZ,86.65178571428571
2018-06-20,2,EHC,83.75
2018-06-20,3,NTCT,83.03571428571429
2018-06-20,4,RHI,82.85714285714285
2018-06-20,5,NTAP,82.72321428571429
2018-06-20,6,DAR,82.32142857142857
2018-06-20,7,META,82.05357142857143
2018-06-20,8,CSGP,81.78571428571428
2018-06-20,9,MED,80.98214285714286
2018-06-20,10,BGS,80.80357142857142
2018-06-20,11,TRU,80.75892857142858
2018-06-20,12,EAT,80.0
2018-06-20,13,XYZ,79.91071428571428
2018-06-20,14,AMZN,79.77678571428571
2018-06-20,15,CDNS,79.64285714285715
2018-06-20,16,SITE,79.50892857142857
2018-06-20,17,BKD,79.33035714285714
2018-06-20,18,NFLX,78.97321428571428
2018-06-20,19,DECK,78.70535714285714
2018-06-20,20,INTU,78.66071428571429
2018-07-19,1,SHW,86.22489959839358
2018-07-19,2,CDW,84.21686746987952
2018-07-19,3,ORLY,83.33333333333334
2018-07-19,4,ILMN,82.89156626506023
2018-07-19,5,AAP,81.12449799196787
2018-07-19,6,LGND,80.72289156626505
2018-07-19,7,TTWO,80.64257028112449
2018-07-19,8,GRMN,80.6024096385542
2018-07-19,9,VFC,79.7991967871486
2018-07-19,10,GDDY,78.95582329317268
2018-07-19,11,MCO,78.9156626506024
2018-07-19,12,HEI,78.19277108433735
2018-07-19,13,ALGN,78.1124497991968
2018-07-19,14,HAE,77.99196787148594
2018-07-19,15,CRI,77.429718875502
2018-07-19,16,CBT,77.30923694779116
2018-07-19,17,WAB,77.2289156626506
2018-07-19,18,POOL,76.86746987951807
2018-07-19,19,CRM,76.5863453815261
2018-07-19,20,RL,76.34538152610442
2018-08-16,1,MKC,90.60402684563759
2018-08-16,2,MRK,87.71812080536913
2018-08-16,3,ORLY,87.11409395973155
2018-08-16,4,CABO,84.69798657718121
2018-08-16,5,LLY,82.88590604026845
2018-08-16,6,MUSA,82.48322147651007
2018-08-16,7,AEE,81.94630872483222
2018-08-16,8,NI,81.61073825503355
2018-08-16,9,AYI,81.00671140939598
2018-08-16,10,CMS,80.46979865771813
2018-08-16,11,CLX,79.93288590604027
2018-08-16,12,PFE,79.79865771812081
2018-08-16,13,UGI,78.45637583892618
2018-08-16,14,PG,78.32214765100672
2018-08-16,15,VZ,78.18791946308725
2018-08-16,16,TDY,77.38255033557047
2018-08-16,17,ETR,77.31543624161074
2018-08-16,18,GWW,76.91275167785236
2018-08-16,19,AAPL,75.36912751677852
2018-08-16,20,JKHY,73.4228187919463
2018-09-14,1,PCTY,89.05579399141631
2018-09-14,2,HUBB,88.88412017167381
2018-09-14,3,RVTY,86.52360515021459
2018-09-14,4,FLS,85.36480686695278
2018-09-14,5,HAE,85.1931330472103
2018-09-14,6,TDY,84.50643776824035
2018-09-14,7,TECH,84.42060085836911
2018-09-14,8,FTNT,83.81974248927038
2018-09-14,9,PH,83.00429184549355
2018-09-14,10,GLW,82.78969957081546
2018-09-14,11,MKC,82.61802575107295
2018-09-14,12,ZBRA,81.3304721030043
2018-09-14,13,QCOM,81.11587982832617
2018-09-14,14,LYV,79.78540772532189
2018-09-14,15,XYL,79.09871244635193
2018-09-14,16,POOL,78.75536480686695
2018-09-14,17,MED,78.62660944206009
2018-09-14,18,PRLB,78.41201716738198
2018-09-14,19,CABO,77.29613733905579
2018-09-14,20,RCL,76.73819742489269
2018-10-12,1,AES,79.23076923076924
2018-10-12,2,LLY,70.0
2018-10-12,3,MOS,68.46153846153847
2018-10-12,4,PEG,62.30769230769231
2018-10-12,5,MKC,58.46153846153847
2018-10-12,6,HP,55.38461538461538
2018-10-12,7,NYT,52.307692307692314
2018-10-12,8,HSY,45.38461538461539
2018-10-12,9,D,44.61538461538462
2018-10-12,10,SBUX,43.07692307692307
2018-10-12,11,CHDN,35.38461538461539
2018-10-12,12,SRE,33.07692307692308
2018-10-12,13,XEL,29.230769230769234
2018-10-12,14,FE,23.076923076923077
2018-11-09,1,HELE,96.28205128205128
2018-11-09,2,LW,90.51282051282053
2018-11-09,3,WMT,88.07692307692308
2018-11-09,4,MKC,87.56410256410255
2018-11-09,5,HRL,85.25641025641026
2018-11-09,6,MZTI,84.4871794871795
2018-11-09,7,KO,84.10256410256409
2018-11-09,8,ROST,81.28205128205128
2018-11-09,9,MCD,77.43589743589743
2018-11-09,10,JNJ,77.17948717948717
2018-11-09,11,FDS,76.15384615384615
2018-11-09,12,ABT,74.87179487179489
2018-11-09,13,MDLZ,73.97435897435898
2018-11-09,14,DCI,71.79487179487181
2018-11-09,15,VRSK,71.02564102564102
2018-11-09,16,ORCL,69.23076923076923
2018-11-09,17,PNR,69.23076923076923
2018-11-09,18,PEP,68.58974358974359
2018-11-09,19,TT,68.33333333333333
2018-11-09,20,MRK,67.82051282051282
2018-12-11,1,ES,88.67924528301887
2018-12-11,2,TXNM,88.67924528301887
2018-12-11,3,NI,88.49056603773585
2018-12-11,4,DUK,86.22641509433961
2018-12-11,5,ETR,83.01886792452831
2018-12-11,6,XEL,82.64150943396227
2018-12-11,7,MKC,77.73584905660378
2018-12-11,8,CMS,75.84905660377359
2018-12-11,9,NJR,73.9622641509434
2018-12-11,10,ED,71.50943396226414
2018-12-11,11,AWK,69.43396226415094
2018-12-11,12,D,67.54716981132076
2018-12-11,13,PFGC,67.54716981132076
2018-12-11,14,FE,66.79245283018868
2018-12-11,15,AES,64.71698113207547
2018-12-11,16,PG,63.58490566037736
2018-12-11,17,RMD,61.32075471698113
2018-12-11,18,LNT,60.94339622641509
2018-12-11,19,UGI,59.81132075471698
2018-12-11,20,IDA,59.62264150943397
2019-01-10,1,BRC,84.5945945945946
2019-01-10,2,GNTX,83.24324324324324
2019-01-10,3,CNP,72.43243243243245
2019-01-10,4,MMS,70.8108108108108
2019-01-10,5,CSL,68.10810810810811
2019-01-10,6,OMC,66.75675675675676
2019-01-10,7,MCD,64.32432432432434
2019-01-10,8,CPAY,64.32432432432432
2019-01-10,9,INGR,63.78378378378379
2019-01-10,10,VVV,63.78378378378379
2019-01-10,11,WCN,63.24324324324324
2019-01-10,12,GRMN,60.810810810810814
2019-01-10,13,GHC,60.54054054054055
2019-01-10,14,RSG,58.91891891891892
2019-01-10,15,NI,57.567567567567565
2019-01-10,16,MUSA,56.75675675675676
2019-01-10,17,VZ,56.75675675675676
2019-01-10,18,MLM,56.486486486486484
2019-01-10,19,PPG,54.32432432432432
2019-01-10,20,WMT,50.54054054054053
2019-02-08,1,AES,89.72350230414746
2019-02-08,2,CCK,89.6774193548387
2019-02-08,3,CDNS,89.6774193548387
2019-02-08,4,MTD,86.17511520737327
2019-02-08,5,PANW,85.48387096774195
2019-02-08,6,CSGP,83.68663594470046
2019-02-08,7,CSL,83.22580645161291
2019-02-08,8,QLYS,82.85714285714286
2019-02-08,9,EXPE,82.71889400921658
2019-02-08,10,CVLT,82.44239631336406
2019-02-08,11,ALLE,81.70506912442397
2019-02-08,12,JBL,81.65898617511522
2019-02-08,13,CABO,81.61290322580645
2019-02-08,14,ARW,81.19815668202764
2019-02-08,15,BAH,80.50691244239631
2019-02-08,16,WTRG,80.23041474654379
2019-02-08,17,AWK,80.04608294930875
2019-02-08,18,TYL,79.40092165898618
2019-02-08,19,SON,79.35483870967742
2019-02-08,20,XEL,78.29493087557604
2019-03-11,1,NYT,86.22857142857143
2019-03-11,2,CDNS,84.28571428571428
2019-03-11,3,GPN,81.94285714285714
2019-03-11,4,KMI,79.94285714285714
2019-03-11,5,DLTR,78.97142857142858
2019-03-11,6,KLAC,78.39999999999999
2019-03-11,7,NXST,78.17142857142856
2019-03-11,8,AWK,78.11428571428571
2019-03-11,9,META,77.77142857142857
2019-03-11,10,AES,75.71428571428571
2019-03-11,11,V,74.17142857142856
2019-03-11,12,XYL,73.6
2019-03-11,13,AVY,73.37142857142858
2019-03-11,14,GOOG,72.85714285714286
2019-03-11,15,CSCO,72.57142857142857
2019-03-11,16,MAS,72.51428571428572
2019-03-11,17,QRVO,72.5142857142857
2019-03-11,18,ACIW,71.94285714285714
2019-03-11,19,G,71.65714285714286
2019-03-11,20,INTU,71.54285714285714
2019-04-08,1,MSCI,93.94136807817588
2019-04-08,2,LII,90.6840390879479
2019-04-08,3,CMG,89.28338762214983
2019-04-08,4,EFX,87.55700325732899
2019-04-08,5,AZO,87.03583061889249
2019-04-08,6,UI,86.8729641693811
2019-04-08,7,BBY,85.96091205211725
2019-04-08,8,APH,85.0814332247557
2019-04-08,9,MAR,84.39739413680782
2019-04-08,10,GRMN,83.55048859934853
2019-04-08,11,AAPL,82.24755700325733
2019-04-08,12,GGG,81.75895765472313
2019-04-08,13,IT,81.04234527687296
2019-04-08,14,TSN,80.9771986970684
2019-04-08,15,MIDD,80.42345276872965
2019-04-08,16,ENTG,79.21824104234528
2019-04-08,17,HD,79.21824104234527
2019-04-08,18,TSCO,78.99022801302932
2019-04-08,19,CABO,77.88273615635178
2019-04-08,20,AOS,77.68729641693811
2019-05-07,1,TSN,87.96747967479675
2019-05-07,2,FDS,82.76422764227641
2019-05-07,3,CRUS,82.35772357723577
2019-05-07,4,CABO,82.03252032520325
2019-05-07,5,VMC,79.02439024390243
2019-05-07,6,FBIN,78.04878048780488
2019-05-07,7,SMG,76.99186991869918
2019-05-07,8,MTH,76.09756097560975
2019-05-07,9,RNG,76.01626016260163
2019-05-07,10,DELL,74.95934959349594
2019-05-07,11,JCI,74.95934959349594
2019-05-07,12,VIAV,74.55284552845528
2019-05-07,13,SPB,74.3089430894309
2019-05-07,14,CDNS,74.22764227642276
2019-05-07,15,FCFS,72.92682926829268
2019-05-07,16,AXON,71.86991869918698
2019-05-07,17,MLM,71.38211382113822
2019-05-07,18,HSY,71.30081300813008
2019-05-07,19,USFD,70.89430894308944
2019-05-07,20,TT,70.65040650406505
2019-06-05,1,HSY,95.05813953488371
2019-06-05,2,LHX,94.88372093023256
2019-06-05,3,BAH,91.62790697674419
2019-06-05,4,WM,89.59302325581395
2019-06-05,5,SCI,88.48837209302326
2019-06-05,6,ZTS,84.1279069767442
2019-06-05,7,WSO,83.83720930232559
2019-06-05,8,LMT,83.54651162790698
2019-06-05,9,CABO,83.25581395348837
2019-06-05,10,AWK,82.67441860465117
2019-06-05,11,PODD,78.48837209302324
2019-06-05,12,EFX,78.25581395348837
2019-06-05,13,MSI,77.49999999999999
2019-06-05,14,KMB,77.44186046511628
2019-06-05,15,WTRG,77.26744186046511
2019-06-05,16,MLM,75.63953488372094
2019-06-05,17,LOPE,75.5232558139535
2019-06-05,18,VMC,74.94186046511628
2019-06-05,19,SBUX,73.77906976744187
2019-06-05,20,FCN,73.6046511627907
2019-07-03,1,STE,92.7710843373494
2019-07-03,2,BRKR,88.13253012048192
2019-07-03,3,MTD,86.77710843373494
2019-07-03,4,TDY,85.90361445783132
2019-07-03,5,CVI,83.97590361445782
2019-07-03,6,HEI,83.5843373493976
2019-07-03,7,TTWO,83.3433734939759
2019-07-03,8,OMC,81.62650602409639
2019-07-03,9,EME,81.3855421686747
2019-07-03,10,GNRC,80.90361445783132
2019-07-03,11,SBUX,80.75301204819277
2019-07-03,12,CPAY,80.42168674698796
2019-07-03,13,RBC,80.21084337349397
2019-07-03,14,AGCO,80.0
2019-07-03,15,HLT,80.0
2019-07-03,16,HAE,79.96987951807229
2019-07-03,17,VVV,79.81927710843374
2019-07-03,18,CHE,78.73493975903614
2019-07-03,19,CDW,78.52409638554218
2019-07-03,20,SMG,78.37349397590361
2019-08-01,1,RGEN,87.26495726495726
2019-08-01,2,CHE,85.98290598290599
2019-08-01,3,AKAM,83.33333333333334
2019-08-01,4,RMD,82.39316239316238
2019-08-01,5,SPGI,81.53846153846155
2019-08-01,6,SEDG,81.36752136752136
2019-08-01,7,HSY,80.85470085470085
2019-08-01,8,GKOS,77.26495726495727
2019-08-01,9,LIVN,77.17948717948718
2019-08-01,10,TTWO,76.23931623931624
2019-08-01,11,TYL,75.55555555555556
2019-08-01,12,LHX,75.12820512820512
2019-08-01,13,UNF,74.1025641025641
2019-08-01,14,BLKB,73.5042735042735
2019-08-01,15,SIRI,71.70940170940172
2019-08-01,16,OPTU,71.1111111111111
2019-08-01,17,GMED,70.85470085470085
2019-08-01,18,ODFL,68.71794871794872
2019-08-01,19,MCO,68.63247863247864
2019-08-01,20,MDT,68.2905982905983
2019-08-29,1,GNRC,90.69565217391305
2019-08-29,2,TDY,85.91304347826086
2019-08-29,3,CMG,84.86956521739131
2019-08-29,4,OPTU,84.78260869565217
2019-08-29,5,XEL,83.65217391304348
2019-08-29,6,PFGC,80.52173913043478
2019-08-29,7,BAH,79.65217391304348
2019-08-29,8,CMS,79.65217391304348
2019-08-29,9,AWK,79.56521739130434
2019-08-29,10,MDT,79.30434782608695
2019-08-29,11,RMD,77.56521739130436
2019-08-29,12,CHTR,77.13043478260869
2019-08-29,13,CASY,76.78260869565217
2019-08-29,14,NEU,75.82608695652173
2019-08-29,15,NEM,75.04347826086956
2019-08-29,16,VRSK,72.95652173913044
2019-08-29,17,STX,72.52173913043478
2019-08-29,18,LW,71.91304347826086
2019-08-29,19,PG,71.65217391304348
2019-08-29,20,IDA,70.2608695652174
2019-09-27,1,DHI,89.12751677852349
2019-09-27,2,KBH,86.91275167785236
2019-09-27,3,ES,86.30872483221476
2019-09-27,4,KLAC,84.16107382550335
2019-09-27,5,NEE,82.48322147651007
2019-09-27,6,ED,82.01342281879195
2019-09-27,7,MLM,81.00671140939598
2019-09-27,8,NRG,80.20134228187919
2019-09-27,9,PHM,75.43624161073825
2019-09-27,10,VST,75.36912751677852
2019-09-27,11,ATO,75.30201342281879
2019-09-27,12,NKE,75.1006711409396
2019-09-27,13,TREX,74.69798657718121
2019-09-27,14,OGS,73.95973154362416
2019-09-27,15,BLDR,73.8255033557047
2019-09-27,16,GPK,72.88590604026847
2019-09-27,17,LEN,72.75167785234899
2019-09-27,18,WERN,71.81208053691275
2019-09-27,19,FE,71.54362416107382
2019-09-27,20,LNT,71.20805369127517
2019-10-25,1,WERN,87.89473684210526
2019-10-25,2,CROX,86.9377990430622
2019-10-25,3,VLO,84.73684210526315
2019-10-25,4,PHM,84.688995215311
2019-10-25,5,BMY,82.20095693779903
2019-10-25,6,WU,81.67464114832535
2019-10-25,7,XPO,81.00478468899522
2019-10-25,8,AAPL,80.86124401913875
2019-10-25,9,SAIA,80.66985645933015
2019-10-25,10,ODFL,80.28708133971293
2019-10-25,11,MPC,79.52153110047847
2019-10-25,12,BC,78.61244019138756
2019-10-25,13,FBIN,77.46411483253588
2019-10-25,14,SNA,76.69856459330143
2019-10-25,15,PSX,76.07655502392345
2019-10-25,16,EXP,75.4066985645933
2019-10-25,17,BLDR,75.02392344497608
2019-10-25,18,PENN,74.78468899521532
2019-10-25,19,KBH,74.73684210526315
2019-10-25,20,CHTR,74.066985645933
2019-11-22,1,ALGN,87.7659574468085
2019-11-22,2,AES,86.48936170212765
2019-11-22,3,ADSK,84.52127659574468
2019-11-22,4,PANW,82.97872340425532
2019-11-22,5,AMGN,81.86170212765957
2019-11-22,6,CVS,80.26595744680851
2019-11-22,7,VRTX,80.10638297872339
2019-11-22,8,DOCU,80.0
2019-11-22,9,MGM,79.8936170212766
2019-11-22,10,JAZZ,79.7872340425532
2019-11-22,11,TYL,79.09574468085107
2019-11-22,12,LW,78.98936170212765
2019-11-22,13,LULU,78.67021276595746
2019-11-22,14,OC,77.92553191489363
2019-11-22,15,CPRT,77.6063829787234
2019-11-22,16,CAH,77.3404255319149
2019-11-22,17,ACHC,76.86170212765957
2019-11-22,18,BYD,76.70212765957447
2019-11-22,19,PCTY,76.59574468085107
2019-11-22,20,CABO,76.43617021276596
2019-12-23,1,IRWD,87.06948640483384
2019-12-23,2,RCL,87.0392749244713
2019-12-23,3,H,86.76737160120845
2019-12-23,4,MAR,86.73716012084591
2019-12-23,5,CRUS,85.92145015105741
2019-12-23,6,IR,85.67975830815709
2019-12-23,7,WH,84.71299093655588
2019-12-23,8,LLY,84.04833836858006
2019-12-23,9,SWKS,83.1117824773414
2019-12-23,10,QRVO,81.66163141993958
2019-12-23,11,CZR,81.02719033232628
2019-12-23,12,HLT,80.48338368580062
2019-12-23,13,MGM,79.12386706948642
2019-12-23,14,AAPL,78.97280966767372
2019-12-23,15,Z,78.24773413897282
2019-12-23,16,URI,77.97583081570997
2019-12-23,17,CRI,77.49244712990937
2019-12-23,18,NSIT,77.22054380664653
2019-12-23,19,GGG,77.00906344410876
2019-12-23,20,HCA,76.85800604229607
2020-01-23,1,DVA,88.32775919732441
2020-01-23,2,COO,87.45819397993311
2020-01-23,3,CHE,84.81605351170569
2020-01-23,4,CPRT,81.97324414715719
2020-01-23,5,CACI,81.1371237458194
2020-01-23,6,HPQ,81.1371237458194
2020-01-23,7,GEN,81.00334448160535
2020-01-23,8,FICO,80.3010033444816
2020-01-23,9,PAYC,80.16722408026756
2020-01-23,10,FTNT,79.4648829431438
2020-01-23,11,HUBS,79.36454849498328
2020-01-23,12,FBIN,78.72909698996655
2020-01-23,13,SNAP,78.69565217391306
2020-01-23,14,WTRG,78.5953177257525
2020-01-23,15,GPN,78.52842809364549
2020-01-23,16,VRSK,78.52842809364549
2020-01-23,17,ADSK,78.02675585284283
2020-01-23,18,PODD,77.9933110367893
2020-01-23,19,LLY,77.35785953177258
2020-01-23,20,RNG,76.98996655518394
2020-02-21,1,SCI,86.34285714285716
2020-02-21,2,CHDN,85.3142857142857
2020-02-21,3,DUK,85.02857142857142
2020-02-21,4,BWXT,83.88571428571427
2020-02-21,5,NEM,82.97142857142856
2020-02-21,6,PODD,82.8
2020-02-21,7,TREX,82.1142857142857
2020-02-21,8,XIFR,81.37142857142857
2020-02-21,9,ES,80.51428571428572
2020-02-21,10,DOCU,79.94285714285714
2020-02-21,11,JACK,79.48571428571428
2020-02-21,12,MRCY,78.45714285714284
2020-02-21,13,LPX,78.22857142857143
2020-02-21,14,XPO,77.2
2020-02-21,15,ETSY,76.97142857142858
2020-02-21,16,J,76.05714285714285
2020-02-21,17,H,74.0
2020-02-21,18,ULTA,74.0
2020-02-21,19,PEN,73.88571428571429
2020-02-21,20,HPQ,71.82857142857144
2020-05-18,1,EBAY,79.54545454545455
2020-05-18,2,BJ,78.63636363636364
2020-05-18,3,MKC,76.81818181818181
2020-05-18,4,TTWO,76.36363636363637
2020-05-18,5,BIO,71.81818181818183
2020-05-18,6,DG,65.45454545454545
2020-05-18,7,BMY,60.909090909090914
2020-05-18,8,FAST,56.81818181818181
2020-05-18,9,WDFC,55.45454545454545
2020-05-18,10,WMT,53.18181818181819
2020-05-18,11,GIS,52.727272727272734
2020-05-18,12,CAG,50.45454545454546
2020-05-18,13,CHTR,47.27272727272728
2020-05-18,14,HRL,44.09090909090909
2020-05-18,15,EXPD,43.18181818181819
2020-05-18,16,PCAR,40.90909090909091
2020-05-18,17,PEP,37.27272727272727
2020-05-18,18,NEU,35.0
2020-05-18,19,JNJ,34.09090909090909
2020-05-18,20,D,30.909090909090907
2020-06-16,1,ORLY,86.15384615384616
2020-06-16,2,AMZN,83.84615384615385
2020-06-16,3,AAPL,76.53846153846153
2020-06-16,4,ROP,72.6923076923077
2020-06-16,5,AWK,71.53846153846153
2020-06-16,6,WSO,62.30769230769231
2020-06-16,7,DG,58.84615384615385
2020-06-16,8,XIFR,58.46153846153847
2020-06-16,9,GOOG,58.07692307692308
2020-06-16,10,CL,56.53846153846154
2020-06-16,11,ED,50.76923076923077
2020-06-16,12,YUM,50.76923076923077
2020-06-16,13,AZO,49.23076923076923
2020-06-16,14,CHTR,49.23076923076923
2020-06-16,15,MKC,48.84615384615384
2020-06-16,16,D,48.46153846153846
2020-06-16,17,PG,47.692307692307686
2020-06-16,18,CMS,46.15384615384615
2020-06-16,19,KMB,44.23076923076923
2020-06-16,20,CHD,40.0
2020-07-15,1,EBAY,88.70967741935483
2020-07-15,2,WSO,88.14516129032258
2020-07-15,3,POOL,84.83870967741935
2020-07-15,4,XIFR,84.03225806451613
2020-07-15,5,TSCO,83.95161290322581
2020-07-15,6,CHRW,83.06451612903226
2020-07-15,7,CHD,81.85483870967741
2020-07-15,8,AAPL,80.96774193548386
2020-07-15,9,MTD,80.48387096774194
2020-07-15,10,PPG,80.08064516129033
2020-07-15,11,ROK,76.53225806451613
2020-07-15,12,JBHT,75.96774193548387
2020-07-15,13,RVTY,75.64516129032258
2020-07-15,14,MAS,75.48387096774192
2020-07-15,15,MKC,75.16129032258065
2020-07-15,16,PRGO,74.03225806451613
2020-07-15,17,ODFL,73.5483870967742
2020-07-15,18,EXPD,72.58064516129032
2020-07-15,19,GLW,71.53225806451613
2020-07-15,20,RMD,71.29032258064515
2020-08-12,1,HUBB,88.34394904458598
2020-08-12,2,KMX,87.19745222929936
2020-08-12,3,GPC,85.85987261146497
2020-08-12,4,TXT,84.71337579617835
2020-08-12,5,DE,83.75796178343948
2020-08-12,6,TT,83.63057324840764
2020-08-12,7,AME,80.63694267515925
2020-08-12,8,IR,80.50955414012739
2020-08-12,9,TDG,79.10828025477707
2020-08-12,10,SSD,78.28025477707006
2020-08-12,11,HELE,77.32484076433121
2020-08-12,12,CPRT,76.68789808917197
2020-08-12,13,JCI,75.60509554140127
2020-08-12,14,DCI,75.15923566878982
2020-08-12,15,ZTS,75.15923566878982
2020-08-12,16,BAH,74.52229299363057
2020-08-12,17,FUL,74.20382165605095
2020-08-12,18,GGG,74.07643312101911
2020-08-12,19,MTD,73.88535031847134
2020-08-12,20,PCAR,73.88535031847134
2020-09-10,1,NUS,87.69230769230768
2020-09-10,2,NVCR,82.11538461538461
2020-09-10,3,AGCO,81.34615384615384
2020-09-10,4,RSG,79.8076923076923
2020-09-10,5,SHW,79.42307692307693
2020-09-10,6,FDX,77.5
2020-09-10,7,WTS,76.34615384615384
2020-09-10,8,PPG,75.76923076923077
2020-09-10,9,NKE,73.07692307692308
2020-09-10,10,MCD,72.1153846153846
2020-09-10,11,CHRW,70.96153846153847
2020-09-10,12,GGG,70.57692307692308
2020-09-10,13,ADM,70.1923076923077
2020-09-10,14,NSC,64.80769230769229
2020-09-10,15,XYL,64.61538461538461
2020-09-10,16,GPC,64.42307692307692
2020-09-10,17,STZ,63.07692307692307
2020-09-10,18,SYK,62.5
2020-09-10,19,EXPD,58.65384615384615
2020-09-10,20,PM,55.96153846153846
2020-10-08,1,RBA,90.27777777777779
2020-10-08,2,AWK,85.94444444444444
2020-10-08,3,ED,85.6111111111111
2020-10-08,4,SPB,84.0
2020-10-08,5,UPS,84.0
2020-10-08,6,CCK,83.88888888888889
2020-10-08,7,GWW,83.22222222222221
2020-10-08,8,ENTG,82.77777777777777
2020-10-08,9,CPRT,82.72222222222221
2020-10-08,10,TT,81.05555555555554
2020-10-08,11,DE,80.44444444444446
2020-10-08,12,MAT,80.05555555555556
2020-10-08,13,TEL,80.0
2020-10-08,14,GGG,78.44444444444446
2020-10-08,15,PEG,78.05555555555556
2020-10-08,16,XYL,77.55555555555557
2020-10-08,17,PPL,77.33333333333333
2020-10-08,18,POOL,76.11111111111111
2020-10-08,19,DG,75.94444444444444
2020-10-08,20,MSA,75.66666666666667
2020-11-05,1,SHW,80.78125
2020-11-05,2,RVTY,78.59375
2020-11-05,3,TYL,77.96875
2020-11-05,4,POOL,76.09375
2020-11-05,5,TNET,75.9375
2020-11-05,6,LH,74.53125
2020-11-05,7,GRMN,72.8125
2020-11-05,8,WTS,72.5
2020-11-05,9,GNTX,70.9375
2020-11-05,10,COST,70.78125
2020-11-05,11,BBY,70.625
2020-11-05,12,DGX,70.15625
2020-11-05,13,ABT,69.0625
2020-11-05,14,COR,68.125
2020-11-05,15,WCN,67.34374999999999
2020-11-05,16,CL,67.1875
2020-11-05,17,RSG,64.0625
2020-11-05,18,GGG,63.4375
2020-11-05,19,GEN,63.28125
2020-11-05,20,AWK,61.5625
