date,model,n,unknown_path,unknown_end,bad_path10,bad_path20,bad_end10,up_end10,split
2016-01-04,current20,0,0,0,0,0,0,0,2016-2020
2016-01-04,report28,0,0,0,0,0,0,0,2016-2020
2016-01-04,reuse28,0,0,0,0,0,0,0,2016-2020
2016-01-04,down20,0,0,0,0,0,0,0,2016-2020
2016-01-04,down20_dd60,0,0,0,0,0,0,0,2016-2020
2016-01-04,efficient60,0,0,0,0,0,0,0,2016-2020
2016-01-04,relative80,0,0,0,0,0,0,0,2016-2020
2016-01-04,core15_plus5,0,0,0,0,0,0,0,2016-2020
2016-02-02,current20,0,0,0,0,0,0,0,2016-2020
2016-02-02,report28,0,0,0,0,0,0,0,2016-2020
2016-02-02,reuse28,0,0,0,0,0,0,0,2016-2020
2016-02-02,down20,0,0,0,0,0,0,0,2016-2020
2016-02-02,down20_dd60,0,0,0,0,0,0,0,2016-2020
2016-02-02,efficient60,0,0,0,0,0,0,0,2016-2020
2016-02-02,relative80,0,0,0,0,0,0,0,2016-2020
2016-02-02,core15_plus5,0,0,0,0,0,0,0,2016-2020
2016-03-02,current20,0,0,0,0,0,0,0,2016-2020
2016-03-02,report28,0,0,0,0,0,0,0,2016-2020
2016-03-02,reuse28,0,0,0,0,0,0,0,2016-2020
2016-03-02,down20,0,0,0,0,0,0,0,2016-2020
2016-03-02,down20_dd60,0,0,0,0,0,0,0,2016-2020
2016-03-02,efficient60,0,0,0,0,0,0,0,2016-2020
2016-03-02,relative80,0,0,0,0,0,0,0,2016-2020
2016-03-02,core15_plus5,0,0,0,0,0,0,0,2016-2020
2016-03-31,current20,20,0,0,0,0,0,0,2016-2020
2016-03-31,report28,20,0,0,0,0,0,0,2016-2020
2016-03-31,reuse28,20,0,0,0,0,0,0,2016-2020
2016-03-31,down20,20,0,0,0,0,0,0,2016-2020
2016-03-31,down20_dd60,20,0,0,0,0,0,0,2016-2020
2016-03-31,efficient60,20,0,0,0,0,0,0,2016-2020
2016-03-31,relative80,20,0,0,0,0,0,0,2016-2020
2016-03-31,core15_plus5,20,0,0,0,0,0,0,2016-2020
2016-04-28,current20,20,0,0,7,2,4,0,2016-2020
2016-04-28,report28,20,0,0,0,0,0,0,2016-2020
2016-04-28,reuse28,20,0,0,1,0,0,0,2016-2020
2016-04-28,down20,20,0,0,7,0,2,0,2016-2020
2016-04-28,down20_dd60,20,0,0,7,0,2,0,2016-2020
2016-04-28,efficient60,20,0,0,0,0,0,0,2016-2020
2016-04-28,relative80,20,0,0,2,0,1,0,2016-2020
2016-04-28,core15_plus5,20,0,0,5,0,2,0,2016-2020
2016-05-26,current20,20,0,0,2,0,2,0,2016-2020
2016-05-26,report28,20,0,0,2,0,2,0,2016-2020
2016-05-26,reuse28,20,0,0,2,0,2,0,2016-2020
2016-05-26,down20,20,0,0,2,0,2,0,2016-2020
2016-05-26,down20_dd60,20,0,0,2,0,2,0,2016-2020
2016-05-26,efficient60,20,0,0,0,0,0,0,2016-2020
2016-05-26,relative80,20,0,0,2,0,2,0,2016-2020
2016-05-26,core15_plus5,20,0,0,2,0,2,0,2016-2020
2016-06-24,current20,20,0,0,1,0,0,1,2016-2020
2016-06-24,report28,20,0,0,0,0,0,3,2016-2020
2016-06-24,reuse28,20,0,0,0,0,0,1,2016-2020
2016-06-24,down20,20,0,0,1,1,1,2,2016-2020
2016-06-24,down20_dd60,20,0,0,1,1,1,2,2016-2020
2016-06-24,efficient60,20,0,0,0,0,0,0,2016-2020
2016-06-24,relative80,20,0,0,0,0,0,1,2016-2020
2016-06-24,core15_plus5,20,0,0,1,1,1,2,2016-2020
2016-07-25,current20,20,0,0,1,0,1,1,2016-2020
2016-07-25,report28,20,0,0,0,0,0,0,2016-2020
2016-07-25,reuse28,20,0,0,1,0,1,0,2016-2020
2016-07-25,down20,20,0,0,1,0,1,0,2016-2020
2016-07-25,down20_dd60,20,0,0,1,0,1,0,2016-2020
2016-07-25,efficient60,20,0,0,0,0,0,0,2016-2020
2016-07-25,relative80,20,0,0,1,0,1,0,2016-2020
2016-07-25,core15_plus5,20,0,0,1,0,1,0,2016-2020
2016-08-22,current20,20,0,0,6,1,5,1,2016-2020
2016-08-22,report28,20,0,0,1,0,1,1,2016-2020
2016-08-22,reuse28,20,0,0,1,0,1,1,2016-2020
2016-08-22,down20,20,0,0,2,0,2,1,2016-2020
2016-08-22,down20_dd60,20,0,0,2,0,2,1,2016-2020
2016-08-22,efficient60,20,0,0,1,0,0,0,2016-2020
2016-08-22,relative80,20,0,0,3,0,2,1,2016-2020
2016-08-22,core15_plus5,20,0,0,2,0,2,1,2016-2020
2016-09-20,current20,20,0,0,0,0,0,0,2016-2020
2016-09-20,report28,20,0,0,2,1,2,1,2016-2020
2016-09-20,reuse28,20,0,0,1,0,1,0,2016-2020
2016-09-20,down20,20,0,0,1,0,1,0,2016-2020
2016-09-20,down20_dd60,20,0,0,1,0,1,0,2016-2020
2016-09-20,efficient60,20,0,0,0,0,0,0,2016-2020
2016-09-20,relative80,20,0,0,0,0,0,0,2016-2020
2016-09-20,core15_plus5,20,0,0,1,0,1,0,2016-2020
2016-10-18,current20,20,0,0,4,0,3,6,2016-2020
2016-10-18,report28,20,0,0,5,0,2,3,2016-2020
2016-10-18,reuse28,20,0,0,3,0,2,8,2016-2020
2016-10-18,down20,20,0,0,5,0,4,8,2016-2020
2016-10-18,down20_dd60,20,0,0,5,0,4,8,2016-2020
2016-10-18,efficient60,20,0,0,2,0,0,2,2016-2020
2016-10-18,relative80,20,0,0,3,0,2,7,2016-2020
2016-10-18,core15_plus5,20,0,0,5,0,4,8,2016-2020
2016-11-15,current20,20,0,0,0,0,0,4,2016-2020
2016-11-15,report28,20,0,0,0,0,0,3,2016-2020
2016-11-15,reuse28,20,0,0,0,0,0,3,2016-2020
2016-11-15,down20,20,0,0,0,0,0,4,2016-2020
2016-11-15,down20_dd60,20,0,0,0,0,0,4,2016-2020
2016-11-15,efficient60,20,0,0,0,0,0,4,2016-2020
2016-11-15,relative80,20,0,0,0,0,0,5,2016-2020
2016-11-15,core15_plus5,20,0,0,0,0,0,5,2016-2020
2016-12-14,current20,20,0,0,0,0,0,0,2016-2020
2016-12-14,report28,20,0,0,0,0,0,0,2016-2020
2016-12-14,reuse28,20,0,0,0,0,0,0,2016-2020
2016-12-14,down20,20,0,0,0,0,0,0,2016-2020
2016-12-14,down20_dd60,20,0,0,0,0,0,0,2016-2020
2016-12-14,efficient60,20,0,0,0,0,0,0,2016-2020
2016-12-14,relative80,20,0,0,0,0,0,0,2016-2020
2016-12-14,core15_plus5,20,0,0,0,0,0,0,2016-2020
2017-01-13,current20,20,0,0,0,0,0,6,2016-2020
2017-01-13,report28,20,0,0,0,0,0,6,2016-2020
2017-01-13,reuse28,20,0,0,0,0,0,3,2016-2020
2017-01-13,down20,20,0,0,1,0,1,3,2016-2020
2017-01-13,down20_dd60,20,0,0,1,0,1,3,2016-2020
2017-01-13,efficient60,20,0,0,0,0,0,0,2016-2020
2017-01-13,relative80,20,0,0,0,0,0,3,2016-2020
2017-01-13,core15_plus5,20,0,0,1,0,1,3,2016-2020
2017-02-13,current20,20,0,0,4,1,3,1,2016-2020
2017-02-13,report28,20,0,0,2,0,1,2,2016-2020
2017-02-13,reuse28,20,0,0,1,0,0,0,2016-2020
2017-02-13,down20,20,0,0,1,0,0,2,2016-2020
2017-02-13,down20_dd60,20,0,0,1,0,0,2,2016-2020
2017-02-13,efficient60,20,0,0,1,0,0,0,2016-2020
2017-02-13,relative80,20,0,0,1,0,0,0,2016-2020
2017-02-13,core15_plus5,20,0,0,1,0,0,2,2016-2020
2017-03-14,current20,20,0,0,1,0,0,0,2016-2020
2017-03-14,report28,20,0,0,2,0,0,0,2016-2020
2017-03-14,reuse28,20,0,0,1,0,0,0,2016-2020
2017-03-14,down20,20,0,0,1,0,0,0,2016-2020
2017-03-14,down20_dd60,20,0,0,1,0,0,0,2016-2020
2017-03-14,efficient60,20,0,0,1,0,0,0,2016-2020
2017-03-14,relative80,20,0,0,1,0,0,0,2016-2020
2017-03-14,core15_plus5,20,0,0,1,0,0,0,2016-2020
2017-04-11,current20,20,0,0,0,0,0,1,2016-2020
2017-04-11,report28,20,0,0,0,0,0,0,2016-2020
2017-04-11,reuse28,20,0,0,0,0,0,0,2016-2020
2017-04-11,down20,20,0,0,1,1,1,0,2016-2020
2017-04-11,down20_dd60,20,0,0,1,1,1,0,2016-2020
2017-04-11,efficient60,20,0,0,0,0,0,2,2016-2020
2017-04-11,relative80,20,0,0,0,0,0,1,2016-2020
2017-04-11,core15_plus5,20,0,0,1,1,1,0,2016-2020
2017-05-10,current20,20,0,0,0,0,0,4,2016-2020
2017-05-10,report28,20,0,0,1,0,0,2,2016-2020
2017-05-10,reuse28,20,0,0,0,0,0,3,2016-2020
2017-05-10,down20,20,0,0,0,0,0,5,2016-2020
2017-05-10,down20_dd60,20,0,0,0,0,0,5,2016-2020
2017-05-10,efficient60,20,0,0,0,0,0,1,2016-2020
2017-05-10,relative80,20,0,0,0,0,0,2,2016-2020
2017-05-10,core15_plus5,20,0,0,0,0,0,5,2016-2020
2017-06-08,current20,20,0,0,3,0,2,0,2016-2020
2017-06-08,report28,20,0,0,3,1,3,0,2016-2020
2017-06-08,reuse28,20,0,0,3,0,3,0,2016-2020
2017-06-08,down20,20,0,0,2,0,2,0,2016-2020
2017-06-08,down20_dd60,20,0,0,2,0,2,0,2016-2020
2017-06-08,efficient60,20,0,0,0,0,0,0,2016-2020
2017-06-08,relative80,20,0,0,3,0,3,0,2016-2020
2017-06-08,core15_plus5,20,0,0,2,0,2,0,2016-2020
2017-07-07,current20,20,0,0,3,0,1,1,2016-2020
2017-07-07,report28,20,0,0,3,0,1,0,2016-2020
2017-07-07,reuse28,20,0,0,3,0,1,1,2016-2020
2017-07-07,down20,20,0,0,3,0,1,1,2016-2020
2017-07-07,down20_dd60,20,0,0,3,0,1,1,2016-2020
2017-07-07,efficient60,20,0,0,2,0,1,1,2016-2020
2017-07-07,relative80,20,0,0,3,0,1,1,2016-2020
2017-07-07,core15_plus5,20,0,0,3,0,1,1,2016-2020
2017-08-04,current20,20,0,0,1,0,0,2,2016-2020
2017-08-04,report28,20,0,0,0,0,0,1,2016-2020
2017-08-04,reuse28,20,0,0,2,0,0,2,2016-2020
2017-08-04,down20,20,0,0,2,0,0,1,2016-2020
2017-08-04,down20_dd60,20,0,0,2,0,0,1,2016-2020
2017-08-04,efficient60,20,0,0,1,0,0,0,2016-2020
2017-08-04,relative80,20,0,0,1,0,0,2,2016-2020
2017-08-04,core15_plus5,20,0,0,2,0,0,1,2016-2020
2017-09-01,current20,20,0,0,0,0,0,2,2016-2020
2017-09-01,report28,20,0,0,0,0,0,1,2016-2020
2017-09-01,reuse28,20,0,0,0,0,0,2,2016-2020
2017-09-01,down20,20,0,0,0,0,0,2,2016-2020
2017-09-01,down20_dd60,20,0,0,0,0,0,2,2016-2020
2017-09-01,efficient60,20,0,0,0,0,0,0,2016-2020
2017-09-01,relative80,20,0,0,0,0,0,2,2016-2020
2017-09-01,core15_plus5,20,0,0,0,0,0,2,2016-2020
2017-10-02,current20,20,0,0,0,0,0,3,2016-2020
2017-10-02,report28,20,0,0,1,0,0,3,2016-2020
2017-10-02,reuse28,20,0,0,0,0,0,2,2016-2020
2017-10-02,down20,20,0,0,0,0,0,3,2016-2020
2017-10-02,down20_dd60,20,0,0,0,0,0,3,2016-2020
2017-10-02,efficient60,20,0,0,0,0,0,1,2016-2020
2017-10-02,relative80,20,0,0,0,0,0,2,2016-2020
2017-10-02,core15_plus5,20,0,0,0,0,0,3,2016-2020
2017-10-30,current20,20,0,0,0,0,0,3,2016-2020
2017-10-30,report28,20,0,0,1,0,0,5,2016-2020
2017-10-30,reuse28,20,0,0,0,0,0,4,2016-2020
2017-10-30,down20,20,0,0,0,0,0,3,2016-2020
2017-10-30,down20_dd60,20,0,0,0,0,0,3,2016-2020
2017-10-30,efficient60,20,0,0,0,0,0,1,2016-2020
2017-10-30,relative80,20,0,0,1,0,0,2,2016-2020
2017-10-30,core15_plus5,20,0,0,0,0,0,3,2016-2020
2017-11-28,current20,20,0,0,5,0,4,1,2016-2020
2017-11-28,report28,20,0,0,1,0,1,0,2016-2020
2017-11-28,reuse28,20,0,0,4,0,3,0,2016-2020
2017-11-28,down20,20,0,0,4,0,3,1,2016-2020
2017-11-28,down20_dd60,20,0,0,4,0,3,1,2016-2020
2017-11-28,efficient60,20,0,0,1,0,0,0,2016-2020
2017-11-28,relative80,20,0,0,3,0,2,0,2016-2020
2017-11-28,core15_plus5,20,0,0,4,0,3,1,2016-2020
2017-12-27,current20,20,0,0,1,1,1,1,2016-2020
2017-12-27,report28,20,0,0,0,0,0,3,2016-2020
2017-12-27,reuse28,20,0,0,0,0,0,1,2016-2020
2017-12-27,down20,20,0,0,0,0,0,2,2016-2020
2017-12-27,down20_dd60,20,0,0,0,0,0,2,2016-2020
2017-12-27,efficient60,20,0,0,0,0,0,0,2016-2020
2017-12-27,relative80,20,0,0,0,0,0,1,2016-2020
2017-12-27,core15_plus5,20,0,0,0,0,0,1,2016-2020
2018-01-26,current20,20,0,0,13,3,2,0,2016-2020
2018-01-26,report28,20,0,0,18,4,5,0,2016-2020
2018-01-26,reuse28,20,0,0,14,3,2,0,2016-2020
2018-01-26,down20,20,0,0,14,4,3,0,2016-2020
2018-01-26,down20_dd60,20,0,0,14,4,3,0,2016-2020
2018-01-26,efficient60,20,0,0,7,0,0,0,2016-2020
2018-01-26,relative80,20,0,0,14,2,2,0,2016-2020
2018-01-26,core15_plus5,20,0,0,14,3,1,0,2016-2020
2018-02-26,current20,20,0,0,6,0,3,1,2016-2020
2018-02-26,report28,20,0,0,3,0,1,0,2016-2020
2018-02-26,reuse28,20,0,0,4,0,2,0,2016-2020
2018-02-26,down20,20,0,0,4,0,4,1,2016-2020
2018-02-26,down20_dd60,20,0,0,4,0,4,1,2016-2020
2018-02-26,efficient60,20,0,0,1,0,0,1,2016-2020
2018-02-26,relative80,20,0,0,4,0,2,1,2016-2020
2018-02-26,core15_plus5,20,0,0,4,0,3,1,2016-2020
2018-03-26,current20,20,0,0,5,0,2,1,2016-2020
2018-03-26,report28,20,0,0,1,0,0,0,2016-2020
2018-03-26,reuse28,20,0,0,2,0,0,0,2016-2020
2018-03-26,down20,20,0,0,3,0,1,0,2016-2020
2018-03-26,down20_dd60,20,0,0,3,0,1,0,2016-2020
2018-03-26,efficient60,20,0,0,2,0,1,0,2016-2020
2018-03-26,relative80,20,0,0,1,0,0,1,2016-2020
2018-03-26,core15_plus5,20,0,0,3,0,1,0,2016-2020
2018-04-24,current20,20,0,0,0,0,0,3,2016-2020
2018-04-24,report28,20,0,0,0,0,0,4,2016-2020
2018-04-24,reuse28,20,0,0,0,0,0,2,2016-2020
2018-04-24,down20,20,0,0,0,0,0,2,2016-2020
2018-04-24,down20_dd60,20,0,0,0,0,0,2,2016-2020
2018-04-24,efficient60,20,0,0,1,0,0,2,2016-2020
2018-04-24,relative80,20,0,0,0,0,0,1,2016-2020
2018-04-24,core15_plus5,20,0,0,0,0,0,2,2016-2020
2018-05-22,current20,20,0,0,2,0,1,3,2016-2020
2018-05-22,report28,20,0,0,0,0,0,2,2016-2020
2018-05-22,reuse28,20,0,0,2,0,1,2,2016-2020
2018-05-22,down20,20,0,0,2,0,1,4,2016-2020
2018-05-22,down20_dd60,20,0,0,2,0,1,4,2016-2020
2018-05-22,efficient60,20,0,0,2,0,1,1,2016-2020
2018-05-22,relative80,20,0,0,2,0,1,2,2016-2020
2018-05-22,core15_plus5,20,0,0,2,0,1,4,2016-2020
2018-06-20,current20,20,0,0,4,0,1,0,2016-2020
2018-06-20,report28,20,0,0,0,0,0,0,2016-2020
2018-06-20,reuse28,20,0,0,4,0,1,0,2016-2020
2018-06-20,down20,20,0,0,5,0,1,1,2016-2020
2018-06-20,down20_dd60,20,0,0,5,0,1,1,2016-2020
2018-06-20,efficient60,20,0,0,1,0,1,0,2016-2020
2018-06-20,relative80,20,0,0,1,0,1,0,2016-2020
2018-06-20,core15_plus5,20,0,0,5,0,1,1,2016-2020
2018-07-19,current20,20,0,0,1,0,1,1,2016-2020
2018-07-19,report28,20,0,0,2,0,2,1,2016-2020
2018-07-19,reuse28,20,0,0,1,0,1,1,2016-2020
2018-07-19,down20,20,0,0,1,0,1,1,2016-2020
2018-07-19,down20_dd60,20,0,0,1,0,1,1,2016-2020
2018-07-19,efficient60,20,0,0,0,0,0,2,2016-2020
2018-07-19,relative80,20,0,0,1,0,1,1,2016-2020
2018-07-19,core15_plus5,20,0,0,1,0,1,1,2016-2020
2018-08-16,current20,20,0,0,0,0,0,2,2016-2020
2018-08-16,report28,20,0,0,0,0,0,1,2016-2020
2018-08-16,reuse28,20,0,0,0,0,0,0,2016-2020
2018-08-16,down20,20,0,0,0,0,0,1,2016-2020
2018-08-16,down20_dd60,20,0,0,0,0,0,1,2016-2020
2018-08-16,efficient60,20,0,0,0,0,0,0,2016-2020
2018-08-16,relative80,20,0,0,0,0,0,0,2016-2020
2018-08-16,core15_plus5,20,0,0,0,0,0,1,2016-2020
2018-09-14,current20,20,0,0,8,1,5,1,2016-2020
2018-09-14,report28,20,0,0,11,3,8,1,2016-2020
2018-09-14,reuse28,20,0,0,10,2,7,1,2016-2020
2018-09-14,down20,20,0,0,12,4,9,1,2016-2020
2018-09-14,down20_dd60,20,0,0,12,4,9,1,2016-2020
2018-09-14,efficient60,20,0,0,3,0,2,0,2016-2020
2018-09-14,relative80,20,0,0,6,0,3,1,2016-2020
2018-09-14,core15_plus5,20,0,0,12,4,9,1,2016-2020
2018-10-12,current20,20,0,0,0,0,0,2,2016-2020
2018-10-12,report28,20,0,0,1,0,0,4,2016-2020
2018-10-12,reuse28,20,0,0,3,0,2,3,2016-2020
2018-10-12,down20,20,0,0,3,0,0,3,2016-2020
2018-10-12,down20_dd60,20,0,0,3,0,0,3,2016-2020
2018-10-12,efficient60,20,0,0,0,0,0,3,2016-2020
2018-10-12,relative80,20,0,0,1,0,1,2,2016-2020
2018-10-12,core15_plus5,20,0,0,3,0,1,4,2016-2020
2018-11-09,current20,20,0,0,4,0,2,0,2016-2020
2018-11-09,report28,20,0,0,3,1,2,0,2016-2020
2018-11-09,reuse28,20,0,0,3,1,2,0,2016-2020
2018-11-09,down20,20,0,0,3,1,2,1,2016-2020
2018-11-09,down20_dd60,20,0,0,3,1,2,1,2016-2020
2018-11-09,efficient60,20,0,0,3,1,3,0,2016-2020
2018-11-09,relative80,20,0,0,3,0,2,0,2016-2020
2018-11-09,core15_plus5,20,0,0,3,1,2,0,2016-2020
2018-12-11,current20,20,0,0,5,0,0,0,2016-2020
2018-12-11,report28,20,0,0,8,0,1,0,2016-2020
2018-12-11,reuse28,20,0,0,3,0,0,0,2016-2020
2018-12-11,down20,20,0,0,3,0,0,0,2016-2020
2018-12-11,down20_dd60,20,0,0,3,0,0,0,2016-2020
2018-12-11,efficient60,20,0,0,3,0,0,0,2016-2020
2018-12-11,relative80,20,0,0,5,0,0,0,2016-2020
2018-12-11,core15_plus5,20,0,0,3,0,0,0,2016-2020
2019-01-10,current20,20,0,0,1,0,0,1,2016-2020
2019-01-10,report28,20,0,0,2,0,2,0,2016-2020
2019-01-10,reuse28,20,0,0,0,0,0,0,2016-2020
2019-01-10,down20,20,0,0,0,0,0,0,2016-2020
2019-01-10,down20_dd60,20,0,0,0,0,0,0,2016-2020
2019-01-10,efficient60,20,0,0,0,0,0,0,2016-2020
2019-01-10,relative80,20,0,0,1,0,0,0,2016-2020
2019-01-10,core15_plus5,20,0,0,0,0,0,0,2016-2020
2019-02-08,current20,20,0,0,0,0,0,2,2016-2020
2019-02-08,report28,20,0,0,0,0,0,1,2016-2020
2019-02-08,reuse28,20,0,0,0,0,0,1,2016-2020
2019-02-08,down20,20,0,0,0,0,0,1,2016-2020
2019-02-08,down20_dd60,20,0,0,0,0,0,1,2016-2020
2019-02-08,efficient60,20,0,0,0,0,0,0,2016-2020
2019-02-08,relative80,20,0,0,0,0,0,0,2016-2020
2019-02-08,core15_plus5,20,0,0,0,0,0,0,2016-2020
2019-03-11,current20,20,0,0,0,0,0,3,2016-2020
2019-03-11,report28,20,0,0,0,0,0,0,2016-2020
2019-03-11,reuse28,20,0,0,0,0,0,1,2016-2020
2019-03-11,down20,20,0,0,0,0,0,2,2016-2020
2019-03-11,down20_dd60,20,0,0,0,0,0,2,2016-2020
2019-03-11,efficient60,20,0,0,0,0,0,0,2016-2020
2019-03-11,relative80,20,0,0,0,0,0,1,2016-2020
2019-03-11,core15_plus5,20,0,0,0,0,0,2,2016-2020
2019-04-08,current20,20,0,0,4,1,3,0,2016-2020
2019-04-08,report28,20,0,0,1,0,1,1,2016-2020
2019-04-08,reuse28,20,0,0,1,0,1,0,2016-2020
2019-04-08,down20,20,0,0,3,0,2,0,2016-2020
2019-04-08,down20_dd60,20,0,0,3,0,2,0,2016-2020
2019-04-08,efficient60,20,0,0,0,0,0,0,2016-2020
2019-04-08,relative80,20,0,0,1,0,1,0,2016-2020
2019-04-08,core15_plus5,20,0,0,3,0,2,0,2016-2020
2019-05-07,current20,20,0,0,1,0,0,2,2016-2020
2019-05-07,report28,20,0,0,3,1,1,2,2016-2020
2019-05-07,reuse28,20,0,0,2,1,1,0,2016-2020
2019-05-07,down20,20,0,0,3,1,2,2,2016-2020
2019-05-07,down20_dd60,20,0,0,3,1,2,2,2016-2020
2019-05-07,efficient60,20,0,0,1,0,0,0,2016-2020
2019-05-07,relative80,20,0,0,1,0,0,1,2016-2020
2019-05-07,core15_plus5,20,0,0,3,1,2,2,2016-2020
2019-06-05,current20,20,0,0,0,0,0,0,2016-2020
2019-06-05,report28,20,0,0,0,0,0,1,2016-2020
2019-06-05,reuse28,20,0,0,0,0,0,0,2016-2020
2019-06-05,down20,20,0,0,0,0,0,0,2016-2020
2019-06-05,down20_dd60,20,0,0,0,0,0,0,2016-2020
2019-06-05,efficient60,20,0,0,0,0,0,0,2016-2020
2019-06-05,relative80,20,0,0,0,0,0,0,2016-2020
2019-06-05,core15_plus5,20,0,0,0,0,0,0,2016-2020
2019-07-03,current20,20,0,0,1,0,1,0,2016-2020
2019-07-03,report28,20,0,0,2,0,2,0,2016-2020
2019-07-03,reuse28,20,0,0,1,0,1,0,2016-2020
2019-07-03,down20,20,0,0,1,0,1,0,2016-2020
2019-07-03,down20_dd60,20,0,0,1,0,1,0,2016-2020
2019-07-03,efficient60,20,0,0,0,0,0,0,2016-2020
2019-07-03,relative80,20,0,0,1,0,1,0,2016-2020
2019-07-03,core15_plus5,20,0,0,1,0,1,0,2016-2020
2019-08-01,current20,20,0,0,1,0,1,0,2016-2020
2019-08-01,report28,20,0,0,2,1,2,1,2016-2020
2019-08-01,reuse28,20,0,0,2,0,1,0,2016-2020
2019-08-01,down20,20,0,0,2,0,1,0,2016-2020
2019-08-01,down20_dd60,20,0,0,2,0,1,0,2016-2020
2019-08-01,efficient60,20,0,0,1,0,0,0,2016-2020
2019-08-01,relative80,20,0,0,1,0,1,0,2016-2020
2019-08-01,core15_plus5,20,0,0,1,0,1,0,2016-2020
2019-08-29,current20,20,0,0,4,2,3,0,2016-2020
2019-08-29,report28,20,0,0,1,0,1,0,2016-2020
2019-08-29,reuse28,20,0,0,2,0,1,0,2016-2020
2019-08-29,down20,20,0,0,4,1,3,0,2016-2020
2019-08-29,down20_dd60,20,0,0,4,1,3,0,2016-2020
2019-08-29,efficient60,20,0,0,2,0,1,0,2016-2020
2019-08-29,relative80,20,0,0,2,0,1,0,2016-2020
2019-08-29,core15_plus5,20,0,0,3,1,2,0,2016-2020
2019-09-27,current20,20,0,0,0,0,0,4,2016-2020
2019-09-27,report28,20,0,0,1,0,1,1,2016-2020
2019-09-27,reuse28,20,0,0,0,0,0,3,2016-2020
2019-09-27,down20,20,0,0,0,0,0,3,2016-2020
2019-09-27,down20_dd60,20,0,0,0,0,0,3,2016-2020
2019-09-27,efficient60,20,0,0,0,0,0,0,2016-2020
2019-09-27,relative80,20,0,0,0,0,0,4,2016-2020
2019-09-27,core15_plus5,20,0,0,0,0,0,3,2016-2020
2019-10-25,current20,20,0,0,1,1,1,2,2016-2020
2019-10-25,report28,20,0,0,2,0,2,0,2016-2020
2019-10-25,reuse28,20,0,0,0,0,0,1,2016-2020
2019-10-25,down20,20,0,0,0,0,0,2,2016-2020
2019-10-25,down20_dd60,20,0,0,0,0,0,2,2016-2020
2019-10-25,efficient60,20,0,0,0,0,0,1,2016-2020
2019-10-25,relative80,20,0,0,0,0,0,2,2016-2020
2019-10-25,core15_plus5,20,0,0,0,0,0,1,2016-2020
2019-11-22,current20,20,0,0,1,0,0,3,2016-2020
2019-11-22,report28,20,0,0,1,0,0,0,2016-2020
2019-11-22,reuse28,20,0,0,1,0,0,1,2016-2020
2019-11-22,down20,20,0,0,1,0,0,2,2016-2020
2019-11-22,down20_dd60,20,0,0,1,0,0,2,2016-2020
2019-11-22,efficient60,20,0,0,0,0,0,0,2016-2020
2019-11-22,relative80,20,0,0,1,0,0,3,2016-2020
2019-11-22,core15_plus5,20,0,0,1,0,0,2,2016-2020
2019-12-23,current20,20,0,0,0,0,0,2,2016-2020
2019-12-23,report28,20,0,0,0,0,0,2,2016-2020
2019-12-23,reuse28,20,0,0,0,0,0,1,2016-2020
2019-12-23,down20,20,0,0,0,0,0,2,2016-2020
2019-12-23,down20_dd60,20,0,0,0,0,0,2,2016-2020
2019-12-23,efficient60,20,0,0,0,0,0,0,2016-2020
2019-12-23,relative80,20,0,0,0,0,0,1,2016-2020
2019-12-23,core15_plus5,20,0,0,0,0,0,2,2016-2020
2020-01-23,current20,20,0,0,2,1,2,0,2016-2020
2020-01-23,report28,20,0,0,2,1,2,0,2016-2020
2020-01-23,reuse28,20,0,0,2,1,2,0,2016-2020
2020-01-23,down20,20,0,0,2,1,2,0,2016-2020
2020-01-23,down20_dd60,20,0,0,2,1,2,0,2016-2020
2020-01-23,efficient60,20,0,0,0,0,0,0,2016-2020
2020-01-23,relative80,20,0,0,1,1,1,0,2016-2020
2020-01-23,core15_plus5,20,0,0,2,1,2,0,2016-2020
2020-02-21,current20,20,0,0,19,15,19,1,2016-2020
2020-02-21,report28,20,0,0,20,19,20,0,2016-2020
2020-02-21,reuse28,20,0,0,20,17,20,0,2016-2020
2020-02-21,down20,20,0,0,20,16,20,0,2016-2020
2020-02-21,down20_dd60,20,0,0,20,16,20,0,2016-2020
2020-02-21,efficient60,20,0,0,20,15,20,0,2016-2020
2020-02-21,relative80,20,0,0,20,17,20,0,2016-2020
2020-02-21,core15_plus5,20,0,0,20,16,20,0,2016-2020
2020-03-20,current20,20,0,0,2,0,0,6,2016-2020
2020-03-20,report28,16,0,0,0,0,0,0,2016-2020
2020-03-20,reuse28,16,0,0,0,0,0,0,2016-2020
2020-03-20,down20,17,0,0,1,0,1,0,2016-2020
2020-03-20,down20_dd60,17,0,0,1,0,1,0,2016-2020
2020-03-20,efficient60,20,0,0,1,0,1,2,2016-2020
2020-03-20,relative80,20,0,0,4,1,2,2,2016-2020
2020-03-20,core15_plus5,17,0,0,1,0,1,0,2016-2020
2020-04-20,current20,20,0,0,3,0,0,12,2016-2020
2020-04-20,report28,20,0,0,0,0,0,0,2016-2020
2020-04-20,reuse28,20,0,0,0,0,0,0,2016-2020
2020-04-20,down20,20,0,0,1,0,0,7,2016-2020
2020-04-20,down20_dd60,20,0,0,1,0,0,7,2016-2020
2020-04-20,efficient60,20,0,0,0,0,0,0,2016-2020
2020-04-20,relative80,20,0,0,3,0,0,12,2016-2020
2020-04-20,core15_plus5,20,0,0,0,0,0,2,2016-2020
2020-05-18,current20,20,0,0,3,0,0,9,2016-2020
2020-05-18,report28,20,0,0,1,0,0,2,2016-2020
2020-05-18,reuse28,20,0,0,2,0,1,2,2016-2020
2020-05-18,down20,20,0,0,0,0,0,6,2016-2020
2020-05-18,down20_dd60,20,0,0,0,0,0,6,2016-2020
2020-05-18,efficient60,20,0,0,0,0,0,1,2016-2020
2020-05-18,relative80,20,0,0,2,0,0,5,2016-2020
2020-05-18,core15_plus5,20,0,0,2,0,1,4,2016-2020
2020-06-16,current20,20,0,0,10,0,0,6,2016-2020
2020-06-16,report28,20,0,0,0,0,0,2,2016-2020
2020-06-16,reuse28,20,0,0,1,0,1,2,2016-2020
2020-06-16,down20,20,0,0,0,0,0,3,2016-2020
2020-06-16,down20_dd60,20,0,0,0,0,0,3,2016-2020
2020-06-16,efficient60,20,0,0,0,0,0,4,2016-2020
2020-06-16,relative80,20,0,0,5,0,0,6,2016-2020
2020-06-16,core15_plus5,20,0,0,1,0,1,2,2016-2020
2020-07-15,current20,20,0,0,0,0,0,6,2016-2020
2020-07-15,report28,20,0,0,1,0,1,10,2016-2020
2020-07-15,reuse28,20,0,0,0,0,0,4,2016-2020
2020-07-15,down20,20,0,0,0,0,0,4,2016-2020
2020-07-15,down20_dd60,20,0,0,0,0,0,4,2016-2020
2020-07-15,efficient60,20,0,0,0,0,0,3,2016-2020
2020-07-15,relative80,20,0,0,0,0,0,7,2016-2020
2020-07-15,core15_plus5,20,0,0,0,0,0,4,2016-2020
2020-08-12,current20,20,0,0,2,1,2,3,2016-2020
2020-08-12,report28,20,0,0,1,0,1,1,2016-2020
2020-08-12,reuse28,20,0,0,0,0,0,1,2016-2020
2020-08-12,down20,20,0,0,1,0,0,3,2016-2020
2020-08-12,down20_dd60,20,0,0,1,0,0,3,2016-2020
2020-08-12,efficient60,20,0,0,0,0,0,0,2016-2020
2020-08-12,relative80,20,0,0,0,0,0,2,2016-2020
2020-08-12,core15_plus5,20,0,0,0,0,0,2,2016-2020
2020-09-10,current20,20,0,0,1,0,0,5,2016-2020
2020-09-10,report28,20,0,0,0,0,0,3,2016-2020
2020-09-10,reuse28,20,0,0,0,0,0,3,2016-2020
2020-09-10,down20,20,0,0,0,0,0,4,2016-2020
2020-09-10,down20_dd60,20,0,0,0,0,0,4,2016-2020
2020-09-10,efficient60,20,0,0,0,0,0,1,2016-2020
2020-09-10,relative80,20,0,0,0,0,0,3,2016-2020
2020-09-10,core15_plus5,20,0,0,0,0,0,4,2016-2020
2020-10-08,current20,20,0,0,10,5,5,3,2016-2020
2020-10-08,report28,20,0,0,4,0,0,3,2016-2020
2020-10-08,reuse28,20,0,0,4,0,0,1,2016-2020
2020-10-08,down20,20,0,0,6,0,1,2,2016-2020
2020-10-08,down20_dd60,20,0,0,6,0,1,2,2016-2020
2020-10-08,efficient60,20,0,0,4,0,1,1,2016-2020
2020-10-08,relative80,20,0,0,7,0,1,2,2016-2020
2020-10-08,core15_plus5,20,0,0,5,0,1,2,2016-2020
2020-11-05,current20,20,0,0,4,0,1,2,2016-2020
2020-11-05,report28,20,0,0,1,0,0,3,2016-2020
2020-11-05,reuse28,20,0,0,1,0,0,1,2016-2020
2020-11-05,down20,20,0,0,3,0,1,2,2016-2020
2020-11-05,down20_dd60,20,0,0,3,0,1,2,2016-2020
2020-11-05,efficient60,20,0,0,1,0,0,4,2016-2020
2020-11-05,relative80,20,0,0,3,0,1,0,2016-2020
2020-11-05,core15_plus5,20,0,0,2,0,0,0,2016-2020
2021-01-04,current20,20,0,0,1,0,1,10,2021-2025
2021-01-04,report28,20,0,0,1,0,1,6,2021-2025
2021-01-04,reuse28,20,0,0,1,0,1,5,2021-2025
2021-01-04,down20,20,0,0,1,0,1,9,2021-2025
2021-01-04,down20_dd60,20,0,0,1,0,1,9,2021-2025
2021-01-04,efficient60,20,0,0,0,0,0,4,2021-2025
2021-01-04,relative80,20,0,0,1,0,1,8,2021-2025
2021-01-04,core15_plus5,20,0,0,1,0,1,6,2021-2025
2021-02-02,current20,20,0,0,9,5,9,3,2021-2025
2021-02-02,report28,20,0,0,0,0,0,3,2021-2025
2021-02-02,reuse28,20,0,0,0,0,0,2,2021-2025
2021-02-02,down20,20,0,0,5,2,3,2,2021-2025
2021-02-02,down20_dd60,20,0,0,5,2,3,2,2021-2025
2021-02-02,efficient60,20,0,0,1,0,1,2,2021-2025
2021-02-02,relative80,20,0,0,4,1,4,2,2021-2025
2021-02-02,core15_plus5,20,0,0,2,1,2,2,2021-2025
2021-03-03,current20,20,0,0,5,1,2,0,2021-2025
2021-03-03,report28,20,0,0,0,0,0,0,2021-2025
2021-03-03,reuse28,20,0,0,1,0,0,1,2021-2025
2021-03-03,down20,20,0,0,3,1,1,0,2021-2025
2021-03-03,down20_dd60,20,0,0,3,1,1,0,2021-2025
2021-03-03,efficient60,20,0,0,3,1,1,0,2021-2025
2021-03-03,relative80,20,0,0,2,0,0,0,2021-2025
2021-03-03,core15_plus5,20,0,0,1,0,0,0,2021-2025
2021-03-31,current20,20,0,0,3,0,1,1,2021-2025
2021-03-31,report28,20,0,0,1,0,0,1,2021-2025
2021-03-31,reuse28,20,0,0,1,0,0,0,2021-2025
2021-03-31,down20,20,0,0,0,0,0,0,2021-2025
2021-03-31,down20_dd60,20,0,0,0,0,0,0,2021-2025
2021-03-31,efficient60,20,0,0,0,0,0,0,2021-2025
2021-03-31,relative80,20,0,0,1,0,0,0,2021-2025
2021-03-31,core15_plus5,20,0,0,0,0,0,0,2021-2025
2021-04-29,current20,20,0,0,3,0,0,1,2021-2025
2021-04-29,report28,20,0,0,3,0,0,1,2021-2025
2021-04-29,reuse28,20,0,0,1,0,0,1,2021-2025
2021-04-29,down20,20,0,0,3,0,0,1,2021-2025
2021-04-29,down20_dd60,20,0,0,3,0,0,1,2021-2025
2021-04-29,efficient60,20,0,0,1,0,0,0,2021-2025
2021-04-29,relative80,20,0,0,3,0,0,1,2021-2025
2021-04-29,core15_plus5,20,0,0,3,0,0,0,2021-2025
2021-05-27,current20,20,0,0,1,0,1,0,2021-2025
2021-05-27,report28,20,0,0,1,0,1,0,2021-2025
2021-05-27,reuse28,20,0,0,0,0,0,0,2021-2025
2021-05-27,down20,20,0,0,1,0,1,0,2021-2025
2021-05-27,down20_dd60,20,0,0,1,0,1,0,2021-2025
2021-05-27,efficient60,20,0,0,1,0,1,0,2021-2025
2021-05-27,relative80,20,0,0,1,0,1,0,2021-2025
2021-05-27,core15_plus5,20,0,0,1,0,1,0,2021-2025
2021-06-25,current20,20,0,0,2,1,2,3,2021-2025
2021-06-25,report28,20,0,0,0,0,0,3,2021-2025
2021-06-25,reuse28,20,0,0,1,0,1,4,2021-2025
2021-06-25,down20,20,0,0,2,1,2,5,2021-2025
2021-06-25,down20_dd60,20,0,0,2,1,2,5,2021-2025
2021-06-25,efficient60,20,0,0,0,0,0,3,2021-2025
2021-06-25,relative80,20,0,0,1,0,1,4,2021-2025
2021-06-25,core15_plus5,20,0,0,1,0,1,5,2021-2025
2021-07-26,current20,20,0,0,1,0,0,2,2021-2025
2021-07-26,report28,20,0,0,0,0,0,4,2021-2025
2021-07-26,reuse28,20,0,0,1,0,0,2,2021-2025
2021-07-26,down20,20,0,0,1,0,0,2,2021-2025
2021-07-26,down20_dd60,20,0,0,1,0,0,2,2021-2025
2021-07-26,efficient60,20,0,0,0,0,0,1,2021-2025
2021-07-26,relative80,20,0,0,1,0,0,1,2021-2025
2021-07-26,core15_plus5,20,0,0,1,0,0,2,2021-2025
2021-08-23,current20,20,0,0,2,0,2,0,2021-2025
2021-08-23,report28,20,0,0,0,0,0,0,2021-2025
2021-08-23,reuse28,20,0,0,1,0,1,0,2021-2025
2021-08-23,down20,20,0,0,2,0,2,0,2021-2025
2021-08-23,down20_dd60,20,0,0,2,0,2,0,2021-2025
2021-08-23,efficient60,20,0,0,0,0,0,0,2021-2025
2021-08-23,relative80,20,0,0,2,0,2,0,2021-2025
2021-08-23,core15_plus5,20,0,0,2,0,2,0,2021-2025
2021-09-21,current20,20,0,0,7,1,2,1,2021-2025
2021-09-21,report28,20,0,0,4,1,2,1,2021-2025
2021-09-21,reuse28,20,0,0,5,1,2,0,2021-2025
2021-09-21,down20,20,0,0,8,1,2,0,2021-2025
2021-09-21,down20_dd60,20,0,0,8,1,2,0,2021-2025
2021-09-21,efficient60,20,0,0,1,0,1,0,2021-2025
2021-09-21,relative80,20,0,0,7,1,3,0,2021-2025
2021-09-21,core15_plus5,20,0,0,7,1,2,0,2021-2025
2021-10-19,current20,20,0,0,2,0,0,6,2021-2025
2021-10-19,report28,20,0,0,2,1,2,1,2021-2025
2021-10-19,reuse28,20,0,0,1,0,1,1,2021-2025
2021-10-19,down20,20,0,0,1,0,0,2,2021-2025
2021-10-19,down20_dd60,20,0,0,1,0,0,2,2021-2025
2021-10-19,efficient60,20,0,0,1,0,1,1,2021-2025
2021-10-19,relative80,20,0,0,1,0,0,2,2021-2025
2021-10-19,core15_plus5,20,0,0,2,0,1,2,2021-2025
2021-11-16,current20,20,0,0,12,10,11,0,2021-2025
2021-11-16,report28,20,0,0,4,1,2,1,2021-2025
2021-11-16,reuse28,20,0,0,5,2,2,1,2021-2025
2021-11-16,down20,20,0,0,8,6,6,1,2021-2025
2021-11-16,down20_dd60,20,0,0,8,6,6,1,2021-2025
2021-11-16,efficient60,20,0,0,2,0,1,1,2021-2025
2021-11-16,relative80,20,0,0,9,4,6,1,2021-2025
2021-11-16,core15_plus5,20,0,0,7,4,4,1,2021-2025
2021-12-15,current20,20,0,0,2,1,1,0,2021-2025
2021-12-15,report28,20,0,0,1,1,1,0,2021-2025
2021-12-15,reuse28,20,0,0,2,1,2,0,2021-2025
2021-12-15,down20,20,0,0,2,0,1,0,2021-2025
2021-12-15,down20_dd60,20,0,0,2,0,1,0,2021-2025
2021-12-15,efficient60,20,0,0,1,0,1,0,2021-2025
2021-12-15,relative80,20,0,0,2,1,1,0,2021-2025
2021-12-15,core15_plus5,20,0,0,1,0,1,0,2021-2025
2022-01-13,current20,20,0,0,4,1,2,1,2021-2025
2022-01-13,report28,20,0,0,2,1,1,0,2021-2025
2022-01-13,reuse28,20,0,0,0,0,0,0,2021-2025
2022-01-13,down20,20,0,0,4,2,2,1,2021-2025
2022-01-13,down20_dd60,20,0,0,4,2,2,1,2021-2025
2022-01-13,efficient60,20,0,0,1,0,1,0,2021-2025
2022-01-13,relative80,20,0,0,2,0,0,1,2021-2025
2022-01-13,core15_plus5,20,0,0,3,1,1,1,2021-2025
2022-02-11,current20,20,0,0,4,1,3,3,2021-2025
2022-02-11,report28,20,0,0,5,0,2,3,2021-2025
2022-02-11,reuse28,20,0,0,6,0,3,3,2021-2025
2022-02-11,down20,20,0,0,5,0,3,3,2021-2025
2022-02-11,down20_dd60,20,0,0,5,0,3,3,2021-2025
2022-02-11,efficient60,20,0,0,3,0,1,3,2021-2025
2022-02-11,relative80,20,0,0,5,1,3,3,2021-2025
2022-02-11,core15_plus5,20,0,0,6,0,3,2,2021-2025
2022-03-14,current20,20,0,0,1,1,1,3,2021-2025
2022-03-14,report28,20,0,0,0,0,0,8,2021-2025
2022-03-14,reuse28,20,0,0,0,0,0,7,2021-2025
2022-03-14,down20,20,0,0,0,0,0,6,2021-2025
2022-03-14,down20_dd60,20,0,0,0,0,0,6,2021-2025
2022-03-14,efficient60,20,0,0,0,0,0,6,2021-2025
2022-03-14,relative80,20,0,0,1,1,1,5,2021-2025
2022-03-14,core15_plus5,20,0,0,0,0,0,7,2021-2025
2022-04-11,current20,20,0,0,7,1,6,0,2021-2025
2022-04-11,report28,20,0,0,3,0,2,0,2021-2025
2022-04-11,reuse28,20,0,0,6,0,5,0,2021-2025
2022-04-11,down20,20,0,0,8,3,7,0,2021-2025
2022-04-11,down20_dd60,20,0,0,8,3,7,0,2021-2025
2022-04-11,efficient60,20,0,0,5,0,5,0,2021-2025
2022-04-11,relative80,20,0,0,8,1,7,0,2021-2025
2022-04-11,core15_plus5,20,0,0,8,3,7,0,2021-2025
2022-05-10,current20,20,0,0,3,1,3,0,2021-2025
2022-05-10,report28,20,0,0,3,0,2,0,2021-2025
2022-05-10,reuse28,20,0,0,3,0,2,0,2021-2025
2022-05-10,down20,20,0,0,3,0,3,0,2021-2025
2022-05-10,down20_dd60,20,0,0,3,0,3,0,2021-2025
2022-05-10,efficient60,20,0,0,2,1,2,1,2021-2025
2022-05-10,relative80,20,0,0,3,1,3,0,2021-2025
2022-05-10,core15_plus5,20,0,0,3,0,3,0,2021-2025
2022-06-08,current20,20,0,0,15,9,11,0,2021-2025
2022-06-08,report28,20,0,0,18,9,18,0,2021-2025
2022-06-08,reuse28,20,0,0,17,8,15,0,2021-2025
2022-06-08,down20,20,0,0,17,10,15,0,2021-2025
2022-06-08,down20_dd60,20,0,0,17,10,15,0,2021-2025
2022-06-08,efficient60,20,0,0,16,9,13,0,2021-2025
2022-06-08,relative80,20,0,0,17,11,15,0,2021-2025
2022-06-08,core15_plus5,20,0,0,18,10,16,0,2021-2025
2022-07-08,current20,20,0,0,0,0,0,0,2021-2025
2022-07-08,report28,20,0,0,2,0,2,0,2021-2025
2022-07-08,reuse28,20,0,0,1,0,1,0,2021-2025
2022-07-08,down20,20,0,0,1,0,1,0,2021-2025
2022-07-08,down20_dd60,20,0,0,1,0,1,0,2021-2025
2022-07-08,efficient60,20,0,0,1,0,1,0,2021-2025
2022-07-08,relative80,20,0,0,0,0,0,0,2021-2025
2022-07-08,core15_plus5,20,0,0,0,0,0,0,2021-2025
2022-08-05,current20,20,0,0,12,6,12,1,2021-2025
2022-08-05,report28,20,0,0,0,0,0,1,2021-2025
2022-08-05,reuse28,20,0,0,2,0,2,1,2021-2025
2022-08-05,down20,20,0,0,6,2,6,1,2021-2025
2022-08-05,down20_dd60,20,0,0,6,2,6,1,2021-2025
2022-08-05,efficient60,20,0,0,5,0,5,1,2021-2025
2022-08-05,relative80,20,0,0,4,1,4,1,2021-2025
2022-08-05,core15_plus5,20,0,0,4,1,4,1,2021-2025
2022-09-02,current20,20,0,0,4,0,2,0,2021-2025
2022-09-02,report28,20,0,0,3,0,1,0,2021-2025
2022-09-02,reuse28,20,0,0,2,0,0,0,2021-2025
2022-09-02,down20,20,0,0,7,0,1,0,2021-2025
2022-09-02,down20_dd60,20,0,0,7,0,1,0,2021-2025
2022-09-02,efficient60,20,0,0,2,0,1,0,2021-2025
2022-09-02,relative80,20,0,0,2,0,1,0,2021-2025
2022-09-02,core15_plus5,20,0,0,4,0,0,0,2021-2025
2022-10-03,current20,20,0,0,1,0,0,1,2021-2025
2022-10-03,report28,20,0,0,1,0,0,3,2021-2025
2022-10-03,reuse28,20,0,0,1,0,0,5,2021-2025
2022-10-03,down20,20,0,0,1,0,0,6,2021-2025
2022-10-03,down20_dd60,20,0,0,1,0,0,6,2021-2025
2022-10-03,efficient60,20,0,0,2,0,0,5,2021-2025
2022-10-03,relative80,20,0,0,1,0,0,1,2021-2025
2022-10-03,core15_plus5,20,0,0,2,0,0,5,2021-2025
2022-10-31,current20,20,0,0,1,0,0,2,2021-2025
2022-10-31,report28,20,0,0,3,0,0,1,2021-2025
2022-10-31,reuse28,20,0,0,1,0,0,1,2021-2025
2022-10-31,down20,20,0,0,1,0,0,3,2021-2025
2022-10-31,down20_dd60,20,0,0,1,0,0,3,2021-2025
2022-10-31,efficient60,20,0,0,1,0,0,1,2021-2025
2022-10-31,relative80,20,0,0,1,0,0,2,2021-2025
2022-10-31,core15_plus5,20,0,0,1,0,0,1,2021-2025
2022-11-29,current20,20,0,0,3,0,2,0,2021-2025
2022-11-29,report28,20,0,0,0,0,0,0,2021-2025
2022-11-29,reuse28,20,0,0,1,0,1,0,2021-2025
2022-11-29,down20,20,0,0,2,0,1,0,2021-2025
2022-11-29,down20_dd60,20,0,0,2,0,1,0,2021-2025
2022-11-29,efficient60,20,0,0,1,0,1,0,2021-2025
2022-11-29,relative80,20,0,0,3,0,2,0,2021-2025
2022-11-29,core15_plus5,20,0,0,1,0,1,0,2021-2025
2022-12-28,current20,20,0,0,0,0,0,3,2021-2025
2022-12-28,report28,20,0,0,0,0,0,6,2021-2025
2022-12-28,reuse28,20,0,0,0,0,0,4,2021-2025
2022-12-28,down20,20,0,0,0,0,0,6,2021-2025
2022-12-28,down20_dd60,20,0,0,0,0,0,6,2021-2025
2022-12-28,efficient60,20,0,0,1,0,1,0,2021-2025
2022-12-28,relative80,20,0,0,1,0,1,4,2021-2025
2022-12-28,core15_plus5,20,0,0,0,0,0,6,2021-2025
2023-01-27,current20,20,0,0,3,1,2,3,2021-2025
2023-01-27,report28,20,0,0,1,0,1,0,2021-2025
2023-01-27,reuse28,20,0,0,1,0,1,0,2021-2025
2023-01-27,down20,20,0,0,2,0,1,4,2021-2025
2023-01-27,down20_dd60,20,0,0,2,0,1,4,2021-2025
2023-01-27,efficient60,20,0,0,0,0,0,1,2021-2025
2023-01-27,relative80,20,0,0,1,0,1,2,2021-2025
2023-01-27,core15_plus5,20,0,0,2,0,1,2,2021-2025
2023-02-27,current20,20,0,0,4,1,2,1,2021-2025
2023-02-27,report28,20,0,0,4,0,1,0,2021-2025
2023-02-27,reuse28,20,0,0,5,1,1,0,2021-2025
2023-02-27,down20,20,0,0,6,2,5,2,2021-2025
2023-02-27,down20_dd60,20,0,0,6,2,5,2,2021-2025
2023-02-27,efficient60,20,0,0,3,0,1,0,2021-2025
2023-02-27,relative80,20,0,0,4,1,2,0,2021-2025
2023-02-27,core15_plus5,20,0,0,4,2,2,2,2021-2025
2023-03-27,current20,20,0,0,1,0,1,0,2021-2025
2023-03-27,report28,20,0,0,1,1,1,3,2021-2025
2023-03-27,reuse28,20,0,0,0,0,0,1,2021-2025
2023-03-27,down20,20,0,0,1,0,1,0,2021-2025
2023-03-27,down20_dd60,20,0,0,1,0,1,0,2021-2025
2023-03-27,efficient60,20,0,0,1,0,1,1,2021-2025
2023-03-27,relative80,20,0,0,1,0,1,0,2021-2025
2023-03-27,core15_plus5,20,0,0,1,0,1,0,2021-2025
2023-04-25,current20,20,0,0,1,0,1,2,2021-2025
2023-04-25,report28,20,0,0,1,0,0,1,2021-2025
2023-04-25,reuse28,20,0,0,0,0,0,2,2021-2025
2023-04-25,down20,20,0,0,0,0,0,2,2021-2025
2023-04-25,down20_dd60,20,0,0,0,0,0,2,2021-2025
2023-04-25,efficient60,20,0,0,1,0,1,1,2021-2025
2023-04-25,relative80,20,0,0,1,0,1,2,2021-2025
2023-04-25,core15_plus5,20,0,0,0,0,0,2,2021-2025
2023-05-23,current20,20,0,0,0,0,0,12,2021-2025
2023-05-23,report28,20,0,0,0,0,0,7,2021-2025
2023-05-23,reuse28,20,0,0,0,0,0,10,2021-2025
2023-05-23,down20,20,0,0,0,0,0,11,2021-2025
2023-05-23,down20_dd60,20,0,0,0,0,0,11,2021-2025
2023-05-23,efficient60,20,0,0,0,0,0,3,2021-2025
2023-05-23,relative80,20,0,0,0,0,0,11,2021-2025
2023-05-23,core15_plus5,20,0,0,0,0,0,12,2021-2025
2023-06-22,current20,20,0,0,0,0,0,2,2021-2025
2023-06-22,report28,20,0,0,2,0,0,1,2021-2025
2023-06-22,reuse28,20,0,0,1,0,0,1,2021-2025
2023-06-22,down20,20,0,0,0,0,0,2,2021-2025
2023-06-22,down20_dd60,20,0,0,0,0,0,2,2021-2025
2023-06-22,efficient60,20,0,0,0,0,0,0,2021-2025
2023-06-22,relative80,20,0,0,0,0,0,2,2021-2025
2023-06-22,core15_plus5,20,0,0,0,0,0,1,2021-2025
2023-07-21,current20,20,0,0,8,2,8,0,2021-2025
2023-07-21,report28,20,0,0,7,0,5,1,2021-2025
2023-07-21,reuse28,20,0,0,1,0,1,0,2021-2025
2023-07-21,down20,20,0,0,4,1,4,0,2021-2025
2023-07-21,down20_dd60,20,0,0,4,1,4,0,2021-2025
2023-07-21,efficient60,20,0,0,1,0,0,0,2021-2025
2023-07-21,relative80,20,0,0,3,1,3,0,2021-2025
2023-07-21,core15_plus5,20,0,0,3,0,3,0,2021-2025
2023-08-18,current20,20,0,0,0,0,0,1,2021-2025
2023-08-18,report28,20,0,0,2,0,1,1,2021-2025
2023-08-18,reuse28,20,0,0,0,0,0,0,2021-2025
2023-08-18,down20,20,0,0,2,2,2,1,2021-2025
2023-08-18,down20_dd60,20,0,0,2,2,2,1,2021-2025
2023-08-18,efficient60,20,0,0,0,0,0,0,2021-2025
2023-08-18,relative80,20,0,0,0,0,0,1,2021-2025
2023-08-18,core15_plus5,20,0,0,1,1,1,1,2021-2025
2023-09-18,current20,20,0,0,6,0,1,0,2021-2025
2023-09-18,report28,20,0,0,6,0,2,0,2021-2025
2023-09-18,reuse28,20,0,0,5,0,1,0,2021-2025
2023-09-18,down20,20,0,0,7,0,3,0,2021-2025
2023-09-18,down20_dd60,20,0,0,7,0,3,0,2021-2025
2023-09-18,efficient60,20,0,0,4,0,1,0,2021-2025
2023-09-18,relative80,20,0,0,4,0,1,0,2021-2025
2023-09-18,core15_plus5,20,0,0,7,0,3,0,2021-2025
2023-10-16,current20,20,0,0,3,0,1,0,2021-2025
2023-10-16,report28,20,0,0,3,0,0,0,2021-2025
2023-10-16,reuse28,20,0,0,2,0,1,0,2021-2025
2023-10-16,down20,20,0,0,2,0,0,0,2021-2025
2023-10-16,down20_dd60,20,0,0,2,0,0,0,2021-2025
2023-10-16,efficient60,20,0,0,3,0,1,0,2021-2025
2023-10-16,relative80,20,0,0,2,0,0,0,2021-2025
2023-10-16,core15_plus5,20,0,0,2,0,0,0,2021-2025
2023-11-13,current20,20,0,0,1,0,1,6,2021-2025
2023-11-13,report28,20,0,0,0,0,0,0,2021-2025
2023-11-13,reuse28,20,0,0,1,0,1,0,2021-2025
2023-11-13,down20,20,0,0,1,0,1,2,2021-2025
2023-11-13,down20_dd60,20,0,0,1,0,1,2,2021-2025
2023-11-13,efficient60,20,0,0,1,0,1,0,2021-2025
2023-11-13,relative80,20,0,0,1,0,1,2,2021-2025
2023-11-13,core15_plus5,20,0,0,1,0,1,2,2021-2025
2023-12-12,current20,20,0,0,2,0,2,0,2021-2025
2023-12-12,report28,20,0,0,3,0,3,0,2021-2025
2023-12-12,reuse28,20,0,0,2,0,2,0,2021-2025
2023-12-12,down20,20,0,0,2,0,2,0,2021-2025
2023-12-12,down20_dd60,20,0,0,2,0,2,0,2021-2025
2023-12-12,efficient60,20,0,0,2,0,2,1,2021-2025
2023-12-12,relative80,20,0,0,2,0,2,0,2021-2025
2023-12-12,core15_plus5,20,0,0,2,0,2,0,2021-2025
2024-01-11,current20,20,0,0,2,0,0,7,2021-2025
2024-01-11,report28,20,0,0,1,0,1,3,2021-2025
2024-01-11,reuse28,20,0,0,0,0,0,3,2021-2025
2024-01-11,down20,20,0,0,0,0,0,7,2021-2025
2024-01-11,down20_dd60,20,0,0,0,0,0,7,2021-2025
2024-01-11,efficient60,20,0,0,0,0,0,1,2021-2025
2024-01-11,relative80,20,0,0,0,0,0,8,2021-2025
2024-01-11,core15_plus5,20,0,0,0,0,0,6,2021-2025
2024-02-09,current20,20,0,0,3,1,2,2,2021-2025
2024-02-09,report28,20,0,0,3,1,2,2,2021-2025
2024-02-09,reuse28,20,0,0,1,0,1,0,2021-2025
2024-02-09,down20,20,0,0,3,2,2,2,2021-2025
2024-02-09,down20_dd60,20,0,0,3,2,2,2,2021-2025
2024-02-09,efficient60,20,0,0,0,0,0,0,2021-2025
2024-02-09,relative80,20,0,0,2,1,2,1,2021-2025
2024-02-09,core15_plus5,20,0,0,2,1,2,2,2021-2025
2024-03-11,current20,20,0,0,5,0,1,4,2021-2025
2024-03-11,report28,20,0,0,1,0,0,2,2021-2025
2024-03-11,reuse28,20,0,0,1,0,0,3,2021-2025
2024-03-11,down20,20,0,0,1,0,0,4,2021-2025
2024-03-11,down20_dd60,20,0,0,1,0,0,4,2021-2025
2024-03-11,efficient60,20,0,0,1,0,0,0,2021-2025
2024-03-11,relative80,20,0,0,1,0,0,4,2021-2025
2024-03-11,core15_plus5,20,0,0,1,0,0,4,2021-2025
2024-04-09,current20,20,0,0,2,0,1,0,2021-2025
2024-04-09,report28,20,0,0,0,0,0,1,2021-2025
2024-04-09,reuse28,20,0,0,2,0,1,0,2021-2025
2024-04-09,down20,20,0,0,3,0,1,0,2021-2025
2024-04-09,down20_dd60,20,0,0,3,0,1,0,2021-2025
2024-04-09,efficient60,20,0,0,0,0,0,0,2021-2025
2024-04-09,relative80,20,0,0,2,0,1,0,2021-2025
2024-04-09,core15_plus5,20,0,0,2,0,1,0,2021-2025
2024-05-07,current20,20,0,0,1,0,1,1,2021-2025
2024-05-07,report28,20,0,0,2,0,2,1,2021-2025
2024-05-07,reuse28,20,0,0,0,0,0,0,2021-2025
2024-05-07,down20,20,0,0,0,0,0,0,2021-2025
2024-05-07,down20_dd60,20,0,0,0,0,0,0,2021-2025
2024-05-07,efficient60,20,0,0,0,0,0,0,2021-2025
2024-05-07,relative80,20,0,0,0,0,0,0,2021-2025
2024-05-07,core15_plus5,20,0,0,0,0,0,0,2021-2025
2024-06-05,current20,20,0,0,1,0,0,1,2021-2025
2024-06-05,report28,20,0,0,1,0,1,0,2021-2025
2024-06-05,reuse28,20,0,0,0,0,0,1,2021-2025
2024-06-05,down20,20,0,0,0,0,0,1,2021-2025
2024-06-05,down20_dd60,20,0,0,0,0,0,1,2021-2025
2024-06-05,efficient60,20,0,0,0,0,0,1,2021-2025
2024-06-05,relative80,20,0,0,0,0,0,1,2021-2025
2024-06-05,core15_plus5,20,0,0,0,0,0,1,2021-2025
2024-07-05,current20,20,0,0,5,1,5,0,2021-2025
2024-07-05,report28,20,0,0,7,0,7,2,2021-2025
2024-07-05,reuse28,20,0,0,5,0,5,0,2021-2025
2024-07-05,down20,20,0,0,7,1,7,0,2021-2025
2024-07-05,down20_dd60,20,0,0,7,1,7,0,2021-2025
2024-07-05,efficient60,20,0,0,3,0,3,2,2021-2025
2024-07-05,relative80,20,0,0,3,0,3,0,2021-2025
2024-07-05,core15_plus5,20,0,0,7,1,7,0,2021-2025
2024-08-02,current20,20,0,0,1,0,1,2,2021-2025
2024-08-02,report28,20,0,0,1,0,1,3,2021-2025
2024-08-02,reuse28,20,0,0,0,0,0,1,2021-2025
2024-08-02,down20,20,0,0,0,0,0,4,2021-2025
2024-08-02,down20_dd60,20,0,0,0,0,0,4,2021-2025
2024-08-02,efficient60,20,0,0,1,0,1,0,2021-2025
2024-08-02,relative80,20,0,0,0,0,0,2,2021-2025
2024-08-02,core15_plus5,20,0,0,0,0,0,3,2021-2025
2024-08-30,current20,20,0,0,1,0,0,1,2021-2025
2024-08-30,report28,20,0,0,0,0,0,1,2021-2025
2024-08-30,reuse28,20,0,0,0,0,0,0,2021-2025
2024-08-30,down20,20,0,0,0,0,0,1,2021-2025
2024-08-30,down20_dd60,20,0,0,0,0,0,1,2021-2025
2024-08-30,efficient60,20,0,0,1,0,1,0,2021-2025
2024-08-30,relative80,20,0,0,0,0,0,0,2021-2025
2024-08-30,core15_plus5,20,0,0,0,0,0,1,2021-2025
2024-09-30,current20,20,0,0,1,0,0,2,2021-2025
2024-09-30,report28,20,0,0,1,0,1,0,2021-2025
2024-09-30,reuse28,20,0,0,0,0,0,0,2021-2025
2024-09-30,down20,20,0,0,1,0,0,1,2021-2025
2024-09-30,down20_dd60,20,0,0,1,0,0,1,2021-2025
2024-09-30,efficient60,20,0,0,0,0,0,0,2021-2025
2024-09-30,relative80,20,0,0,0,0,0,0,2021-2025
2024-09-30,core15_plus5,20,0,0,0,0,0,0,2021-2025
2024-10-28,current20,20,0,0,2,0,0,13,2021-2025
2024-10-28,report28,20,0,0,3,0,0,11,2021-2025
2024-10-28,reuse28,20,0,0,1,0,0,10,2021-2025
2024-10-28,down20,20,0,0,0,0,0,14,2021-2025
2024-10-28,down20_dd60,20,0,0,0,0,0,14,2021-2025
2024-10-28,efficient60,20,0,0,0,0,0,7,2021-2025
2024-10-28,relative80,20,0,0,1,0,0,10,2021-2025
2024-10-28,core15_plus5,20,0,0,1,0,0,11,2021-2025
2024-11-25,current20,20,0,0,5,1,2,1,2021-2025
2024-11-25,report28,20,0,0,3,0,2,0,2021-2025
2024-11-25,reuse28,20,0,0,2,0,1,0,2021-2025
2024-11-25,down20,20,0,0,2,0,1,1,2021-2025
2024-11-25,down20_dd60,20,0,0,2,0,1,1,2021-2025
2024-11-25,efficient60,20,0,0,2,0,2,0,2021-2025
2024-11-25,relative80,20,0,0,4,0,0,1,2021-2025
2024-11-25,core15_plus5,20,0,0,4,0,2,0,2021-2025
2024-12-24,current20,20,0,0,6,2,3,1,2021-2025
2024-12-24,report28,20,0,0,3,0,2,1,2021-2025
2024-12-24,reuse28,20,0,0,4,0,3,0,2021-2025
2024-12-24,down20,20,0,0,4,0,2,0,2021-2025
2024-12-24,down20_dd60,20,0,0,4,0,2,0,2021-2025
2024-12-24,efficient60,20,0,0,2,0,1,3,2021-2025
2024-12-24,relative80,20,0,0,3,0,2,1,2021-2025
2024-12-24,core15_plus5,20,0,0,4,0,2,0,2021-2025
2025-01-27,current20,20,0,0,4,1,4,1,2021-2025
2025-01-27,report28,20,0,0,3,1,3,1,2021-2025
2025-01-27,reuse28,20,0,0,1,0,1,0,2021-2025
2025-01-27,down20,20,0,0,3,0,3,1,2021-2025
2025-01-27,down20_dd60,20,0,0,3,0,3,1,2021-2025
2025-01-27,efficient60,20,0,0,2,0,2,0,2021-2025
2025-01-27,relative80,20,0,0,2,0,2,0,2021-2025
2025-01-27,core15_plus5,20,0,0,3,0,3,1,2021-2025
2025-02-25,current20,20,0,0,6,2,1,0,2021-2025
2025-02-25,report28,20,0,0,2,0,1,0,2021-2025
2025-02-25,reuse28,20,0,0,3,0,0,0,2021-2025
2025-02-25,down20,20,0,0,4,0,0,0,2021-2025
2025-02-25,down20_dd60,20,0,0,4,0,0,0,2021-2025
2025-02-25,efficient60,20,0,0,1,0,1,0,2021-2025
2025-02-25,relative80,20,0,0,3,0,0,0,2021-2025
2025-02-25,core15_plus5,20,0,0,3,0,0,0,2021-2025
2025-03-25,current20,20,0,0,9,5,7,1,2021-2025
2025-03-25,report28,20,0,0,6,0,3,1,2021-2025
2025-03-25,reuse28,20,0,0,6,2,4,0,2021-2025
2025-03-25,down20,20,0,0,7,3,5,1,2021-2025
2025-03-25,down20_dd60,20,0,0,7,3,5,1,2021-2025
2025-03-25,efficient60,20,0,0,5,0,1,0,2021-2025
2025-03-25,relative80,20,0,0,8,4,6,1,2021-2025
2025-03-25,core15_plus5,20,0,0,7,3,5,1,2021-2025
2025-04-23,current20,20,0,0,3,0,0,1,2021-2025
2025-04-23,report28,20,0,0,3,0,1,0,2021-2025
2025-04-23,reuse28,20,0,0,1,0,0,0,2021-2025
2025-04-23,down20,20,0,0,2,0,0,0,2021-2025
2025-04-23,down20_dd60,20,0,0,2,0,0,0,2021-2025
2025-04-23,efficient60,20,0,0,1,0,0,0,2021-2025
2025-04-23,relative80,20,0,0,2,0,0,0,2021-2025
2025-04-23,core15_plus5,20,0,0,1,0,0,0,2021-2025
2025-05-21,current20,20,0,0,5,0,3,6,2021-2025
2025-05-21,report28,20,0,0,0,0,0,1,2021-2025
2025-05-21,reuse28,20,0,0,2,0,2,3,2021-2025
2025-05-21,down20,20,0,0,3,1,2,4,2021-2025
2025-05-21,down20_dd60,20,0,0,3,1,2,4,2021-2025
2025-05-21,efficient60,20,0,0,1,0,0,2,2021-2025
2025-05-21,relative80,20,0,0,3,0,2,4,2021-2025
2025-05-21,core15_plus5,20,0,0,1,0,1,4,2021-2025
2025-06-20,current20,20,0,0,3,1,1,5,2021-2025
2025-06-20,report28,20,0,0,0,0,0,6,2021-2025
2025-06-20,reuse28,20,0,0,0,0,0,6,2021-2025
2025-06-20,down20,20,0,0,1,0,0,7,2021-2025
2025-06-20,down20_dd60,20,0,0,1,0,0,7,2021-2025
2025-06-20,efficient60,20,0,0,0,0,0,3,2021-2025
2025-06-20,relative80,20,0,0,1,0,0,4,2021-2025
2025-06-20,core15_plus5,20,0,0,0,0,0,5,2021-2025
2025-07-21,current20,20,0,0,5,2,2,4,2021-2025
2025-07-21,report28,20,0,0,3,1,1,3,2021-2025
2025-07-21,reuse28,20,0,0,1,0,0,1,2021-2025
2025-07-21,down20,20,0,0,4,1,1,1,2021-2025
2025-07-21,down20_dd60,20,0,0,4,1,1,1,2021-2025
2025-07-21,efficient60,20,0,0,1,0,0,0,2021-2025
2025-07-21,relative80,20,0,0,3,1,1,1,2021-2025
2025-07-21,core15_plus5,20,0,0,4,1,1,1,2021-2025
2025-08-18,current20,20,0,0,3,0,0,5,2021-2025
2025-08-18,report28,20,0,0,0,0,0,5,2021-2025
2025-08-18,reuse28,20,0,0,1,0,0,2,2021-2025
2025-08-18,down20,20,0,0,2,0,0,2,2021-2025
2025-08-18,down20_dd60,20,0,0,2,0,0,2,2021-2025
2025-08-18,efficient60,20,0,0,0,0,0,1,2021-2025
2025-08-18,relative80,20,0,0,2,0,0,3,2021-2025
2025-08-18,core15_plus5,20,0,0,3,0,0,1,2021-2025
2025-09-16,current20,20,0,0,2,1,2,7,2021-2025
2025-09-16,report28,20,0,0,1,0,1,3,2021-2025
2025-09-16,reuse28,20,0,0,2,0,1,6,2021-2025
2025-09-16,down20,20,0,0,3,0,2,8,2021-2025
2025-09-16,down20_dd60,20,0,0,3,0,2,8,2021-2025
2025-09-16,efficient60,20,0,0,0,0,0,0,2021-2025
2025-09-16,relative80,20,0,0,2,0,1,6,2021-2025
2025-09-16,core15_plus5,20,0,0,1,0,1,7,2021-2025
2025-10-14,current20,20,0,0,10,7,8,0,2021-2025
2025-10-14,report28,20,0,0,0,0,0,0,2021-2025
2025-10-14,reuse28,20,0,0,2,0,0,2,2021-2025
2025-10-14,down20,20,0,0,6,2,3,0,2021-2025
2025-10-14,down20_dd60,20,0,0,6,2,3,0,2021-2025
2025-10-14,efficient60,20,0,0,2,0,1,0,2021-2025
2025-10-14,relative80,20,0,0,5,0,1,0,2021-2025
2025-10-14,core15_plus5,20,0,0,5,2,3,0,2021-2025
2025-11-11,current20,20,0,0,9,2,3,4,2021-2025
2025-11-11,report28,20,0,0,0,0,0,0,2021-2025
2025-11-11,reuse28,20,0,0,3,0,2,1,2021-2025
2025-11-11,down20,20,0,0,2,0,0,4,2021-2025
2025-11-11,down20_dd60,20,0,0,2,0,0,4,2021-2025
2025-11-11,efficient60,20,0,0,0,0,0,1,2021-2025
2025-11-11,relative80,20,0,0,3,0,1,2,2021-2025
2025-11-11,core15_plus5,20,0,0,3,0,1,3,2021-2025
