date,price_eligible,annual_ciks_asof,complete_price_eligible,price_weak_count,raw_m_flagged,raw_m_and_weak,winsor_m_and_weak
2016-03-31,1076,1216,0,0,0,0,0
2016-04-28,1064,1220,0,0,0,0,0
2016-05-26,1064,1220,0,0,0,0,0
2016-06-24,1093,1221,0,0,0,0,0
2016-07-25,1103,1221,0,0,0,0,0
2016-08-22,1077,1223,0,0,0,0,0
2016-09-20,1082,1223,0,0,0,0,0
2016-10-18,1069,1223,0,0,0,0,0
2016-11-15,1181,1224,0,0,0,0,0
2016-12-14,1185,1225,0,0,0,0,0
2017-01-13,1168,1226,0,0,0,0,0
2017-02-13,1163,1227,5,0,0,0,0
2017-03-14,1175,1248,16,3,0,0,0
2017-04-11,1208,1265,16,10,0,0,0
2017-05-10,1195,1266,16,2,0,0,0
2017-06-08,1162,1266,16,7,0,0,0
2017-07-07,1204,1266,17,3,0,0,0
2017-08-04,1161,1267,18,5,0,0,0
2017-09-01,1130,1269,19,4,0,0,0
2017-10-02,1212,1271,18,3,0,0,0
2017-10-30,1158,1272,18,4,0,0,0
2017-11-28,1238,1274,20,2,0,0,0
2017-12-27,1274,1276,23,5,0,0,0
2018-01-26,1304,1276,24,2,0,0,0
2018-02-26,1383,1286,46,12,0,0,0
2018-03-26,1342,1320,64,44,0,0,0
2018-04-24,1284,1326,61,24,0,0,0
2018-05-22,1286,1327,64,17,0,0,0
2018-06-20,1338,1327,61,20,0,0,0
2018-07-19,1325,1328,61,9,1,1,1
2018-08-16,1306,1329,62,21,0,0,0
2018-09-14,1242,1330,58,18,0,0,0
2018-10-12,1394,1331,63,53,0,0,0
2018-11-09,1411,1331,65,14,0,0,0
2018-12-11,1381,1333,60,46,0,0,0
2019-01-10,1456,1336,62,7,0,0,0
2019-02-08,1341,1336,56,8,0,0,0
2019-03-11,1390,1352,31,5,0,0,0
2019-04-08,1391,1373,33,3,0,0,0
2019-05-07,1342,1375,31,12,0,0,0
2019-06-05,1341,1376,31,7,0,0,0
2019-07-03,1383,1377,32,1,0,0,0
2019-08-01,1305,1377,31,13,0,0,0
2019-08-29,1371,1378,32,13,0,0,0
2019-09-27,1423,1379,33,16,0,0,0
2019-10-25,1318,1379,33,10,0,0,0
2019-11-22,1360,1380,34,11,0,0,0
2019-12-23,1416,1381,33,3,0,0,0
2020-01-23,1364,1382,32,8,0,0,0
2020-02-21,1427,1388,35,17,1,0,0
2020-03-20,1687,1420,35,34,2,2,2
2020-04-20,1538,1435,33,0,2,0,0
2020-05-18,1477,1437,32,6,2,0,0
2020-06-16,1546,1439,34,5,2,0,0
2020-07-15,1544,1439,35,5,2,1,1
2020-08-12,1452,1439,35,6,2,0,0
2020-09-10,1413,1442,34,23,2,2,2
2020-10-08,1504,1443,36,7,2,0,0
2020-11-05,1457,1443,35,11,2,0,0
