date,year,model,pool_n,n,unknown_end,unknown_path,high_up10,high_up20,end_down10,winning_names,calendar_days,gross,net_rt10bp_borrow0pct,net_rt10bp_borrow5pct,net_rt10bp_borrow20pct,net_rt20bp_borrow0pct,net_rt20bp_borrow5pct,net_rt20bp_borrow20pct
2016-03-31,2016,price_matched,0,0,0,0,0,0,0,0,28,0.0,0.0,0.0,0.0,0.0,0.0,0.0
2016-03-31,2016,m_only_raw,0,0,0,0,0,0,0,0,28,0.0,0.0,0.0,0.0,0.0,0.0,0.0
2016-03-31,2016,m_weak_raw,0,0,0,0,0,0,0,0,28,0.0,0.0,0.0,0.0,0.0,0.0,0.0
2016-03-31,2016,m_weak_winsor,0,0,0,0,0,0,0,0,28,0.0,0.0,0.0,0.0,0.0,0.0,0.0
2016-04-28,2016,price_matched,0,0,0,0,0,0,0,0,28,0.0,0.0,0.0,0.0,0.0,0.0,0.0
2016-04-28,2016,m_only_raw,0,0,0,0,0,0,0,0,28,0.0,0.0,0.0,0.0,0.0,0.0,0.0
2016-04-28,2016,m_weak_raw,0,0,0,0,0,0,0,0,28,0.0,0.0,0.0,0.0,0.0,0.0,0.0
2016-04-28,2016,m_weak_winsor,0,0,0,0,0,0,0,0,28,0.0,0.0,0.0,0.0,0.0,0.0,0.0
2016-05-26,2016,price_matched,0,0,0,0,0,0,0,0,29,0.0,0.0,0.0,0.0,0.0,0.0,0.0
2016-05-26,2016,m_only_raw,0,0,0,0,0,0,0,0,29,0.0,0.0,0.0,0.0,0.0,0.0,0.0
2016-05-26,2016,m_weak_raw,0,0,0,0,0,0,0,0,29,0.0,0.0,0.0,0.0,0.0,0.0,0.0
2016-05-26,2016,m_weak_winsor,0,0,0,0,0,0,0,0,29,0.0,0.0,0.0,0.0,0.0,0.0,0.0
2016-06-24,2016,price_matched,0,0,0,0,0,0,0,0,29,0.0,0.0,0.0,0.0,0.0,0.0,0.0
2016-06-24,2016,m_only_raw,0,0,0,0,0,0,0,0,29,0.0,0.0,0.0,0.0,0.0,0.0,0.0
2016-06-24,2016,m_weak_raw,0,0,0,0,0,0,0,0,29,0.0,0.0,0.0,0.0,0.0,0.0,0.0
2016-06-24,2016,m_weak_winsor,0,0,0,0,0,0,0,0,29,0.0,0.0,0.0,0.0,0.0,0.0,0.0
2016-07-25,2016,price_matched,0,0,0,0,0,0,0,0,28,0.0,0.0,0.0,0.0,0.0,0.0,0.0
2016-07-25,2016,m_only_raw,0,0,0,0,0,0,0,0,28,0.0,0.0,0.0,0.0,0.0,0.0,0.0
2016-07-25,2016,m_weak_raw,0,0,0,0,0,0,0,0,28,0.0,0.0,0.0,0.0,0.0,0.0,0.0
2016-07-25,2016,m_weak_winsor,0,0,0,0,0,0,0,0,28,0.0,0.0,0.0,0.0,0.0,0.0,0.0
2016-08-22,2016,price_matched,0,0,0,0,0,0,0,0,29,0.0,0.0,0.0,0.0,0.0,0.0,0.0
2016-08-22,2016,m_only_raw,0,0,0,0,0,0,0,0,29,0.0,0.0,0.0,0.0,0.0,0.0,0.0
2016-08-22,2016,m_weak_raw,0,0,0,0,0,0,0,0,29,0.0,0.0,0.0,0.0,0.0,0.0,0.0
2016-08-22,2016,m_weak_winsor,0,0,0,0,0,0,0,0,29,0.0,0.0,0.0,0.0,0.0,0.0,0.0
2016-09-20,2016,price_matched,0,0,0,0,0,0,0,0,28,0.0,0.0,0.0,0.0,0.0,0.0,0.0
2016-09-20,2016,m_only_raw,0,0,0,0,0,0,0,0,28,0.0,0.0,0.0,0.0,0.0,0.0,0.0
2016-09-20,2016,m_weak_raw,0,0,0,0,0,0,0,0,28,0.0,0.0,0.0,0.0,0.0,0.0,0.0
2016-09-20,2016,m_weak_winsor,0,0,0,0,0,0,0,0,28,0.0,0.0,0.0,0.0,0.0,0.0,0.0
2016-10-18,2016,price_matched,0,0,0,0,0,0,0,0,28,0.0,0.0,0.0,0.0,0.0,0.0,0.0
2016-10-18,2016,m_only_raw,0,0,0,0,0,0,0,0,28,0.0,0.0,0.0,0.0,0.0,0.0,0.0
2016-10-18,2016,m_weak_raw,0,0,0,0,0,0,0,0,28,0.0,0.0,0.0,0.0,0.0,0.0,0.0
2016-10-18,2016,m_weak_winsor,0,0,0,0,0,0,0,0,28,0.0,0.0,0.0,0.0,0.0,0.0,0.0
2016-11-15,2016,price_matched,0,0,0,0,0,0,0,0,29,0.0,0.0,0.0,0.0,0.0,0.0,0.0
2016-11-15,2016,m_only_raw,0,0,0,0,0,0,0,0,29,0.0,0.0,0.0,0.0,0.0,0.0,0.0
2016-11-15,2016,m_weak_raw,0,0,0,0,0,0,0,0,29,0.0,0.0,0.0,0.0,0.0,0.0,0.0
2016-11-15,2016,m_weak_winsor,0,0,0,0,0,0,0,0,29,0.0,0.0,0.0,0.0,0.0,0.0,0.0
2016-12-14,2016,price_matched,0,0,0,0,0,0,0,0,30,0.0,0.0,0.0,0.0,0.0,0.0,0.0
2016-12-14,2016,m_only_raw,0,0,0,0,0,0,0,0,30,0.0,0.0,0.0,0.0,0.0,0.0,0.0
2016-12-14,2016,m_weak_raw,0,0,0,0,0,0,0,0,30,0.0,0.0,0.0,0.0,0.0,0.0,0.0
2016-12-14,2016,m_weak_winsor,0,0,0,0,0,0,0,0,30,0.0,0.0,0.0,0.0,0.0,0.0,0.0
2017-01-13,2017,price_matched,0,0,0,0,0,0,0,0,28,0.0,0.0,0.0,0.0,0.0,0.0,0.0
2017-01-13,2017,m_only_raw,0,0,0,0,0,0,0,0,28,0.0,0.0,0.0,0.0,0.0,0.0,0.0
2017-01-13,2017,m_weak_raw,0,0,0,0,0,0,0,0,28,0.0,0.0,0.0,0.0,0.0,0.0,0.0
2017-01-13,2017,m_weak_winsor,0,0,0,0,0,0,0,0,28,0.0,0.0,0.0,0.0,0.0,0.0,0.0
2017-02-13,2017,price_matched,0,0,0,0,0,0,0,0,29,0.0,0.0,0.0,0.0,0.0,0.0,0.0
2017-02-13,2017,m_only_raw,0,0,0,0,0,0,0,0,29,0.0,0.0,0.0,0.0,0.0,0.0,0.0
2017-02-13,2017,m_weak_raw,0,0,0,0,0,0,0,0,29,0.0,0.0,0.0,0.0,0.0,0.0,0.0
2017-02-13,2017,m_weak_winsor,0,0,0,0,0,0,0,0,29,0.0,0.0,0.0,0.0,0.0,0.0,0.0
2017-03-14,2017,price_matched,3,3,0,0,0,0,0,1,28,-0.0036491210256660413,-0.0037991210256660413,-0.004374463491419466,-0.00610049088867974,-0.003949121025666041,-0.004524463491419466,-0.00625049088867974
2017-03-14,2017,m_only_raw,0,0,0,0,0,0,0,0,28,0.0,0.0,0.0,0.0,0.0,0.0,0.0
2017-03-14,2017,m_weak_raw,0,0,0,0,0,0,0,0,28,0.0,0.0,0.0,0.0,0.0,0.0,0.0
2017-03-14,2017,m_weak_winsor,0,0,0,0,0,0,0,0,28,0.0,0.0,0.0,0.0,0.0,0.0,0.0
2017-04-11,2017,price_matched,10,10,0,0,1,0,0,3,29,-0.007428338994131628,-0.007928338994131628,-0.009914640363994642,-0.015873544473583686,-0.008428338994131628,-0.010414640363994643,-0.016373544473583683
2017-04-11,2017,m_only_raw,0,0,0,0,0,0,0,0,29,0.0,0.0,0.0,0.0,0.0,0.0,0.0
2017-04-11,2017,m_weak_raw,0,0,0,0,0,0,0,0,29,0.0,0.0,0.0,0.0,0.0,0.0,0.0
2017-04-11,2017,m_weak_winsor,0,0,0,0,0,0,0,0,29,0.0,0.0,0.0,0.0,0.0,0.0,0.0
2017-05-10,2017,price_matched,2,2,0,0,1,0,0,1,29,-0.0031029389968133536,-0.0032029389968133534,-0.0036001992707859563,-0.004791980092703765,-0.0033029389968133537,-0.0037001992707859565,-0.004891980092703765
2017-05-10,2017,m_only_raw,0,0,0,0,0,0,0,0,29,0.0,0.0,0.0,0.0,0.0,0.0,0.0
2017-05-10,2017,m_weak_raw,0,0,0,0,0,0,0,0,29,0.0,0.0,0.0,0.0,0.0,0.0,0.0
2017-05-10,2017,m_weak_winsor,0,0,0,0,0,0,0,0,29,0.0,0.0,0.0,0.0,0.0,0.0,0.0
2017-06-08,2017,price_matched,7,7,0,0,1,0,0,3,29,-0.007800162385939535,-0.008150162385939535,-0.009540573344843645,-0.013711806221555975,-0.008500162385939534,-0.009890573344843645,-0.014061806221555975
2017-06-08,2017,m_only_raw,0,0,0,0,0,0,0,0,29,0.0,0.0,0.0,0.0,0.0,0.0,0.0
2017-06-08,2017,m_weak_raw,0,0,0,0,0,0,0,0,29,0.0,0.0,0.0,0.0,0.0,0.0,0.0
2017-06-08,2017,m_weak_winsor,0,0,0,0,0,0,0,0,29,0.0,0.0,0.0,0.0,0.0,0.0,0.0
2017-07-07,2017,price_matched,3,3,0,0,1,0,1,2,26,-0.0004065348478708153,-0.0005565348478708152,-0.0010907814232132811,-0.0026935211492406783,-0.0007065348478708152,-0.001240781423213281,-0.0028435211492406787
2017-07-07,2017,m_only_raw,0,0,0,0,0,0,0,0,26,0.0,0.0,0.0,0.0,0.0,0.0,0.0
2017-07-07,2017,m_weak_raw,0,0,0,0,0,0,0,0,26,0.0,0.0,0.0,0.0,0.0,0.0,0.0
2017-07-07,2017,m_weak_winsor,0,0,0,0,0,0,0,0,26,0.0,0.0,0.0,0.0,0.0,0.0,0.0
2017-08-04,2017,price_matched,5,5,0,0,0,0,0,3,26,0.002738325800360064,0.0024883258003600642,0.0015979148414559544,-0.0010733180352563748,0.002238325800360064,0.0013479148414559544,-0.001323318035256375
2017-08-04,2017,m_only_raw,0,0,0,0,0,0,0,0,26,0.0,0.0,0.0,0.0,0.0,0.0,0.0
2017-08-04,2017,m_weak_raw,0,0,0,0,0,0,0,0,26,0.0,0.0,0.0,0.0,0.0,0.0,0.0
2017-08-04,2017,m_weak_winsor,0,0,0,0,0,0,0,0,26,0.0,0.0,0.0,0.0,0.0,0.0,0.0
2017-09-01,2017,price_matched,4,4,0,0,0,0,0,1,28,-0.0075052980672225544,-0.007705298067222554,-0.008472421354893787,-0.010773791217907487,-0.007905298067222554,-0.008672421354893788,-0.010973791217907486
2017-09-01,2017,m_only_raw,0,0,0,0,0,0,0,0,28,0.0,0.0,0.0,0.0,0.0,0.0,0.0
2017-09-01,2017,m_weak_raw,0,0,0,0,0,0,0,0,28,0.0,0.0,0.0,0.0,0.0,0.0,0.0
2017-09-01,2017,m_weak_winsor,0,0,0,0,0,0,0,0,28,0.0,0.0,0.0,0.0,0.0,0.0,0.0
2017-10-02,2017,price_matched,3,3,0,0,0,0,0,0,28,-0.004791524856175744,-0.004941524856175744,-0.005516867321929169,-0.007242894719189443,-0.005091524856175744,-0.005666867321929169,-0.007392894719189443
2017-10-02,2017,m_only_raw,0,0,0,0,0,0,0,0,28,0.0,0.0,0.0,0.0,0.0,0.0,0.0
2017-10-02,2017,m_weak_raw,0,0,0,0,0,0,0,0,28,0.0,0.0,0.0,0.0,0.0,0.0,0.0
2017-10-02,2017,m_weak_winsor,0,0,0,0,0,0,0,0,28,0.0,0.0,0.0,0.0,0.0,0.0,0.0
2017-10-30,2017,price_matched,4,4,0,0,0,0,0,3,29,-5.722263421252816e-05,-0.0002572226342125282,-0.001051743182157734,-0.003435304825993351,-0.00045722263421252816,-0.001251743182157734,-0.0036353048259933503
2017-10-30,2017,m_only_raw,0,0,0,0,0,0,0,0,29,0.0,0.0,0.0,0.0,0.0,0.0,0.0
2017-10-30,2017,m_weak_raw,0,0,0,0,0,0,0,0,29,0.0,0.0,0.0,0.0,0.0,0.0,0.0
2017-10-30,2017,m_weak_winsor,0,0,0,0,0,0,0,0,29,0.0,0.0,0.0,0.0,0.0,0.0,0.0
2017-11-28,2017,price_matched,2,2,0,0,0,0,0,1,29,0.0013059819611935474,0.0012059819611935473,0.0008087216872209445,-0.00038305913469686417,0.0011059819611935473,0.0007087216872209445,-0.0004830591346968638
2017-11-28,2017,m_only_raw,0,0,0,0,0,0,0,0,29,0.0,0.0,0.0,0.0,0.0,0.0,0.0
2017-11-28,2017,m_weak_raw,0,0,0,0,0,0,0,0,29,0.0,0.0,0.0,0.0,0.0,0.0,0.0
2017-11-28,2017,m_weak_winsor,0,0,0,0,0,0,0,0,29,0.0,0.0,0.0,0.0,0.0,0.0,0.0
2017-12-27,2017,price_matched,5,5,0,0,3,0,0,1,30,-0.017308805854520194,-0.017558805854520194,-0.018586203114794166,-0.021668394895616085,-0.017808805854520195,-0.018836203114794167,-0.021918394895616082
2017-12-27,2017,m_only_raw,0,0,0,0,0,0,0,0,30,0.0,0.0,0.0,0.0,0.0,0.0,0.0
2017-12-27,2017,m_weak_raw,0,0,0,0,0,0,0,0,30,0.0,0.0,0.0,0.0,0.0,0.0,0.0
2017-12-27,2017,m_weak_winsor,0,0,0,0,0,0,0,0,30,0.0,0.0,0.0,0.0,0.0,0.0,0.0
2018-01-26,2018,price_matched,2,2,0,0,0,0,1,2,29,0.00946772430462282,0.009367724304622821,0.008970464030650218,0.007778683208732409,0.00926772430462282,0.008870464030650217,0.007678683208732409
2018-01-26,2018,m_only_raw,0,0,0,0,0,0,0,0,29,0.0,0.0,0.0,0.0,0.0,0.0,0.0
2018-01-26,2018,m_weak_raw,0,0,0,0,0,0,0,0,29,0.0,0.0,0.0,0.0,0.0,0.0,0.0
2018-01-26,2018,m_weak_winsor,0,0,0,0,0,0,0,0,29,0.0,0.0,0.0,0.0,0.0,0.0,0.0
2018-02-26,2018,price_matched,12,12,0,0,2,1,1,7,28,0.008534765160337326,0.007934765160337327,0.005633395297323628,-0.0012707142917174688,0.007334765160337327,0.005033395297323627,-0.001870714291717467
2018-02-26,2018,m_only_raw,0,0,0,0,0,0,0,0,28,0.0,0.0,0.0,0.0,0.0,0.0,0.0
2018-02-26,2018,m_weak_raw,0,0,0,0,0,0,0,0,28,0.0,0.0,0.0,0.0,0.0,0.0,0.0
2018-02-26,2018,m_weak_winsor,0,0,0,0,0,0,0,0,28,0.0,0.0,0.0,0.0,0.0,0.0,0.0
2018-03-26,2018,price_matched,44,20,0,0,4,0,1,8,29,-0.0015803297198027477,-0.002580329719802748,-0.006552932459528776,-0.01847074067870686,-0.003580329719802748,-0.007552932459528776,-0.01947074067870686
2018-03-26,2018,m_only_raw,0,0,0,0,0,0,0,0,29,0.0,0.0,0.0,0.0,0.0,0.0,0.0
2018-03-26,2018,m_weak_raw,0,0,0,0,0,0,0,0,29,0.0,0.0,0.0,0.0,0.0,0.0,0.0
2018-03-26,2018,m_weak_winsor,0,0,0,0,0,0,0,0,29,0.0,0.0,0.0,0.0,0.0,0.0,0.0
2018-04-24,2018,price_matched,24,20,0,0,5,0,1,6,28,-0.031476128794092735,-0.032476128794092736,-0.0363117452324489,-0.0478185945475174,-0.03347612879409274,-0.0373117452324489,-0.04881859454751739
2018-04-24,2018,m_only_raw,0,0,0,0,0,0,0,0,28,0.0,0.0,0.0,0.0,0.0,0.0,0.0
2018-04-24,2018,m_weak_raw,0,0,0,0,0,0,0,0,28,0.0,0.0,0.0,0.0,0.0,0.0,0.0
2018-04-24,2018,m_weak_winsor,0,0,0,0,0,0,0,0,28,0.0,0.0,0.0,0.0,0.0,0.0,0.0
2018-05-22,2018,price_matched,17,17,0,0,4,1,0,2,29,-0.047423496503145854,-0.04827349650314585,-0.05165020883191298,-0.06178034581821435,-0.049123496503145854,-0.052500208831912976,-0.06263034581821435
2018-05-22,2018,m_only_raw,0,0,0,0,0,0,0,0,29,0.0,0.0,0.0,0.0,0.0,0.0,0.0
2018-05-22,2018,m_weak_raw,0,0,0,0,0,0,0,0,29,0.0,0.0,0.0,0.0,0.0,0.0,0.0
2018-05-22,2018,m_weak_winsor,0,0,0,0,0,0,0,0,29,0.0,0.0,0.0,0.0,0.0,0.0,0.0
2018-06-20,2018,price_matched,20,20,0,0,2,0,0,6,29,-0.020506336825469068,-0.02150633682546907,-0.025478939565195098,-0.037396747784373185,-0.02250633682546907,-0.026478939565195096,-0.03839674778437318
2018-06-20,2018,m_only_raw,0,0,0,0,0,0,0,0,29,0.0,0.0,0.0,0.0,0.0,0.0,0.0
2018-06-20,2018,m_weak_raw,0,0,0,0,0,0,0,0,29,0.0,0.0,0.0,0.0,0.0,0.0,0.0
2018-06-20,2018,m_weak_winsor,0,0,0,0,0,0,0,0,29,0.0,0.0,0.0,0.0,0.0,0.0,0.0
2018-07-19,2018,price_matched,9,9,0,0,3,0,3,4,28,0.006639694839521188,0.006189694839521188,0.004463667442260913,-0.0007144147495199097,0.005739694839521188,0.004013667442260914,-0.0011644147495199087
2018-07-19,2018,m_only_raw,1,1,0,0,1,0,1,1,28,0.006091301998919507,0.006041301998919508,0.005849521177001699,0.005274178711248275,0.005991301998919507,0.005799521177001699,0.005224178711248274
2018-07-19,2018,m_weak_raw,1,1,0,0,1,0,1,1,28,0.006091301998919507,0.006041301998919508,0.005849521177001699,0.005274178711248275,0.005991301998919507,0.005799521177001699,0.005224178711248274
2018-07-19,2018,m_weak_winsor,1,1,0,0,1,0,1,1,28,0.006091301998919507,0.006041301998919508,0.005849521177001699,0.005274178711248275,0.005991301998919507,0.005799521177001699,0.005224178711248274
2018-08-16,2018,price_matched,21,20,0,0,0,0,2,9,29,0.007430682249496834,0.006430682249496834,0.0024580795097708056,-0.00945972870940728,0.005430682249496834,0.0014580795097708056,-0.010459728709407277
2018-08-16,2018,m_only_raw,0,0,0,0,0,0,0,0,29,0.0,0.0,0.0,0.0,0.0,0.0,0.0
2018-08-16,2018,m_weak_raw,0,0,0,0,0,0,0,0,29,0.0,0.0,0.0,0.0,0.0,0.0,0.0
2018-08-16,2018,m_weak_winsor,0,0,0,0,0,0,0,0,29,0.0,0.0,0.0,0.0,0.0,0.0,0.0
2018-09-14,2018,price_matched,18,18,0,0,0,0,6,15,26,0.06783698028023125,0.06693698028023125,0.06373150082817645,0.05411506247201207,0.06603698028023125,0.06283150082817646,0.05321506247201206
2018-09-14,2018,m_only_raw,0,0,0,0,0,0,0,0,26,0.0,0.0,0.0,0.0,0.0,0.0,0.0
2018-09-14,2018,m_weak_raw,0,0,0,0,0,0,0,0,26,0.0,0.0,0.0,0.0,0.0,0.0,0.0
2018-09-14,2018,m_weak_winsor,0,0,0,0,0,0,0,0,26,0.0,0.0,0.0,0.0,0.0,0.0,0.0
2018-10-12,2018,price_matched,53,20,0,0,7,0,1,8,26,-0.016322949712629244,-0.017322949712629244,-0.02088459354824568,-0.031569525055095,-0.018322949712629245,-0.021884593548245682,-0.032569525055095
2018-10-12,2018,m_only_raw,0,0,0,0,0,0,0,0,26,0.0,0.0,0.0,0.0,0.0,0.0,0.0
2018-10-12,2018,m_weak_raw,0,0,0,0,0,0,0,0,26,0.0,0.0,0.0,0.0,0.0,0.0,0.0
2018-10-12,2018,m_weak_winsor,0,0,0,0,0,0,0,0,26,0.0,0.0,0.0,0.0,0.0,0.0,0.0
2018-11-09,2018,price_matched,14,14,0,0,0,0,5,13,30,0.05776227342589259,0.05706227342589259,0.05418556109712547,0.0455554241108241,0.05636227342589259,0.05348556109712546,0.0448554241108241
2018-11-09,2018,m_only_raw,0,0,0,0,0,0,0,0,30,0.0,0.0,0.0,0.0,0.0,0.0,0.0
2018-11-09,2018,m_weak_raw,0,0,0,0,0,0,0,0,30,0.0,0.0,0.0,0.0,0.0,0.0,0.0
2018-11-09,2018,m_weak_winsor,0,0,0,0,0,0,0,0,30,0.0,0.0,0.0,0.0,0.0,0.0,0.0
2018-12-11,2018,price_matched,46,20,0,0,2,1,1,9,30,-0.00937033004435534,-0.01037033004435534,-0.01447991908545123,-0.0268086862087389,-0.01137033004435534,-0.015479919085451231,-0.0278086862087389
2018-12-11,2018,m_only_raw,0,0,0,0,0,0,0,0,30,0.0,0.0,0.0,0.0,0.0,0.0,0.0
2018-12-11,2018,m_weak_raw,0,0,0,0,0,0,0,0,30,0.0,0.0,0.0,0.0,0.0,0.0,0.0
2018-12-11,2018,m_weak_winsor,0,0,0,0,0,0,0,0,30,0.0,0.0,0.0,0.0,0.0,0.0,0.0
2019-01-10,2019,price_matched,7,7,0,0,0,0,1,1,29,-0.00892693912413937,-0.00927693912413937,-0.010667350083043481,-0.014838582959755809,-0.00962693912413937,-0.01101735008304348,-0.015188582959755809
2019-01-10,2019,m_only_raw,0,0,0,0,0,0,0,0,29,0.0,0.0,0.0,0.0,0.0,0.0,0.0
2019-01-10,2019,m_weak_raw,0,0,0,0,0,0,0,0,29,0.0,0.0,0.0,0.0,0.0,0.0,0.0
2019-01-10,2019,m_weak_winsor,0,0,0,0,0,0,0,0,29,0.0,0.0,0.0,0.0,0.0,0.0,0.0
2019-02-08,2019,price_matched,8,8,0,0,5,1,0,4,29,-0.00013117416256422376,-0.0005311741625642237,-0.0021202152584546352,-0.00688733854612587,-0.0009311741625642238,-0.0025202152584546354,-0.0072873385461258685
2019-02-08,2019,m_only_raw,0,0,0,0,0,0,0,0,29,0.0,0.0,0.0,0.0,0.0,0.0,0.0
2019-02-08,2019,m_weak_raw,0,0,0,0,0,0,0,0,29,0.0,0.0,0.0,0.0,0.0,0.0,0.0
2019-02-08,2019,m_weak_winsor,0,0,0,0,0,0,0,0,29,0.0,0.0,0.0,0.0,0.0,0.0,0.0
2019-03-11,2019,price_matched,5,5,0,0,1,0,0,1,28,-0.008835532684941444,-0.009085532684941444,-0.010044436794530485,-0.012921149123297608,-0.009335532684941444,-0.010294436794530485,-0.013171149123297608
2019-03-11,2019,m_only_raw,0,0,0,0,0,0,0,0,28,0.0,0.0,0.0,0.0,0.0,0.0,0.0
2019-03-11,2019,m_weak_raw,0,0,0,0,0,0,0,0,28,0.0,0.0,0.0,0.0,0.0,0.0,0.0
2019-03-11,2019,m_weak_winsor,0,0,0,0,0,0,0,0,28,0.0,0.0,0.0,0.0,0.0,0.0,0.0
2019-04-08,2019,price_matched,3,3,0,0,0,0,0,1,29,-0.003069499495362599,-0.003219499495362599,-0.003815389906321503,-0.005603061139198216,-0.003369499495362599,-0.003965389906321503,-0.005753061139198216
2019-04-08,2019,m_only_raw,0,0,0,0,0,0,0,0,29,0.0,0.0,0.0,0.0,0.0,0.0,0.0
2019-04-08,2019,m_weak_raw,0,0,0,0,0,0,0,0,29,0.0,0.0,0.0,0.0,0.0,0.0,0.0
2019-04-08,2019,m_weak_winsor,0,0,0,0,0,0,0,0,29,0.0,0.0,0.0,0.0,0.0,0.0,0.0
2019-05-07,2019,price_matched,12,12,0,0,0,0,1,8,29,0.01659258604123398,0.01599258604123398,0.013609024397398365,0.006458339465891513,0.015392586041233981,0.013009024397398365,0.005858339465891515
2019-05-07,2019,m_only_raw,0,0,0,0,0,0,0,0,29,0.0,0.0,0.0,0.0,0.0,0.0,0.0
2019-05-07,2019,m_weak_raw,0,0,0,0,0,0,0,0,29,0.0,0.0,0.0,0.0,0.0,0.0,0.0
2019-05-07,2019,m_weak_winsor,0,0,0,0,0,0,0,0,29,0.0,0.0,0.0,0.0,0.0,0.0,0.0
2019-06-05,2019,price_matched,7,7,0,0,4,0,0,0,28,-0.02828996444967724,-0.02863996444967724,-0.029982430203101897,-0.03400982746337587,-0.02898996444967724,-0.030332430203101897,-0.03435982746337587
2019-06-05,2019,m_only_raw,0,0,0,0,0,0,0,0,28,0.0,0.0,0.0,0.0,0.0,0.0,0.0
2019-06-05,2019,m_weak_raw,0,0,0,0,0,0,0,0,28,0.0,0.0,0.0,0.0,0.0,0.0,0.0
2019-06-05,2019,m_weak_winsor,0,0,0,0,0,0,0,0,28,0.0,0.0,0.0,0.0,0.0,0.0,0.0
2019-07-03,2019,price_matched,1,1,0,0,1,0,0,0,28,-0.005802451936472552,-0.005852451936472552,-0.006044232758390361,-0.006619575224143786,-0.005902451936472553,-0.006094232758390361,-0.006669575224143786
2019-07-03,2019,m_only_raw,0,0,0,0,0,0,0,0,28,0.0,0.0,0.0,0.0,0.0,0.0,0.0
2019-07-03,2019,m_weak_raw,0,0,0,0,0,0,0,0,28,0.0,0.0,0.0,0.0,0.0,0.0,0.0
2019-07-03,2019,m_weak_winsor,0,0,0,0,0,0,0,0,28,0.0,0.0,0.0,0.0,0.0,0.0,0.0
2019-08-01,2019,price_matched,13,13,0,0,0,0,1,9,28,0.014334622713331923,0.013684622713331923,0.011191472028400415,0.0037120199736058943,0.013034622713331922,0.010541472028400415,0.0030620199736058947
2019-08-01,2019,m_only_raw,0,0,0,0,0,0,0,0,28,0.0,0.0,0.0,0.0,0.0,0.0,0.0
2019-08-01,2019,m_weak_raw,0,0,0,0,0,0,0,0,28,0.0,0.0,0.0,0.0,0.0,0.0,0.0
2019-08-01,2019,m_weak_winsor,0,0,0,0,0,0,0,0,28,0.0,0.0,0.0,0.0,0.0,0.0,0.0
2019-08-29,2019,price_matched,13,13,0,0,4,0,1,6,29,-0.006889650839685407,-0.007539650839685407,-0.010121842620507325,-0.01786841796297308,-0.008189650839685408,-0.010771842620507326,-0.01851841796297308
2019-08-29,2019,m_only_raw,0,0,0,0,0,0,0,0,29,0.0,0.0,0.0,0.0,0.0,0.0,0.0
2019-08-29,2019,m_weak_raw,0,0,0,0,0,0,0,0,29,0.0,0.0,0.0,0.0,0.0,0.0,0.0
2019-08-29,2019,m_weak_winsor,0,0,0,0,0,0,0,0,29,0.0,0.0,0.0,0.0,0.0,0.0,0.0
2019-09-27,2019,price_matched,16,16,0,0,2,0,0,7,26,-0.001777765938141368,-0.002577765938141368,-0.005427081006634519,-0.013975026212113972,-0.003377765938141368,-0.006227081006634519,-0.014775026212113972
2019-09-27,2019,m_only_raw,0,0,0,0,0,0,0,0,26,0.0,0.0,0.0,0.0,0.0,0.0,0.0
2019-09-27,2019,m_weak_raw,0,0,0,0,0,0,0,0,26,0.0,0.0,0.0,0.0,0.0,0.0,0.0
2019-09-27,2019,m_weak_winsor,0,0,0,0,0,0,0,0,26,0.0,0.0,0.0,0.0,0.0,0.0,0.0
2019-10-25,2019,price_matched,10,10,0,0,0,0,0,5,26,-0.0029939731718593376,-0.0034939731718593376,-0.005274795089667557,-0.010617260843092216,-0.003993973171859337,-0.005774795089667557,-0.011117260843092216
2019-10-25,2019,m_only_raw,0,0,0,0,0,0,0,0,26,0.0,0.0,0.0,0.0,0.0,0.0,0.0
2019-10-25,2019,m_weak_raw,0,0,0,0,0,0,0,0,26,0.0,0.0,0.0,0.0,0.0,0.0,0.0
2019-10-25,2019,m_weak_winsor,0,0,0,0,0,0,0,0,26,0.0,0.0,0.0,0.0,0.0,0.0,0.0
2019-11-22,2019,price_matched,11,11,0,0,2,1,0,0,29,-0.032881937558233466,-0.03343193755823347,-0.03561686906508278,-0.04217166358563073,-0.03398193755823346,-0.036166869065082784,-0.04272166358563073
2019-11-22,2019,m_only_raw,0,0,0,0,0,0,0,0,29,0.0,0.0,0.0,0.0,0.0,0.0,0.0
2019-11-22,2019,m_weak_raw,0,0,0,0,0,0,0,0,29,0.0,0.0,0.0,0.0,0.0,0.0,0.0
2019-11-22,2019,m_weak_winsor,0,0,0,0,0,0,0,0,29,0.0,0.0,0.0,0.0,0.0,0.0,0.0
2019-12-23,2019,price_matched,3,3,0,0,0,0,0,1,31,-0.002602650417398594,-0.002752650417398594,-0.003389636718768457,-0.005300595622878046,-0.002902650417398594,-0.003539636718768457,-0.005450595622878046
2019-12-23,2019,m_only_raw,0,0,0,0,0,0,0,0,31,0.0,0.0,0.0,0.0,0.0,0.0,0.0
2019-12-23,2019,m_weak_raw,0,0,0,0,0,0,0,0,31,0.0,0.0,0.0,0.0,0.0,0.0,0.0
2019-12-23,2019,m_weak_winsor,0,0,0,0,0,0,0,0,31,0.0,0.0,0.0,0.0,0.0,0.0,0.0
2020-01-23,2020,price_matched,8,8,0,0,1,0,0,5,29,0.006751401797926521,0.0063514017979265204,0.004762360702036109,-4.762585635125632e-06,0.00595140179792652,0.004362360702036109,-0.0004047625856351241
2020-01-23,2020,m_only_raw,0,0,0,0,0,0,0,0,29,0.0,0.0,0.0,0.0,0.0,0.0,0.0
2020-01-23,2020,m_weak_raw,0,0,0,0,0,0,0,0,29,0.0,0.0,0.0,0.0,0.0,0.0,0.0
2020-01-23,2020,m_weak_winsor,0,0,0,0,0,0,0,0,29,0.0,0.0,0.0,0.0,0.0,0.0,0.0
2020-02-21,2020,price_matched,17,17,0,0,0,0,17,17,26,0.29169846780649783,0.2908484678064978,0.28782107054622386,0.27873887876540193,0.28999846780649785,0.28697107054622384,0.2778888787654019
2020-02-21,2020,m_only_raw,1,1,0,0,0,0,1,1,26,0.012223974763406942,0.012173974763406942,0.01199589257162612,0.011461645996283654,0.012123974763406943,0.011945892571626121,0.011411645996283654
2020-02-21,2020,m_weak_raw,0,0,0,0,0,0,0,0,26,0.0,0.0,0.0,0.0,0.0,0.0,0.0
2020-02-21,2020,m_weak_winsor,0,0,0,0,0,0,0,0,26,0.0,0.0,0.0,0.0,0.0,0.0,0.0
2020-03-20,2020,price_matched,34,20,0,0,20,19,0,0,29,-0.2751853518616699,-0.2761853518616699,-0.280157954601396,-0.292075762820574,-0.2771853518616699,-0.281157954601396,-0.293075762820574
2020-03-20,2020,m_only_raw,2,2,0,0,2,2,0,0,29,-0.021711312992800835,-0.021811312992800834,-0.02220857326677344,-0.023400354088691247,-0.021911312992800833,-0.02230857326677344,-0.023500354088691246
2020-03-20,2020,m_weak_raw,2,2,0,0,2,2,0,0,29,-0.021711312992800835,-0.021811312992800834,-0.02220857326677344,-0.023400354088691247,-0.021911312992800833,-0.02230857326677344,-0.023500354088691246
2020-03-20,2020,m_weak_winsor,2,2,0,0,2,2,0,0,29,-0.021711312992800835,-0.021811312992800834,-0.02220857326677344,-0.023400354088691247,-0.021911312992800833,-0.02230857326677344,-0.023500354088691246
2020-04-20,2020,price_matched,0,0,0,0,0,0,0,0,28,0.0,0.0,0.0,0.0,0.0,0.0,0.0
2020-04-20,2020,m_only_raw,2,2,0,0,2,1,0,0,28,-0.018749696609827237,-0.018849696609827236,-0.019233258253662854,-0.020383943185169704,-0.018949696609827236,-0.019333258253662854,-0.020483943185169703
2020-04-20,2020,m_weak_raw,0,0,0,0,0,0,0,0,28,0.0,0.0,0.0,0.0,0.0,0.0,0.0
2020-04-20,2020,m_weak_winsor,0,0,0,0,0,0,0,0,28,0.0,0.0,0.0,0.0,0.0,0.0,0.0
2020-05-18,2020,price_matched,6,6,0,0,4,4,0,1,29,-0.029830512984787404,-0.030130512984787406,-0.03132229380670521,-0.034897636272458635,-0.030430512984787404,-0.03162229380670521,-0.035197636272458636
2020-05-18,2020,m_only_raw,2,2,0,0,1,0,0,0,29,-0.005484491349748289,-0.005584491349748289,-0.005981751623720891,-0.0071735324456387,-0.005684491349748288,-0.006081751623720892,-0.0072735324456387
2020-05-18,2020,m_weak_raw,0,0,0,0,0,0,0,0,29,0.0,0.0,0.0,0.0,0.0,0.0,0.0
2020-05-18,2020,m_weak_winsor,0,0,0,0,0,0,0,0,29,0.0,0.0,0.0,0.0,0.0,0.0,0.0
2020-06-16,2020,price_matched,5,5,0,0,0,0,0,1,29,-0.00960017130661664,-0.00985017130661664,-0.010843321991548147,-0.013822774046342669,-0.01010017130661664,-0.011093321991548147,-0.014072774046342667
2020-06-16,2020,m_only_raw,2,2,0,0,0,0,0,1,29,0.0024232933842752826,0.0023232933842752827,0.0019260331103026797,0.000734252288384871,0.0022232933842752825,0.0018260331103026797,0.0006342522883848714
2020-06-16,2020,m_weak_raw,0,0,0,0,0,0,0,0,29,0.0,0.0,0.0,0.0,0.0,0.0,0.0
2020-06-16,2020,m_weak_winsor,0,0,0,0,0,0,0,0,29,0.0,0.0,0.0,0.0,0.0,0.0,0.0
2020-07-15,2020,price_matched,5,5,0,0,3,0,1,2,28,-0.004743765953945623,-0.004993765953945623,-0.005952670063534664,-0.008829382392301788,-0.005243765953945623,-0.006202670063534664,-0.009079382392301787
2020-07-15,2020,m_only_raw,2,2,0,0,2,0,0,0,28,-0.006284748197538892,-0.006384748197538892,-0.006768309841374508,-0.007918994772881358,-0.006484748197538892,-0.006868309841374509,-0.008018994772881358
2020-07-15,2020,m_weak_raw,1,1,0,0,1,0,0,0,28,-0.0015802027429934417,-0.0016302027429934416,-0.0018219835649112498,-0.0023973260306646748,-0.0016802027429934417,-0.00187198356491125,-0.0024473260306646745
2020-07-15,2020,m_weak_winsor,1,1,0,0,1,0,0,0,28,-0.0015802027429934417,-0.0016302027429934416,-0.0018219835649112498,-0.0023973260306646748,-0.0016802027429934417,-0.00187198356491125,-0.0024473260306646745
2020-08-12,2020,price_matched,6,6,0,0,0,0,2,5,29,0.021180362502050236,0.020880362502050234,0.019688581680132426,0.016113239214379002,0.020580362502050236,0.019388581680132428,0.015813239214379004
2020-08-12,2020,m_only_raw,2,2,0,0,0,0,0,2,29,0.005486499136327083,0.005386499136327083,0.00498923886235448,0.0037974580404366715,0.005286499136327083,0.00488923886235448,0.003697458040436672
2020-08-12,2020,m_weak_raw,0,0,0,0,0,0,0,0,29,0.0,0.0,0.0,0.0,0.0,0.0,0.0
2020-08-12,2020,m_weak_winsor,0,0,0,0,0,0,0,0,29,0.0,0.0,0.0,0.0,0.0,0.0,0.0
2020-09-10,2020,price_matched,23,20,0,0,6,0,0,4,28,-0.05614251434409083,-0.05714251434409083,-0.060978130782446995,-0.07248498009751549,-0.05814251434409083,-0.061978130782446995,-0.07348498009751549
2020-09-10,2020,m_only_raw,2,2,0,0,0,0,0,0,28,-0.005791360898445086,-0.0058913608984450866,-0.006274922542280703,-0.0074256074737875525,-0.005991360898445086,-0.006374922542280703,-0.007525607473787552
2020-09-10,2020,m_weak_raw,2,2,0,0,0,0,0,0,28,-0.005791360898445086,-0.0058913608984450866,-0.006274922542280703,-0.0074256074737875525,-0.005991360898445086,-0.006374922542280703,-0.007525607473787552
2020-09-10,2020,m_weak_winsor,2,2,0,0,0,0,0,0,28,-0.005791360898445086,-0.0058913608984450866,-0.006274922542280703,-0.0074256074737875525,-0.005991360898445086,-0.006374922542280703,-0.007525607473787552
2020-10-08,2020,price_matched,7,7,0,0,1,0,0,3,28,-0.008418009584527764,-0.008768009584527763,-0.01011047533795242,-0.014137872598226395,-0.009118009584527763,-0.010460475337952422,-0.014487872598226394
2020-10-08,2020,m_only_raw,2,2,0,0,0,0,0,1,28,0.002201111870971356,0.0021011118709713564,0.0017175502271357397,0.00056686529562889,0.002001111870971356,0.0016175502271357396,0.0004668652956288904
2020-10-08,2020,m_weak_raw,0,0,0,0,0,0,0,0,28,0.0,0.0,0.0,0.0,0.0,0.0,0.0
2020-10-08,2020,m_weak_winsor,0,0,0,0,0,0,0,0,28,0.0,0.0,0.0,0.0,0.0,0.0,0.0
2020-11-05,2020,price_matched,11,11,0,0,9,1,0,1,29,-0.05370086567970687,-0.05425086567970687,-0.05643579718655618,-0.06299059170710414,-0.054800865679706864,-0.056985797186556185,-0.06354059170710413
2020-11-05,2020,m_only_raw,2,2,0,0,1,0,0,0,29,-0.009294227392066113,-0.009394227392066112,-0.009791487666038715,-0.010983268487956523,-0.009494227392066113,-0.009891487666038715,-0.011083268487956524
2020-11-05,2020,m_weak_raw,0,0,0,0,0,0,0,0,29,0.0,0.0,0.0,0.0,0.0,0.0,0.0
2020-11-05,2020,m_weak_winsor,0,0,0,0,0,0,0,0,29,0.0,0.0,0.0,0.0,0.0,0.0,0.0
