date,price_eligible,annual_asof,complete_price_eligible,price_weak,accrual_weak,cashburn_weak,cashburn_rebound,residual_rally
2016-03-31,1076,1216,307,38,5,3,1,196
2016-04-28,1064,1220,305,117,10,3,0,160
2016-05-26,1064,1220,311,86,9,2,2,147
2016-06-24,1093,1221,309,202,21,7,0,86
2016-07-25,1103,1221,308,23,3,1,0,177
2016-08-22,1077,1223,322,102,10,3,0,128
2016-09-20,1082,1223,310,192,15,7,1,188
2016-10-18,1069,1223,305,167,15,6,4,166
2016-11-15,1181,1224,326,86,6,5,2,192
2016-12-14,1185,1225,326,74,3,2,1,99
2017-01-13,1168,1226,316,87,6,1,0,176
2017-02-13,1163,1227,322,66,7,1,1,158
2017-03-14,1175,1248,336,123,11,6,0,184
2017-04-11,1208,1265,343,122,16,1,0,203
2017-05-10,1195,1266,342,106,12,5,2,198
2017-06-08,1162,1266,336,84,5,3,0,149
2017-07-07,1204,1266,339,128,12,5,2,171
2017-08-04,1161,1267,338,111,7,3,1,146
2017-09-01,1130,1269,328,72,8,2,0,182
2017-10-02,1212,1271,351,76,4,0,0,189
2017-10-30,1158,1272,341,119,13,4,3,167
2017-11-28,1238,1274,368,50,5,4,3,193
2017-12-27,1274,1276,374,101,7,4,1,205
2018-01-26,1304,1276,371,53,6,5,2,162
2018-02-26,1383,1286,413,133,21,3,2,184
2018-03-26,1342,1320,449,265,45,5,0,114
2018-04-24,1284,1326,432,188,27,4,0,99
2018-05-22,1286,1327,449,114,14,2,0,244
2018-06-20,1338,1327,452,111,17,2,0,248
2018-07-19,1325,1328,461,94,12,5,0,263
2018-08-16,1306,1329,459,163,23,7,0,210
2018-09-14,1242,1330,448,123,13,6,2,233
2018-10-12,1394,1331,480,421,50,14,0,33
2018-11-09,1411,1331,486,151,18,8,1,210
2018-12-11,1381,1333,466,326,42,6,0,50
2019-01-10,1456,1336,473,70,5,2,0,341
2019-02-08,1341,1336,470,86,11,1,0,256
2019-03-11,1390,1352,558,156,16,6,2,220
2019-04-08,1391,1373,559,78,4,8,5,272
2019-05-07,1342,1375,551,273,27,10,2,151
2019-06-05,1341,1376,550,232,21,11,5,340
2019-07-03,1383,1377,578,58,8,3,2,317
2019-08-01,1305,1377,549,288,34,8,1,183
2019-08-29,1371,1378,555,214,21,11,1,250
2019-09-27,1423,1379,584,211,30,21,1,193
2019-10-25,1318,1379,538,132,12,10,3,303
2019-11-22,1360,1380,571,178,16,4,0,238
2019-12-23,1416,1381,581,101,6,7,3,358
2020-01-23,1364,1382,550,170,18,6,2,254
2020-02-21,1427,1388,596,241,19,7,0,233
2020-03-20,1687,1420,666,646,65,36,5,57
2020-04-20,1538,1435,618,16,2,1,1,269
2020-05-18,1477,1437,630,94,5,6,1,316
2020-06-16,1546,1439,649,92,8,8,2,155
2020-07-15,1544,1439,659,86,6,8,1,374
2020-08-12,1452,1439,631,117,9,16,3,332
2020-09-10,1413,1442,616,358,39,19,1,62
2020-10-08,1504,1443,653,66,5,4,2,473
2020-11-05,1457,1443,632,168,16,15,11,364
