date,n,unknown_end,unknown_path,high_up10,high_up20,end_down10,winning_names,calendar_days,gross,net_rt10bp_borrow0pct,net_rt10bp_borrow5pct,net_rt10bp_borrow20pct,net_rt20bp_borrow0pct,net_rt20bp_borrow5pct,net_rt20bp_borrow20pct,gross_equal_weight
2016-03-31,1076,0,0,276,61,35,372,28,-1.5610546098290112,-1.6148546098290113,-1.821210774212573,-2.440279267363258,-1.6686546098290111,-1.8750107742125728,-2.494079267363258,-0.029015884941059687
2016-04-28,1064,0,0,79,10,85,497,28,0.2527441780922822,0.19954417809228223,-0.004510616428265779,-0.6166749999899097,0.14634417809228223,-0.05771061642826575,-0.6698749999899096,0.004750830415268462
2016-05-26,1064,0,0,127,28,113,714,29,1.1313239634968606,1.0781239634968607,0.8667814977434358,0.2327541004831617,1.0249239634968605,0.8135814977434359,0.17955410048316178,0.021265488035655276
2016-06-24,1093,0,0,495,77,13,102,29,-4.1634320363084365,-4.218082036308436,-4.435184776034464,-5.086492995212546,-4.272732036308437,-4.489834776034464,-5.1411429952125465,-0.07618356882540597
2016-07-25,1103,0,0,162,42,37,413,28,-0.8944871558096997,-0.9496371558096998,-1.1611714023850421,-1.7957741421110698,-1.0047871558096997,-1.2163214023850422,-1.8509241421110696,-0.01621916873634995
2016-08-22,1077,0,0,64,9,78,800,29,1.352658501941011,1.298808501941011,1.0848838444067643,0.4431098718040244,1.244958501941011,1.0310338444067644,0.38925987180402444,0.02511900653558052
2016-09-20,1082,0,0,102,15,52,637,28,0.30407460708523326,0.24997460708523325,0.04246775777016476,-0.5800527901750409,0.19587460708523324,-0.011632242229835277,-0.6341527901750407,0.005620602718765864
2016-10-18,1069,0,0,292,93,96,483,28,-1.2266210264862392,-1.2800710264862392,-1.4850847251163761,-2.1001258210067872,-1.3335210264862392,-1.5385347251163761,-2.153575821006787,-0.022948943432857607
2016-11-15,1181,0,0,321,46,42,318,29,-1.7138692088163066,-1.7729192088163066,-2.0075014005971283,-2.711247975939594,-1.8319692088163066,-2.0665514005971284,-2.7702979759395943,-0.029024034018904427
2016-12-14,1185,0,0,115,21,23,360,30,-1.0644171703288952,-1.1236671703288952,-1.3671603210138266,-2.097639773068621,-1.1829171703288952,-1.4264103210138266,-2.156889773068621,-0.017964846756605823
2017-01-13,1168,0,0,160,20,26,290,28,-1.6469957446284966,-1.7053957446284966,-1.9293957446284966,-2.6013957446284968,-1.7637957446284966,-1.9877957446284966,-2.6597957446284965,-0.028201981928570145
2017-02-13,1163,0,0,95,18,75,551,29,0.1686387778790061,0.1104887778790061,-0.12051807143606241,-0.8135386193812681,0.05233877787900611,-0.17866807143606245,-0.8716886193812678,0.0029000649678246966
2017-03-14,1175,0,0,95,17,25,543,28,-0.36688903649218296,-0.425639036492183,-0.6509815022456076,-1.3270088995058817,-0.48438903649218296,-0.7097315022456077,-1.3857588995058814,-0.006244919770079711
2017-04-11,1208,0,0,191,31,54,442,29,-1.1077881395907674,-1.1681881395907674,-1.4081333450702194,-2.127968961508576,-1.2285881395907674,-1.4685333450702194,-2.1883689615085755,-0.01834086323825774
2017-05-10,1195,0,0,121,20,53,397,29,-0.8311046756672376,-0.8908546756672375,-1.1282176893658677,-1.8403067304617584,-0.9506046756672376,-1.1879676893658677,-1.9000567304617582,-0.013909701684807324
2017-06-08,1162,0,0,87,6,62,636,29,0.31040918713474297,0.252309187134743,0.021500967956660733,-0.6709236895775861,0.19420918713474294,-0.03659903204333931,-0.7290236895775859,0.005342671035021394
2017-07-07,1204,0,0,223,42,49,390,26,-1.0526674706186512,-1.1128674706186512,-1.3272784295227609,-1.9705113062350899,-1.1730674706186512,-1.3874784295227607,-2.03071130623509,-0.017486170608283242
2017-08-04,1161,0,0,95,16,53,565,26,-0.21085072692420148,-0.26890072692420147,-0.47565415158173574,-1.0959144255543385,-0.32695072692420146,-0.5337041515817358,-1.1539644255543386,-0.003632226131338527
2017-09-01,1130,0,0,189,22,28,328,28,-1.6909444293097717,-1.7474444293097717,-1.964156758076895,-2.614293744378265,-1.8039444293097717,-2.0206567580768953,-2.670793744378265,-0.02992821998778357
2017-10-02,1212,0,0,117,15,66,527,28,-0.21706613958799886,-0.27766613958799885,-0.5101044957523825,-1.2074195642455332,-0.3382661395879989,-0.5707044957523825,-1.2680195642455332,-0.003581949498151797
2017-10-30,1158,0,0,177,38,39,356,29,-1.389138439502032,-1.4470384395020321,-1.677052138132169,-2.36709323402258,-1.504938439502032,-1.734952138132169,-2.42499323402258,-0.023992028316097272
2017-11-28,1238,0,0,210,32,44,500,29,-1.1164641922812115,-1.1783641922812116,-1.4242683018702527,-2.161980630637376,-1.2402641922812114,-1.4861683018702527,-2.223880630637376,-0.018036578227483224
2017-12-27,1274,0,0,433,78,23,261,30,-3.6504946456245504,-3.7141946456245503,-3.9759754675423586,-4.761317933295784,-3.7778946456245506,-4.0396754675423585,-4.825017933295783,-0.0573076082515628
2018-01-26,1304,0,0,88,29,167,996,29,2.112470588987145,2.047270588987145,1.7882568903570077,1.0112157944665967,1.9820705889871448,1.7230568903570078,0.9460157944665968,0.03239985565931204
2018-02-26,1383,0,0,132,27,127,1003,28,1.6936004583267668,1.6244504583267667,1.359217581614438,0.5635189514774515,1.5553004583267667,1.290067581614438,0.49436895147745163,0.02449169137131984
2018-03-26,1342,0,0,157,25,85,701,29,0.2833701459013059,0.2162701459013059,-0.05029149793431059,-0.84997642944116,0.1491701459013059,-0.11739149793431058,-0.91707642944116,0.004223102025354782
2018-04-24,1284,0,0,327,75,57,408,28,-1.9329404300813269,-1.997140430081327,-2.2433870054237928,-2.9821267314511903,-2.061340430081327,-2.307587005423793,-3.04632673145119,-0.03010810638755961
2018-05-22,1286,0,0,274,73,46,452,29,-1.8811252247119064,-1.9454252247119064,-2.20086358087629,-2.9671786493694405,-2.0097252247119064,-2.26516358087629,-3.031478649369441,-0.029255446729578638
2018-06-20,1338,0,0,91,16,51,565,29,-0.18954136148203582,-0.25644136148203583,-0.5222084847697072,-1.319509854632721,-0.32334136148203585,-0.5891084847697071,-1.386409854632721,-0.002833204207504272
2018-07-19,1325,0,0,191,35,137,648,28,0.3312873270804534,0.26503732708045336,0.010927738039357482,-0.7514010290839302,0.19878732708045338,-0.05532226196064255,-0.8176510290839302,0.005000563427629485
2018-08-16,1306,0,0,230,47,34,458,29,-1.4805757306920593,-1.5458757306920592,-1.8052866895961688,-2.5835195663084978,-1.6111757306920593,-1.870586689596169,-2.6488195663084975,-0.02267344151136385
2018-09-14,1242,0,0,94,21,359,1101,26,4.206822037804772,4.1447220378047716,3.923543955612991,3.2600097090376483,4.0826220378047715,3.861443955612991,3.1979097090376483,0.06774270592278214
2018-10-12,1394,0,0,317,55,129,611,26,-0.49717780314522403,-0.5668778031452241,-0.8151243784876898,-1.5598641045150874,-0.636577803145224,-0.8848243784876898,-1.6295641045150873,-0.007133110518582841
2018-11-09,1411,0,0,163,37,286,1072,30,3.2730015071387255,3.2024515071387256,2.9125200002894105,2.042725479741465,3.1319015071387257,2.8419700002894106,1.9721754797414655,0.0463926507035964
2018-12-11,1381,0,0,118,26,76,811,30,0.6947115983362107,0.6256615983362106,0.3418944750485395,-0.5094068948144741,0.5566115983362107,0.2728444750485395,-0.5784568948144739,0.010060993458887916
2019-01-10,1456,0,0,486,92,31,225,29,-3.7973677615769943,-3.8701677615769943,-4.15937324102905,-5.026989679385213,-3.9429677615769942,-4.232173241029049,-5.099789679385213,-0.05216164507660707
2019-02-08,1341,0,0,290,66,48,396,29,-1.463835360105818,-1.530885360105818,-1.7972483738044482,-2.596337414900339,-1.5979353601058182,-1.8642983738044483,-2.6633874149003387,-0.02183199642215985
2019-03-11,1390,0,0,191,28,34,301,28,-2.1026272749744064,-2.1721272749744065,-2.4387026174401596,-3.23842864483742,-2.241627274974406,-2.5082026174401597,-3.3079286448374203,-0.030253629855746852
2019-04-08,1391,0,0,208,34,111,702,29,0.2801319557364663,0.21058195573646632,-0.06571256481147891,-0.8945961264553148,0.14103195573646632,-0.1352625648114789,-0.9641461264553146,0.0040277779401361085
2019-05-07,1342,0,0,95,17,170,803,29,1.4374183702960992,1.3703183702960993,1.1037567264604826,0.30407179495363335,1.3032183702960993,1.0366567264604827,0.2369717949536334,0.02142203234420416
2019-06-05,1341,0,0,353,62,29,184,28,-3.2596225981801283,-3.3266725981801284,-3.583850680371909,-4.355384926947252,-3.3937225981801284,-3.650900680371909,-4.422434926947251,-0.048614803850561196
2019-07-03,1383,0,0,220,39,114,822,28,0.6632946923035085,0.5941446923035084,0.32891181559117966,-0.46678681454580684,0.5249946923035085,0.2597618155911796,-0.5359368145458067,0.009592114133094843
2019-08-01,1305,0,0,137,32,156,769,28,1.1305921037278845,1.0653421037278845,0.8150681311251449,0.06424621331692548,1.0000921037278845,0.7498181311251448,-0.0010037866830743258,0.017327082049469495
2019-08-29,1371,0,0,351,65,90,563,29,-0.4463864535664438,-0.5149364535664438,-0.787258371374663,-1.604224124799321,-0.5834864535664438,-0.855808371374663,-1.6727741247993206,-0.006511837397030544
2019-09-27,1423,0,0,214,31,54,508,26,-1.3643979457144395,-1.4355479457144396,-1.6889589046185491,-2.449191781330878,-1.5066979457144396,-1.7601089046185492,-2.5203417813308784,-0.019176359040259165
2019-10-25,1318,0,0,243,52,76,497,26,-0.9370075188763461,-1.002907518876346,-1.2376198476434694,-1.9417568339448397,-1.0688075188763462,-1.3035198476434695,-2.0076568339448397,-0.014218626993571262
2019-11-22,1360,0,0,218,38,27,380,29,-2.1127387676043923,-2.1807387676043923,-2.450875753905762,-3.2612867128098717,-2.2487387676043924,-2.5188757539057622,-3.3292867128098718,-0.031069687758888125
2019-12-23,1416,0,0,208,42,62,472,31,-1.3945265582452717,-1.4653265582452717,-1.765984092491847,-2.667956695231573,-1.5361265582452717,-1.836784092491847,-2.738756695231573,-0.019696702800074458
2020-01-23,1364,0,0,209,59,121,696,29,0.07914979359102256,0.01094979359102255,-0.25998171325829256,-1.072776233806238,-0.05725020640897746,-0.3281817132582926,-1.140976233806238,0.0011605541582261373
2020-02-21,1427,0,0,93,40,1322,1375,26,23.348387404027708,23.27703740402771,23.022914116356475,22.260544253342776,23.205687404027707,22.951564116356476,22.189194253342777,0.32723738477964553
2020-03-20,1687,0,0,1574,1317,50,105,29,-17.95071590360423,-18.03506590360423,-18.370154944700122,-19.37542206798779,-18.11941590360423,-18.45450494470012,-19.459772067987792,-0.21281228101486938
2020-04-20,1538,0,0,968,506,53,306,28,-7.567988248374277,-7.6448882483742775,-7.939847152483867,-8.824723864812634,-7.721788248374278,-8.016747152483866,-8.901623864812633,-0.09841337124023768
2020-05-18,1477,0,0,1037,568,45,237,29,-6.701778764656727,-6.7756287646567275,-7.069005476985494,-7.949135613971796,-6.849478764656728,-7.142855476985495,-8.022985613971796,-0.09074852761891303
2020-06-16,1546,0,0,313,110,137,631,29,-1.3335053598476865,-1.4108053598476864,-1.7178875516285084,-2.6391341269709745,-1.4881053598476865,-1.7951875516285085,-2.716434126970974,-0.01725103958405804
2020-07-15,1544,0,0,683,203,57,318,28,-4.515644577154188,-4.592844577154189,-4.888954166195284,-5.777282933318572,-4.670044577154188,-4.966154166195285,-5.854482933318572,-0.05849280540355166
2020-08-12,1452,0,0,323,99,185,957,29,1.4882792202130237,1.4156792202130237,1.127268261308914,0.26203538459658504,1.3430792202130237,1.054668261308914,0.18943538459658527,0.020499713777038894
2020-09-10,1413,0,0,387,104,48,391,28,-3.465049351645972,-3.535699351645972,-3.806685653015835,-4.619644557125424,-3.606349351645972,-3.877335653015835,-4.690294557125424,-0.04904528452435912
2020-10-08,1504,0,0,296,82,96,686,28,-0.7884866469716618,-0.8636866469716619,-1.1521250031360455,-2.0174400716291965,-0.9388866469716618,-1.2273250031360454,-2.092640071629196,-0.010485194773559333
2020-11-05,1457,0,0,767,362,73,337,29,-7.610319948502917,-7.683169948502917,-7.972574058091958,-8.840786386859081,-7.756019948502916,-8.045424058091958,-8.913636386859082,-0.10446561356901739
