date,model,n,unknown_path,unknown_end,bad_path10,bad_end10,up_end10,bad_path_rate_upper,split
2016-01-04,eligible,0,0,0,0,0,0,,2016-2020
2016-01-04,keep,0,0,0,0,0,0,,2016-2020
2016-01-04,removed,0,0,0,0,0,0,,2016-2020
2016-01-04,current20,0,0,0,0,0,0,,2016-2020
2016-01-04,report28,0,0,0,0,0,0,,2016-2020
2016-01-04,reuse28,0,0,0,0,0,0,,2016-2020
2016-02-02,eligible,0,0,0,0,0,0,,2016-2020
2016-02-02,keep,0,0,0,0,0,0,,2016-2020
2016-02-02,removed,0,0,0,0,0,0,,2016-2020
2016-02-02,current20,0,0,0,0,0,0,,2016-2020
2016-02-02,report28,0,0,0,0,0,0,,2016-2020
2016-02-02,reuse28,0,0,0,0,0,0,,2016-2020
2016-03-02,eligible,0,0,0,0,0,0,,2016-2020
2016-03-02,keep,0,0,0,0,0,0,,2016-2020
2016-03-02,removed,0,0,0,0,0,0,,2016-2020
2016-03-02,current20,0,0,0,0,0,0,,2016-2020
2016-03-02,report28,0,0,0,0,0,0,,2016-2020
2016-03-02,reuse28,0,0,0,0,0,0,,2016-2020
2016-03-31,eligible,1076,0,0,57,35,139,0.05297397769516728,2016-2020
2016-03-31,keep,621,0,0,16,10,17,0.02576489533011272,2016-2020
2016-03-31,removed,455,0,0,41,25,122,0.09010989010989011,2016-2020
2016-03-31,current20,20,0,0,0,0,0,0.0,2016-2020
2016-03-31,report28,20,0,0,0,0,0,0.0,2016-2020
2016-03-31,reuse28,20,0,0,0,0,0,0.0,2016-2020
2016-04-28,eligible,1064,0,0,165,85,43,0.1550751879699248,2016-2020
2016-04-28,keep,429,0,0,16,5,16,0.037296037296037296,2016-2020
2016-04-28,removed,635,0,0,149,80,27,0.2346456692913386,2016-2020
2016-04-28,current20,20,0,0,7,4,0,0.35,2016-2020
2016-04-28,report28,20,0,0,0,0,0,0.0,2016-2020
2016-04-28,reuse28,20,0,0,1,0,0,0.05,2016-2020
2016-05-26,eligible,1064,0,0,128,113,42,0.12030075187969924,2016-2020
2016-05-26,keep,532,0,0,45,45,5,0.08458646616541353,2016-2020
2016-05-26,removed,532,0,0,83,68,37,0.15601503759398497,2016-2020
2016-05-26,current20,20,0,0,2,2,0,0.1,2016-2020
2016-05-26,report28,20,0,0,2,2,0,0.1,2016-2020
2016-05-26,reuse28,20,0,0,2,2,0,0.1,2016-2020
2016-06-24,eligible,1093,0,0,26,13,326,0.023787740164684355,2016-2020
2016-06-24,keep,171,0,0,0,0,17,0.0,2016-2020
2016-06-24,removed,922,0,0,26,13,309,0.028199566160520606,2016-2020
2016-06-24,current20,20,0,0,1,0,1,0.05,2016-2020
2016-06-24,report28,20,0,0,0,0,3,0.0,2016-2020
2016-06-24,reuse28,20,0,0,0,0,1,0.0,2016-2020
2016-07-25,eligible,1103,0,0,73,37,100,0.06618313689936536,2016-2020
2016-07-25,keep,555,0,0,21,11,17,0.03783783783783784,2016-2020
2016-07-25,removed,548,0,0,52,26,83,0.0948905109489051,2016-2020
2016-07-25,current20,20,0,0,1,1,1,0.05,2016-2020
2016-07-25,report28,20,0,0,0,0,0,0.0,2016-2020
2016-07-25,reuse28,20,0,0,1,1,0,0.05,2016-2020
2016-08-22,eligible,1077,0,0,112,78,25,0.10399257195914577,2016-2020
2016-08-22,keep,480,0,0,32,23,3,0.06666666666666667,2016-2020
2016-08-22,removed,597,0,0,80,55,22,0.13400335008375208,2016-2020
2016-08-22,current20,20,0,0,6,5,1,0.3,2016-2020
2016-08-22,report28,20,0,0,1,1,1,0.05,2016-2020
2016-08-22,reuse28,20,0,0,1,1,1,0.05,2016-2020
2016-09-20,eligible,1082,0,0,75,52,43,0.06931608133086876,2016-2020
2016-09-20,keep,208,0,0,9,8,3,0.04326923076923077,2016-2020
2016-09-20,removed,874,0,0,66,44,40,0.07551487414187644,2016-2020
2016-09-20,current20,20,0,0,0,0,0,0.0,2016-2020
2016-09-20,report28,20,0,0,2,2,1,0.1,2016-2020
2016-09-20,reuse28,20,0,0,1,1,0,0.05,2016-2020
2016-10-18,eligible,1069,0,0,210,96,227,0.19644527595884004,2016-2020
2016-10-18,keep,258,0,0,43,23,57,0.16666666666666666,2016-2020
2016-10-18,removed,811,0,0,167,73,170,0.2059186189889026,2016-2020
2016-10-18,current20,20,0,0,4,3,6,0.2,2016-2020
2016-10-18,report28,20,0,0,5,2,3,0.25,2016-2020
2016-10-18,reuse28,20,0,0,3,2,8,0.15,2016-2020
2016-11-15,eligible,1181,0,0,67,42,125,0.056731583403895,2016-2020
2016-11-15,keep,356,0,0,2,2,26,0.0056179775280898875,2016-2020
2016-11-15,removed,825,0,0,65,40,99,0.07878787878787878,2016-2020
2016-11-15,current20,20,0,0,0,0,4,0.0,2016-2020
2016-11-15,report28,20,0,0,0,0,3,0.0,2016-2020
2016-11-15,reuse28,20,0,0,0,0,3,0.0,2016-2020
2016-12-14,eligible,1185,0,0,45,23,67,0.0379746835443038,2016-2020
2016-12-14,keep,600,0,0,5,3,6,0.008333333333333333,2016-2020
2016-12-14,removed,585,0,0,40,20,61,0.06837606837606838,2016-2020
2016-12-14,current20,20,0,0,0,0,0,0.0,2016-2020
2016-12-14,report28,20,0,0,0,0,0,0.0,2016-2020
2016-12-14,reuse28,20,0,0,0,0,0,0.0,2016-2020
2017-01-13,eligible,1168,0,0,48,26,99,0.0410958904109589,2016-2020
2017-01-13,keep,666,0,0,8,6,57,0.012012012012012012,2016-2020
2017-01-13,removed,502,0,0,40,20,42,0.0796812749003984,2016-2020
2017-01-13,current20,20,0,0,0,0,6,0.0,2016-2020
2017-01-13,report28,20,0,0,0,0,6,0.0,2016-2020
2017-01-13,reuse28,20,0,0,0,0,3,0.0,2016-2020
2017-02-13,eligible,1163,0,0,96,75,38,0.0825451418744626,2016-2020
2017-02-13,keep,741,0,0,30,23,17,0.04048582995951417,2016-2020
2017-02-13,removed,422,0,0,66,52,21,0.15639810426540285,2016-2020
2017-02-13,current20,20,0,0,4,3,1,0.2,2016-2020
2017-02-13,report28,20,0,0,2,1,2,0.1,2016-2020
2017-02-13,reuse28,20,0,0,1,0,0,0.05,2016-2020
2017-03-14,eligible,1175,0,0,44,25,55,0.0374468085106383,2016-2020
2017-03-14,keep,393,0,0,5,3,6,0.01272264631043257,2016-2020
2017-03-14,removed,782,0,0,39,22,49,0.049872122762148335,2016-2020
2017-03-14,current20,20,0,0,1,0,0,0.05,2016-2020
2017-03-14,report28,20,0,0,2,0,0,0.1,2016-2020
2017-03-14,reuse28,20,0,0,1,0,0,0.05,2016-2020
2017-04-11,eligible,1208,0,0,91,54,119,0.07533112582781457,2016-2020
2017-04-11,keep,556,0,0,34,18,34,0.06115107913669065,2016-2020
2017-04-11,removed,652,0,0,57,36,85,0.08742331288343558,2016-2020
2017-04-11,current20,20,0,0,0,0,1,0.0,2016-2020
2017-04-11,report28,20,0,0,0,0,0,0.0,2016-2020
2017-04-11,reuse28,20,0,0,0,0,0,0.0,2016-2020
2017-05-10,eligible,1195,0,0,79,53,73,0.06610878661087866,2016-2020
2017-05-10,keep,594,0,0,26,14,32,0.04377104377104377,2016-2020
2017-05-10,removed,601,0,0,53,39,41,0.08818635607321132,2016-2020
2017-05-10,current20,20,0,0,0,0,4,0.0,2016-2020
2017-05-10,report28,20,0,0,1,0,2,0.05,2016-2020
2017-05-10,reuse28,20,0,0,0,0,3,0.0,2016-2020
2017-06-08,eligible,1162,0,0,101,62,21,0.08691910499139414,2016-2020
2017-06-08,keep,671,0,0,27,17,3,0.040238450074515646,2016-2020
2017-06-08,removed,491,0,0,74,45,18,0.15071283095723015,2016-2020
2017-06-08,current20,20,0,0,3,2,0,0.15,2016-2020
2017-06-08,report28,20,0,0,3,3,0,0.15,2016-2020
2017-06-08,reuse28,20,0,0,3,3,0,0.15,2016-2020
2017-07-07,eligible,1204,0,0,67,49,99,0.05564784053156146,2016-2020
2017-07-07,keep,419,0,0,20,11,23,0.0477326968973747,2016-2020
2017-07-07,removed,785,0,0,47,38,76,0.05987261146496815,2016-2020
2017-07-07,current20,20,0,0,3,1,1,0.15,2016-2020
2017-07-07,report28,20,0,0,3,1,0,0.15,2016-2020
2017-07-07,reuse28,20,0,0,3,1,1,0.15,2016-2020
2017-08-04,eligible,1161,0,0,112,53,61,0.09646856158484066,2016-2020
2017-08-04,keep,535,0,0,22,11,16,0.041121495327102804,2016-2020
2017-08-04,removed,626,0,0,90,42,45,0.14376996805111822,2016-2020
2017-08-04,current20,20,0,0,1,0,2,0.05,2016-2020
2017-08-04,report28,20,0,0,0,0,1,0.0,2016-2020
2017-08-04,reuse28,20,0,0,2,0,2,0.1,2016-2020
2017-09-01,eligible,1130,0,0,49,28,129,0.04336283185840708,2016-2020
2017-09-01,keep,667,0,0,12,6,54,0.017991004497751123,2016-2020
2017-09-01,removed,463,0,0,37,22,75,0.07991360691144708,2016-2020
2017-09-01,current20,20,0,0,0,0,2,0.0,2016-2020
2017-09-01,report28,20,0,0,0,0,1,0.0,2016-2020
2017-09-01,reuse28,20,0,0,0,0,2,0.0,2016-2020
2017-10-02,eligible,1212,0,0,96,66,54,0.07920792079207921,2016-2020
2017-10-02,keep,696,0,0,31,20,22,0.04454022988505747,2016-2020
2017-10-02,removed,516,0,0,65,46,32,0.12596899224806202,2016-2020
2017-10-02,current20,20,0,0,0,0,3,0.0,2016-2020
2017-10-02,report28,20,0,0,1,0,3,0.05,2016-2020
2017-10-02,reuse28,20,0,0,0,0,2,0.0,2016-2020
2017-10-30,eligible,1158,0,0,79,39,122,0.06822107081174439,2016-2020
2017-10-30,keep,519,0,0,17,6,45,0.03275529865125241,2016-2020
2017-10-30,removed,639,0,0,62,33,77,0.09702660406885759,2016-2020
2017-10-30,current20,20,0,0,0,0,3,0.0,2016-2020
2017-10-30,report28,20,0,0,1,0,5,0.05,2016-2020
2017-10-30,reuse28,20,0,0,0,0,4,0.0,2016-2020
2017-11-28,eligible,1238,0,0,94,44,133,0.07592891760904685,2016-2020
2017-11-28,keep,702,0,0,23,12,47,0.03276353276353276,2016-2020
2017-11-28,removed,536,0,0,71,32,86,0.13246268656716417,2016-2020
2017-11-28,current20,20,0,0,5,4,1,0.25,2016-2020
2017-11-28,report28,20,0,0,1,1,0,0.05,2016-2020
2017-11-28,reuse28,20,0,0,4,3,0,0.2,2016-2020
2017-12-27,eligible,1274,0,0,42,23,307,0.03296703296703297,2016-2020
2017-12-27,keep,631,0,0,7,2,130,0.011093502377179081,2016-2020
2017-12-27,removed,643,0,0,35,21,177,0.05443234836702955,2016-2020
2017-12-27,current20,20,0,0,1,1,1,0.05,2016-2020
2017-12-27,report28,20,0,0,0,0,3,0.0,2016-2020
2017-12-27,reuse28,20,0,0,0,0,1,0.0,2016-2020
2018-01-26,eligible,1304,0,0,604,167,44,0.46319018404907975,2016-2020
2018-01-26,keep,828,0,0,379,101,14,0.4577294685990338,2016-2020
2018-01-26,removed,476,0,0,225,66,30,0.4726890756302521,2016-2020
2018-01-26,current20,20,0,0,13,2,0,0.65,2016-2020
2018-01-26,report28,20,0,0,18,5,0,0.9,2016-2020
2018-01-26,reuse28,20,0,0,14,2,0,0.7,2016-2020
2018-02-26,eligible,1383,0,0,214,127,51,0.1547360809833695,2016-2020
2018-02-26,keep,348,0,0,22,11,4,0.06321839080459771,2016-2020
2018-02-26,removed,1035,0,0,192,116,47,0.1855072463768116,2016-2020
2018-02-26,current20,20,0,0,6,3,1,0.3,2016-2020
2018-02-26,report28,20,0,0,3,1,0,0.15,2016-2020
2018-02-26,reuse28,20,0,0,4,2,0,0.2,2016-2020
2018-03-26,eligible,1342,0,0,123,85,63,0.09165424739195231,2016-2020
2018-03-26,keep,217,0,0,5,3,8,0.02304147465437788,2016-2020
2018-03-26,removed,1125,0,0,118,82,55,0.10488888888888889,2016-2020
2018-03-26,current20,20,0,0,5,2,1,0.25,2016-2020
2018-03-26,report28,20,0,0,1,0,0,0.05,2016-2020
2018-03-26,reuse28,20,0,0,2,0,0,0.1,2016-2020
2018-04-24,eligible,1284,0,0,91,57,172,0.07087227414330217,2016-2020
2018-04-24,keep,423,0,0,24,12,33,0.05673758865248227,2016-2020
2018-04-24,removed,861,0,0,67,45,139,0.07781649245063879,2016-2020
2018-04-24,current20,20,0,0,0,0,3,0.0,2016-2020
2018-04-24,report28,20,0,0,0,0,4,0.0,2016-2020
2018-04-24,reuse28,20,0,0,0,0,2,0.0,2016-2020
2018-05-22,eligible,1286,0,0,62,46,176,0.04821150855365474,2016-2020
2018-05-22,keep,637,0,0,17,13,46,0.026687598116169546,2016-2020
2018-05-22,removed,649,0,0,45,33,130,0.06933744221879815,2016-2020
2018-05-22,current20,20,0,0,2,1,3,0.1,2016-2020
2018-05-22,report28,20,0,0,0,0,2,0.0,2016-2020
2018-05-22,reuse28,20,0,0,2,1,2,0.1,2016-2020
2018-06-20,eligible,1338,0,0,138,51,41,0.1031390134529148,2016-2020
2018-06-20,keep,603,0,0,41,11,14,0.06799336650082918,2016-2020
2018-06-20,removed,735,0,0,97,40,27,0.13197278911564625,2016-2020
2018-06-20,current20,20,0,0,4,1,0,0.2,2016-2020
2018-06-20,report28,20,0,0,0,0,0,0.0,2016-2020
2018-06-20,reuse28,20,0,0,4,1,0,0.2,2016-2020
2018-07-19,eligible,1325,0,0,199,137,86,0.150188679245283,2016-2020
2018-07-19,keep,741,0,0,53,34,38,0.07152496626180836,2016-2020
2018-07-19,removed,584,0,0,146,103,48,0.25,2016-2020
2018-07-19,current20,20,0,0,1,1,1,0.05,2016-2020
2018-07-19,report28,20,0,0,2,2,1,0.1,2016-2020
2018-07-19,reuse28,20,0,0,1,1,1,0.05,2016-2020
2018-08-16,eligible,1306,0,0,56,34,126,0.042879019908116385,2016-2020
2018-08-16,keep,486,0,0,3,3,23,0.006172839506172839,2016-2020
2018-08-16,removed,820,0,0,53,31,103,0.06463414634146342,2016-2020
2018-08-16,current20,20,0,0,0,0,2,0.0,2016-2020
2018-08-16,report28,20,0,0,0,0,1,0.0,2016-2020
2018-08-16,reuse28,20,0,0,0,0,0,0.0,2016-2020
2018-09-14,eligible,1242,0,0,458,359,24,0.3687600644122383,2016-2020
2018-09-14,keep,580,0,0,207,155,3,0.3568965517241379,2016-2020
2018-09-14,removed,662,0,0,251,204,21,0.37915407854984895,2016-2020
2018-09-14,current20,20,0,0,8,5,1,0.4,2016-2020
2018-09-14,report28,20,0,0,11,8,1,0.55,2016-2020
2018-09-14,reuse28,20,0,0,10,7,1,0.5,2016-2020
2018-10-12,eligible,1394,0,0,315,129,146,0.2259684361549498,2016-2020
2018-10-12,keep,42,0,0,4,2,7,0.09523809523809523,2016-2020
2018-10-12,removed,1352,0,0,311,127,139,0.23002958579881658,2016-2020
2018-10-12,current20,20,0,0,0,0,2,0.0,2016-2020
2018-10-12,report28,20,0,0,1,0,4,0.05,2016-2020
2018-10-12,reuse28,20,0,0,3,2,3,0.15,2016-2020
2018-11-09,eligible,1411,0,0,377,286,38,0.2671863926293409,2016-2020
2018-11-09,keep,386,0,0,33,29,1,0.08549222797927461,2016-2020
2018-11-09,removed,1025,0,0,344,257,37,0.335609756097561,2016-2020
2018-11-09,current20,20,0,0,4,2,0,0.2,2016-2020
2018-11-09,report28,20,0,0,3,2,0,0.15,2016-2020
2018-11-09,reuse28,20,0,0,3,2,0,0.15,2016-2020
2018-12-11,eligible,1381,0,0,844,76,62,0.611151339608979,2016-2020
2018-12-11,keep,176,0,0,67,6,1,0.3806818181818182,2016-2020
2018-12-11,removed,1205,0,0,777,70,61,0.6448132780082988,2016-2020
2018-12-11,current20,20,0,0,5,0,0,0.25,2016-2020
2018-12-11,report28,20,0,0,8,1,0,0.4,2016-2020
2018-12-11,reuse28,20,0,0,3,0,0,0.15,2016-2020
2019-01-10,eligible,1456,0,0,55,31,293,0.03777472527472527,2016-2020
2019-01-10,keep,300,0,0,3,3,13,0.01,2016-2020
2019-01-10,removed,1156,0,0,52,28,280,0.04498269896193772,2016-2020
2019-01-10,current20,20,0,0,1,0,1,0.05,2016-2020
2019-01-10,report28,20,0,0,2,2,0,0.1,2016-2020
2019-01-10,reuse28,20,0,0,0,0,0,0.0,2016-2020
2019-02-08,eligible,1341,0,0,76,48,106,0.05667412378821775,2016-2020
2019-02-08,keep,740,0,0,20,14,34,0.02702702702702703,2016-2020
2019-02-08,removed,601,0,0,56,34,72,0.09317803660565724,2016-2020
2019-02-08,current20,20,0,0,0,0,2,0.0,2016-2020
2019-02-08,report28,20,0,0,0,0,1,0.0,2016-2020
2019-02-08,reuse28,20,0,0,0,0,1,0.0,2016-2020
2019-03-11,eligible,1390,0,0,79,34,121,0.05683453237410072,2016-2020
2019-03-11,keep,533,0,0,2,2,17,0.00375234521575985,2016-2020
2019-03-11,removed,857,0,0,77,32,104,0.08984830805134189,2016-2020
2019-03-11,current20,20,0,0,0,0,3,0.0,2016-2020
2019-03-11,report28,20,0,0,0,0,0,0.0,2016-2020
2019-03-11,reuse28,20,0,0,0,0,1,0.0,2016-2020
2019-04-08,eligible,1391,0,0,154,111,71,0.11071171818835371,2016-2020
2019-04-08,keep,819,0,0,38,30,29,0.0463980463980464,2016-2020
2019-04-08,removed,572,0,0,116,81,42,0.20279720279720279,2016-2020
2019-04-08,current20,20,0,0,4,3,0,0.2,2016-2020
2019-04-08,report28,20,0,0,1,1,1,0.05,2016-2020
2019-04-08,reuse28,20,0,0,1,1,0,0.05,2016-2020
2019-05-07,eligible,1342,0,0,350,170,54,0.2608047690014903,2016-2020
2019-05-07,keep,330,0,0,31,11,10,0.09393939393939393,2016-2020
2019-05-07,removed,1012,0,0,319,159,44,0.31521739130434784,2016-2020
2019-05-07,current20,20,0,0,1,0,2,0.05,2016-2020
2019-05-07,report28,20,0,0,3,1,2,0.15,2016-2020
2019-05-07,reuse28,20,0,0,2,1,0,0.1,2016-2020
2019-06-05,eligible,1341,0,0,56,29,209,0.041759880686055184,2016-2020
2019-06-05,keep,501,0,0,3,0,32,0.005988023952095809,2016-2020
2019-06-05,removed,840,0,0,53,29,177,0.0630952380952381,2016-2020
2019-06-05,current20,20,0,0,0,0,0,0.0,2016-2020
2019-06-05,report28,20,0,0,0,0,1,0.0,2016-2020
2019-06-05,reuse28,20,0,0,0,0,0,0.0,2016-2020
2019-07-03,eligible,1383,0,0,135,114,82,0.09761388286334056,2016-2020
2019-07-03,keep,901,0,0,50,45,27,0.05549389567147614,2016-2020
2019-07-03,removed,482,0,0,85,69,55,0.17634854771784234,2016-2020
2019-07-03,current20,20,0,0,1,1,0,0.05,2016-2020
2019-07-03,report28,20,0,0,2,2,0,0.1,2016-2020
2019-07-03,reuse28,20,0,0,1,1,0,0.05,2016-2020
2019-08-01,eligible,1305,0,0,316,156,65,0.2421455938697318,2016-2020
2019-08-01,keep,277,0,0,44,23,8,0.1588447653429603,2016-2020
2019-08-01,removed,1028,0,0,272,133,57,0.26459143968871596,2016-2020
2019-08-01,current20,20,0,0,1,1,0,0.05,2016-2020
2019-08-01,report28,20,0,0,2,2,1,0.1,2016-2020
2019-08-01,reuse28,20,0,0,2,1,0,0.1,2016-2020
2019-08-29,eligible,1371,0,0,120,90,100,0.087527352297593,2016-2020
2019-08-29,keep,481,0,0,8,5,2,0.016632016632016633,2016-2020
2019-08-29,removed,890,0,0,112,85,98,0.1258426966292135,2016-2020
2019-08-29,current20,20,0,0,4,3,0,0.2,2016-2020
2019-08-29,report28,20,0,0,1,1,0,0.05,2016-2020
2019-08-29,reuse28,20,0,0,2,1,0,0.1,2016-2020
2019-09-27,eligible,1423,0,0,123,54,139,0.08643710470836262,2016-2020
2019-09-27,keep,452,0,0,22,11,19,0.048672566371681415,2016-2020
2019-09-27,removed,971,0,0,101,43,120,0.10401647785787847,2016-2020
2019-09-27,current20,20,0,0,0,0,4,0.0,2016-2020
2019-09-27,report28,20,0,0,1,1,1,0.05,2016-2020
2019-09-27,reuse28,20,0,0,0,0,3,0.0,2016-2020
2019-10-25,eligible,1318,0,0,119,76,129,0.09028831562974203,2016-2020
2019-10-25,keep,627,0,0,22,14,36,0.03508771929824561,2016-2020
2019-10-25,removed,691,0,0,97,62,93,0.14037626628075253,2016-2020
2019-10-25,current20,20,0,0,1,1,2,0.05,2016-2020
2019-10-25,report28,20,0,0,2,2,0,0.1,2016-2020
2019-10-25,reuse28,20,0,0,0,0,1,0.0,2016-2020
2019-11-22,eligible,1360,0,0,45,27,149,0.03308823529411765,2016-2020
2019-11-22,keep,527,0,0,7,2,19,0.013282732447817837,2016-2020
2019-11-22,removed,833,0,0,38,25,130,0.04561824729891957,2016-2020
2019-11-22,current20,20,0,0,1,0,3,0.05,2016-2020
2019-11-22,report28,20,0,0,1,0,0,0.05,2016-2020
2019-11-22,reuse28,20,0,0,1,0,1,0.05,2016-2020
2019-12-23,eligible,1416,0,0,75,62,125,0.05296610169491525,2016-2020
2019-12-23,keep,830,0,0,16,14,48,0.01927710843373494,2016-2020
2019-12-23,removed,586,0,0,59,48,77,0.10068259385665529,2016-2020
2019-12-23,current20,20,0,0,0,0,2,0.0,2016-2020
2019-12-23,report28,20,0,0,0,0,2,0.0,2016-2020
2019-12-23,reuse28,20,0,0,0,0,1,0.0,2016-2020
2020-01-23,eligible,1364,0,0,201,121,102,0.14736070381231672,2016-2020
2020-01-23,keep,775,0,0,60,38,42,0.07741935483870968,2016-2020
2020-01-23,removed,589,0,0,141,83,60,0.23938879456706283,2016-2020
2020-01-23,current20,20,0,0,2,2,0,0.1,2016-2020
2020-01-23,report28,20,0,0,2,2,0,0.1,2016-2020
2020-01-23,reuse28,20,0,0,2,2,0,0.1,2016-2020
2020-02-21,eligible,1427,0,0,1347,1322,26,0.9439383321653819,2016-2020
2020-02-21,keep,550,0,0,507,499,1,0.9218181818181819,2016-2020
2020-02-21,removed,877,0,0,840,823,25,0.9578107183580388,2016-2020
2020-02-21,current20,20,0,0,19,19,1,0.95,2016-2020
2020-02-21,report28,20,0,0,20,20,0,1.0,2016-2020
2020-02-21,reuse28,20,0,0,20,20,0,1.0,2016-2020
2020-03-20,eligible,1687,0,0,219,50,1361,0.12981624184943688,2016-2020
2020-03-20,keep,16,0,0,0,0,0,0.0,2016-2020
2020-03-20,removed,1671,0,0,219,50,1361,0.1310592459605027,2016-2020
2020-03-20,current20,20,0,0,2,0,6,0.1,2016-2020
2020-03-20,report28,0,0,0,0,0,0,,2016-2020
2020-03-20,reuse28,0,0,0,0,0,0,,2016-2020
2020-04-20,eligible,1538,0,0,181,53,623,0.1176853055916775,2016-2020
2020-04-20,keep,61,0,0,0,0,0,0.0,2016-2020
2020-04-20,removed,1477,0,0,181,53,623,0.12254570074475288,2016-2020
2020-04-20,current20,20,0,0,3,0,12,0.15,2016-2020
2020-04-20,report28,20,0,0,0,0,0,0.0,2016-2020
2020-04-20,reuse28,20,0,0,0,0,0,0.0,2016-2020
2020-05-18,eligible,1477,0,0,95,45,584,0.06431956668923494,2016-2020
2020-05-18,keep,155,0,0,4,1,4,0.025806451612903226,2016-2020
2020-05-18,removed,1322,0,0,91,44,580,0.06883509833585477,2016-2020
2020-05-18,current20,20,0,0,3,0,9,0.15,2016-2020
2020-05-18,report28,20,0,0,1,0,2,0.05,2016-2020
2020-05-18,reuse28,20,0,0,2,1,2,0.1,2016-2020
2020-06-16,eligible,1546,0,0,439,137,185,0.28395860284605434,2016-2020
2020-06-16,keep,159,0,0,1,1,8,0.006289308176100629,2016-2020
2020-06-16,removed,1387,0,0,438,136,177,0.3157894736842105,2016-2020
2020-06-16,current20,20,0,0,10,0,6,0.5,2016-2020
2020-06-16,report28,20,0,0,0,0,2,0.0,2016-2020
2020-06-16,reuse28,20,0,0,1,1,2,0.05,2016-2020
2020-07-15,eligible,1544,0,0,141,57,389,0.09132124352331607,2016-2020
2020-07-15,keep,444,0,0,10,6,61,0.02252252252252252,2016-2020
2020-07-15,removed,1100,0,0,131,51,328,0.1190909090909091,2016-2020
2020-07-15,current20,20,0,0,0,0,6,0.0,2016-2020
2020-07-15,report28,20,0,0,1,1,10,0.05,2016-2020
2020-07-15,reuse28,20,0,0,0,0,4,0.0,2016-2020
2020-08-12,eligible,1452,0,0,227,185,87,0.15633608815426997,2016-2020
2020-08-12,keep,490,0,0,26,23,4,0.053061224489795916,2016-2020
2020-08-12,removed,962,0,0,201,162,83,0.20893970893970895,2016-2020
2020-08-12,current20,20,0,0,2,2,3,0.1,2016-2020
2020-08-12,report28,20,0,0,1,1,1,0.05,2016-2020
2020-08-12,reuse28,20,0,0,0,0,1,0.0,2016-2020
2020-09-10,eligible,1413,0,0,192,48,283,0.13588110403397027,2016-2020
2020-09-10,keep,131,0,0,6,1,11,0.04580152671755725,2016-2020
2020-09-10,removed,1282,0,0,186,47,272,0.14508580343213728,2016-2020
2020-09-10,current20,20,0,0,1,0,5,0.05,2016-2020
2020-09-10,report28,20,0,0,0,0,3,0.0,2016-2020
2020-09-10,reuse28,20,0,0,0,0,3,0.0,2016-2020
2020-10-08,eligible,1504,0,0,452,96,157,0.300531914893617,2016-2020
2020-10-08,keep,492,0,0,62,13,28,0.12601626016260162,2016-2020
2020-10-08,removed,1012,0,0,390,83,129,0.38537549407114624,2016-2020
2020-10-08,current20,20,0,0,10,5,3,0.5,2016-2020
2020-10-08,report28,20,0,0,4,0,3,0.2,2016-2020
2020-10-08,reuse28,20,0,0,4,0,1,0.2,2016-2020
2020-11-05,eligible,1457,0,0,181,73,639,0.12422786547700755,2016-2020
2020-11-05,keep,323,0,0,11,6,69,0.034055727554179564,2016-2020
2020-11-05,removed,1134,0,0,170,67,570,0.14991181657848324,2016-2020
2020-11-05,current20,20,0,0,4,1,2,0.2,2016-2020
2020-11-05,report28,20,0,0,1,0,3,0.05,2016-2020
2020-11-05,reuse28,20,0,0,1,0,1,0.05,2016-2020
2021-01-04,eligible,1627,0,0,91,40,395,0.055931161647203444,2021-2025
2021-01-04,keep,436,0,0,10,5,53,0.022935779816513763,2021-2025
2021-01-04,removed,1191,0,0,81,35,342,0.06801007556675064,2021-2025
2021-01-04,current20,20,0,0,1,1,10,0.05,2021-2025
2021-01-04,report28,20,0,0,1,1,6,0.05,2021-2025
2021-01-04,reuse28,20,0,0,1,1,5,0.05,2021-2025
2021-02-02,eligible,1743,0,0,292,255,407,0.16752725186460127,2021-2025
2021-02-02,keep,255,0,0,13,12,13,0.050980392156862744,2021-2025
2021-02-02,removed,1488,0,0,279,243,394,0.1875,2021-2025
2021-02-02,current20,20,0,0,9,9,3,0.45,2021-2025
2021-02-02,report28,20,0,0,0,0,3,0.0,2021-2025
2021-02-02,reuse28,20,0,0,0,0,2,0.0,2021-2025
2021-03-03,eligible,1780,0,0,303,130,214,0.1702247191011236,2021-2025
2021-03-03,keep,258,0,0,4,3,19,0.015503875968992248,2021-2025
2021-03-03,removed,1522,0,0,299,127,195,0.1964520367936925,2021-2025
2021-03-03,current20,20,0,0,5,2,0,0.25,2021-2025
2021-03-03,report28,20,0,0,0,0,0,0.0,2021-2025
2021-03-03,reuse28,20,0,0,1,0,1,0.05,2021-2025
2021-03-31,eligible,1865,0,0,184,93,268,0.09865951742627346,2021-2025
2021-03-31,keep,477,0,0,2,1,42,0.0041928721174004195,2021-2025
2021-03-31,removed,1388,0,0,182,92,226,0.13112391930835735,2021-2025
2021-03-31,current20,20,0,0,3,1,1,0.15,2021-2025
2021-03-31,report28,20,0,0,1,0,1,0.05,2021-2025
2021-03-31,reuse28,20,0,0,1,0,0,0.05,2021-2025
2021-04-29,eligible,1617,0,0,368,109,121,0.22758194186765615,2021-2025
2021-04-29,keep,839,0,0,50,14,27,0.05959475566150179,2021-2025
2021-04-29,removed,778,0,0,318,95,94,0.4087403598971722,2021-2025
2021-04-29,current20,20,0,0,3,0,1,0.15,2021-2025
2021-04-29,report28,20,0,0,3,0,1,0.15,2021-2025
2021-04-29,reuse28,20,0,0,1,0,1,0.05,2021-2025
2021-05-27,eligible,1770,0,0,239,86,214,0.13502824858757062,2021-2025
2021-05-27,keep,611,0,0,34,7,18,0.05564648117839607,2021-2025
2021-05-27,removed,1159,0,0,205,79,196,0.17687661777394306,2021-2025
2021-05-27,current20,20,0,0,1,1,0,0.05,2021-2025
2021-05-27,report28,20,0,0,1,1,0,0.05,2021-2025
2021-05-27,reuse28,20,0,0,0,0,0,0.0,2021-2025
2021-06-25,eligible,1830,0,0,516,261,58,0.2819672131147541,2021-2025
2021-06-25,keep,569,0,0,50,17,19,0.08787346221441125,2021-2025
2021-06-25,removed,1261,0,0,466,244,39,0.3695479777954005,2021-2025
2021-06-25,current20,20,0,0,2,2,3,0.1,2021-2025
2021-06-25,report28,20,0,0,0,0,3,0.0,2021-2025
2021-06-25,reuse28,20,0,0,1,1,4,0.05,2021-2025
2021-07-26,eligible,1663,0,0,256,149,137,0.1539386650631389,2021-2025
2021-07-26,keep,615,0,0,28,16,35,0.04552845528455285,2021-2025
2021-07-26,removed,1048,0,0,228,133,102,0.21755725190839695,2021-2025
2021-07-26,current20,20,0,0,1,0,2,0.05,2021-2025
2021-07-26,report28,20,0,0,0,0,4,0.0,2021-2025
2021-07-26,reuse28,20,0,0,1,0,2,0.05,2021-2025
2021-08-23,eligible,1607,0,0,167,145,101,0.10392034847542003,2021-2025
2021-08-23,keep,535,0,0,28,28,6,0.052336448598130844,2021-2025
2021-08-23,removed,1072,0,0,139,117,95,0.1296641791044776,2021-2025
2021-08-23,current20,20,0,0,2,2,0,0.1,2021-2025
2021-08-23,report28,20,0,0,0,0,0,0.0,2021-2025
2021-08-23,reuse28,20,0,0,1,1,0,0.05,2021-2025
2021-09-21,eligible,1707,0,0,248,92,312,0.14528412419449327,2021-2025
2021-09-21,keep,162,0,0,16,6,15,0.09876543209876543,2021-2025
2021-09-21,removed,1545,0,0,232,86,297,0.15016181229773462,2021-2025
2021-09-21,current20,20,0,0,7,2,1,0.35,2021-2025
2021-09-21,report28,20,0,0,4,2,1,0.2,2021-2025
2021-09-21,reuse28,20,0,0,5,2,0,0.25,2021-2025
2021-10-19,eligible,1651,0,0,195,106,275,0.11811023622047244,2021-2025
2021-10-19,keep,763,0,0,31,20,71,0.04062909567496723,2021-2025
2021-10-19,removed,888,0,0,164,86,204,0.18468468468468469,2021-2025
2021-10-19,current20,20,0,0,2,0,6,0.1,2021-2025
2021-10-19,report28,20,0,0,2,2,1,0.1,2021-2025
2021-10-19,reuse28,20,0,0,1,1,1,0.05,2021-2025
2021-11-16,eligible,1732,0,0,678,440,35,0.39145496535796764,2021-2025
2021-11-16,keep,574,0,0,98,41,15,0.17073170731707318,2021-2025
2021-11-16,removed,1158,0,0,580,399,20,0.5008635578583766,2021-2025
2021-11-16,current20,20,0,0,12,11,0,0.6,2021-2025
2021-11-16,report28,20,0,0,4,2,1,0.2,2021-2025
2021-11-16,reuse28,20,0,0,5,2,1,0.25,2021-2025
2021-12-15,eligible,1820,0,0,365,289,229,0.20054945054945056,2021-2025
2021-12-15,keep,407,0,0,12,12,4,0.029484029484029485,2021-2025
2021-12-15,removed,1413,0,0,353,277,225,0.24982307147912244,2021-2025
2021-12-15,current20,20,0,0,2,1,0,0.1,2021-2025
2021-12-15,report28,20,0,0,1,1,0,0.05,2021-2025
2021-12-15,reuse28,20,0,0,2,2,0,0.1,2021-2025
2022-01-13,eligible,1823,0,0,720,328,95,0.3949533735600658,2021-2025
2022-01-13,keep,511,0,0,89,41,14,0.17416829745596868,2021-2025
2022-01-13,removed,1312,0,0,631,287,81,0.4809451219512195,2021-2025
2022-01-13,current20,20,0,0,4,2,1,0.2,2021-2025
2022-01-13,report28,20,0,0,2,1,0,0.1,2021-2025
2022-01-13,reuse28,20,0,0,0,0,0,0.0,2021-2025
2022-02-11,eligible,1862,0,0,782,586,123,0.41997851772287864,2021-2025
2022-02-11,keep,239,0,0,55,29,11,0.2301255230125523,2021-2025
2022-02-11,removed,1623,0,0,727,557,112,0.447935921133703,2021-2025
2022-02-11,current20,20,0,0,4,3,3,0.2,2021-2025
2022-02-11,report28,20,0,0,5,2,3,0.25,2021-2025
2022-02-11,reuse28,20,0,0,6,3,3,0.3,2021-2025
2022-03-14,eligible,1884,0,0,135,103,400,0.07165605095541401,2021-2025
2022-03-14,keep,159,0,0,1,1,24,0.006289308176100629,2021-2025
2022-03-14,removed,1725,0,0,134,102,376,0.07768115942028986,2021-2025
2022-03-14,current20,20,0,0,1,1,3,0.05,2021-2025
2022-03-14,report28,20,0,0,0,0,8,0.0,2021-2025
2022-03-14,reuse28,20,0,0,0,0,7,0.0,2021-2025
2022-04-11,eligible,1891,0,0,1010,899,55,0.5341089370703331,2021-2025
2022-04-11,keep,383,0,0,150,135,5,0.391644908616188,2021-2025
2022-04-11,removed,1508,0,0,860,764,50,0.5702917771883289,2021-2025
2022-04-11,current20,20,0,0,7,6,0,0.35,2021-2025
2022-04-11,report28,20,0,0,3,2,0,0.15,2021-2025
2022-04-11,reuse28,20,0,0,6,5,0,0.3,2021-2025
2022-05-10,eligible,1847,0,0,205,57,431,0.11099079588521928,2021-2025
2022-05-10,keep,29,0,0,3,2,0,0.10344827586206896,2021-2025
2022-05-10,removed,1818,0,0,202,55,431,0.1111111111111111,2021-2025
2022-05-10,current20,20,0,0,3,3,0,0.15,2021-2025
2022-05-10,report28,20,0,0,3,2,0,0.15,2021-2025
2022-05-10,reuse28,20,0,0,3,2,0,0.15,2021-2025
2022-06-08,eligible,1793,0,0,1230,548,68,0.6860011154489682,2021-2025
2022-06-08,keep,412,0,0,240,87,2,0.5825242718446602,2021-2025
2022-06-08,removed,1381,0,0,990,461,66,0.7168718320057929,2021-2025
2022-06-08,current20,20,0,0,15,11,0,0.75,2021-2025
2022-06-08,report28,20,0,0,18,18,0,0.9,2021-2025
2022-06-08,reuse28,20,0,0,17,15,0,0.85,2021-2025
2022-07-08,eligible,1862,0,0,191,82,612,0.10257787325456498,2021-2025
2022-07-08,keep,240,0,0,7,7,16,0.029166666666666667,2021-2025
2022-07-08,removed,1622,0,0,184,75,596,0.11344019728729964,2021-2025
2022-07-08,current20,20,0,0,0,0,0,0.0,2021-2025
2022-07-08,report28,20,0,0,2,2,0,0.1,2021-2025
2022-07-08,reuse28,20,0,0,1,1,0,0.05,2021-2025
2022-08-05,eligible,1665,0,0,425,389,59,0.2552552552552553,2021-2025
2022-08-05,keep,589,0,0,40,38,3,0.06791171477079797,2021-2025
2022-08-05,removed,1076,0,0,385,351,56,0.35780669144981414,2021-2025
2022-08-05,current20,20,0,0,12,12,1,0.6,2021-2025
2022-08-05,report28,20,0,0,0,0,1,0.0,2021-2025
2022-08-05,reuse28,20,0,0,2,2,1,0.1,2021-2025
2022-09-02,eligible,1653,0,0,788,398,49,0.4767090139140956,2021-2025
2022-09-02,keep,25,0,0,6,2,0,0.24,2021-2025
2022-09-02,removed,1628,0,0,782,396,49,0.48034398034398035,2021-2025
2022-09-02,current20,20,0,0,4,2,0,0.2,2021-2025
2022-09-02,report28,20,0,0,3,1,0,0.15,2021-2025
2022-09-02,reuse28,20,0,0,2,0,0,0.1,2021-2025
2022-10-03,eligible,1780,0,0,412,141,387,0.23146067415730337,2021-2025
2022-10-03,keep,47,0,0,3,1,16,0.06382978723404255,2021-2025
2022-10-03,removed,1733,0,0,409,140,371,0.2360069244085401,2021-2025
2022-10-03,current20,20,0,0,1,0,1,0.05,2021-2025
2022-10-03,report28,20,0,0,1,0,3,0.05,2021-2025
2022-10-03,reuse28,20,0,0,1,0,5,0.05,2021-2025
2022-10-31,eligible,1700,0,0,342,153,239,0.2011764705882353,2021-2025
2022-10-31,keep,287,0,0,13,2,12,0.04529616724738676,2021-2025
2022-10-31,removed,1413,0,0,329,151,227,0.23283793347487616,2021-2025
2022-10-31,current20,20,0,0,1,0,2,0.05,2021-2025
2022-10-31,report28,20,0,0,3,0,1,0.15,2021-2025
2022-10-31,reuse28,20,0,0,1,0,1,0.05,2021-2025
2022-11-29,eligible,1688,0,0,384,311,47,0.22748815165876776,2021-2025
2022-11-29,keep,409,0,0,16,11,2,0.039119804400977995,2021-2025
2022-11-29,removed,1279,0,0,368,300,45,0.2877247849882721,2021-2025
2022-11-29,current20,20,0,0,3,2,0,0.15,2021-2025
2022-11-29,report28,20,0,0,0,0,0,0.0,2021-2025
2022-11-29,reuse28,20,0,0,1,1,0,0.05,2021-2025
2022-12-28,eligible,1717,0,0,77,46,727,0.0448456610366919,2021-2025
2022-12-28,keep,132,0,0,5,3,14,0.03787878787878788,2021-2025
2022-12-28,removed,1585,0,0,72,43,713,0.045425867507886436,2021-2025
2022-12-28,current20,20,0,0,0,0,3,0.0,2021-2025
2022-12-28,report28,20,0,0,0,0,6,0.0,2021-2025
2022-12-28,reuse28,20,0,0,0,0,4,0.0,2021-2025
2023-01-27,eligible,1635,0,0,209,153,92,0.12782874617737003,2021-2025
2023-01-27,keep,699,0,0,37,29,14,0.05293276108726753,2021-2025
2023-01-27,removed,936,0,0,172,124,78,0.18376068376068377,2021-2025
2023-01-27,current20,20,0,0,3,2,3,0.15,2021-2025
2023-01-27,report28,20,0,0,1,1,0,0.05,2021-2025
2023-01-27,reuse28,20,0,0,1,1,0,0.05,2021-2025
2023-02-27,eligible,1716,0,0,591,369,82,0.34440559440559443,2021-2025
2023-02-27,keep,154,0,0,36,23,2,0.23376623376623376,2021-2025
2023-02-27,removed,1562,0,0,555,346,80,0.3553137003841229,2021-2025
2023-02-27,current20,20,0,0,4,2,1,0.2,2021-2025
2023-02-27,report28,20,0,0,4,1,0,0.2,2021-2025
2023-02-27,reuse28,20,0,0,5,1,0,0.25,2021-2025
2023-03-27,eligible,1793,0,0,160,133,118,0.08923591745677635,2021-2025
2023-03-27,keep,383,0,0,5,5,17,0.013054830287206266,2021-2025
2023-03-27,removed,1410,0,0,155,128,101,0.1099290780141844,2021-2025
2023-03-27,current20,20,0,0,1,1,0,0.05,2021-2025
2023-03-27,report28,20,0,0,1,1,3,0.05,2021-2025
2023-03-27,reuse28,20,0,0,0,0,1,0.0,2021-2025
2023-04-25,eligible,1609,0,0,250,118,173,0.15537600994406464,2021-2025
2023-04-25,keep,458,0,0,32,20,11,0.06986899563318777,2021-2025
2023-04-25,removed,1151,0,0,218,98,162,0.1894005212858384,2021-2025
2023-04-25,current20,20,0,0,1,1,2,0.05,2021-2025
2023-04-25,report28,20,0,0,1,0,1,0.05,2021-2025
2023-04-25,reuse28,20,0,0,0,0,2,0.0,2021-2025
2023-05-23,eligible,1663,0,0,105,48,302,0.06313890559230306,2021-2025
2023-05-23,keep,248,0,0,5,3,41,0.020161290322580645,2021-2025
2023-05-23,removed,1415,0,0,100,45,261,0.0706713780918728,2021-2025
2023-05-23,current20,20,0,0,0,0,12,0.0,2021-2025
2023-05-23,report28,20,0,0,0,0,7,0.0,2021-2025
2023-05-23,reuse28,20,0,0,0,0,10,0.0,2021-2025
2023-06-22,eligible,1723,0,0,61,31,428,0.035403366221706326,2021-2025
2023-06-22,keep,603,0,0,9,2,58,0.014925373134328358,2021-2025
2023-06-22,removed,1120,0,0,52,29,370,0.04642857142857143,2021-2025
2023-06-22,current20,20,0,0,0,0,2,0.0,2021-2025
2023-06-22,report28,20,0,0,2,0,1,0.1,2021-2025
2023-06-22,reuse28,20,0,0,1,0,1,0.05,2021-2025
2023-07-21,eligible,1704,1,1,426,365,68,0.2505868544600939,2021-2025
2023-07-21,keep,982,1,1,145,123,15,0.14867617107942974,2021-2025
2023-07-21,removed,722,0,0,281,242,53,0.389196675900277,2021-2025
2023-07-21,current20,20,0,0,8,8,0,0.4,2021-2025
2023-07-21,report28,20,0,0,7,5,1,0.35,2021-2025
2023-07-21,reuse28,20,0,0,1,1,0,0.05,2021-2025
2023-08-18,eligible,1692,0,0,137,100,100,0.08096926713947991,2021-2025
2023-08-18,keep,150,0,0,8,5,6,0.05333333333333334,2021-2025
2023-08-18,removed,1542,0,0,129,95,94,0.08365758754863813,2021-2025
2023-08-18,current20,20,0,0,0,0,1,0.0,2021-2025
2023-08-18,report28,20,0,0,2,1,1,0.1,2021-2025
2023-08-18,reuse28,20,0,0,0,0,0,0.0,2021-2025
2023-09-18,eligible,1652,0,0,473,229,48,0.286319612590799,2021-2025
2023-09-18,keep,507,0,0,135,38,7,0.26627218934911245,2021-2025
2023-09-18,removed,1145,0,0,338,191,41,0.29519650655021834,2021-2025
2023-09-18,current20,20,0,0,6,1,0,0.3,2021-2025
2023-09-18,report28,20,0,0,6,2,0,0.3,2021-2025
2023-09-18,reuse28,20,0,0,5,1,0,0.25,2021-2025
2023-10-16,eligible,1660,0,0,417,182,120,0.2512048192771084,2021-2025
2023-10-16,keep,558,0,0,78,33,19,0.13978494623655913,2021-2025
2023-10-16,removed,1102,0,0,339,149,101,0.3076225045372051,2021-2025
2023-10-16,current20,20,0,0,3,1,0,0.15,2021-2025
2023-10-16,report28,20,0,0,3,0,0,0.15,2021-2025
2023-10-16,reuse28,20,0,0,2,1,0,0.1,2021-2025
2023-11-13,eligible,1724,0,0,86,58,420,0.04988399071925754,2021-2025
2023-11-13,keep,568,0,0,9,6,40,0.01584507042253521,2021-2025
2023-11-13,removed,1156,0,0,77,52,380,0.06660899653979238,2021-2025
2023-11-13,current20,20,0,0,1,1,6,0.05,2021-2025
2023-11-13,report28,20,0,0,0,0,0,0.0,2021-2025
2023-11-13,reuse28,20,0,0,1,1,0,0.05,2021-2025
2023-12-12,eligible,1718,0,0,65,31,179,0.03783469150174622,2021-2025
2023-12-12,keep,851,0,0,15,7,30,0.01762632197414806,2021-2025
2023-12-12,removed,867,0,0,50,24,149,0.05767012687427912,2021-2025
2023-12-12,current20,20,0,0,2,2,0,0.1,2021-2025
2023-12-12,report28,20,0,0,3,3,0,0.15,2021-2025
2023-12-12,reuse28,20,0,0,2,2,0,0.1,2021-2025
2024-01-11,eligible,1846,0,0,232,133,217,0.1256771397616468,2021-2025
2024-01-11,keep,523,0,0,19,16,42,0.036328871892925434,2021-2025
2024-01-11,removed,1323,0,0,213,117,175,0.16099773242630386,2021-2025
2024-01-11,current20,20,0,0,2,0,7,0.1,2021-2025
2024-01-11,report28,20,0,0,1,1,3,0.05,2021-2025
2024-01-11,reuse28,20,0,0,0,0,3,0.0,2021-2025
2024-02-09,eligible,1781,0,0,186,116,229,0.10443571027512634,2021-2025
2024-02-09,keep,648,0,0,30,19,57,0.046296296296296294,2021-2025
2024-02-09,removed,1133,0,0,156,97,172,0.13768755516328332,2021-2025
2024-02-09,current20,20,0,0,3,2,2,0.15,2021-2025
2024-02-09,report28,20,0,0,3,2,2,0.15,2021-2025
2024-02-09,reuse28,20,0,0,1,1,0,0.05,2021-2025
2024-03-11,eligible,1838,0,0,166,82,158,0.09031556039173014,2021-2025
2024-03-11,keep,814,0,0,16,9,38,0.019656019656019656,2021-2025
2024-03-11,removed,1024,0,0,150,73,120,0.146484375,2021-2025
2024-03-11,current20,20,0,0,5,1,4,0.25,2021-2025
2024-03-11,report28,20,0,0,1,0,2,0.05,2021-2025
2024-03-11,reuse28,20,0,0,1,0,3,0.05,2021-2025
2024-04-09,eligible,1829,0,0,385,136,134,0.21049753963914708,2021-2025
2024-04-09,keep,742,0,0,87,40,38,0.11725067385444744,2021-2025
2024-04-09,removed,1087,0,0,298,96,96,0.27414903403863844,2021-2025
2024-04-09,current20,20,0,0,2,1,0,0.1,2021-2025
2024-04-09,report28,20,0,0,0,0,1,0.0,2021-2025
2024-04-09,reuse28,20,0,0,2,1,0,0.1,2021-2025
2024-05-07,eligible,1820,0,0,193,126,177,0.10604395604395604,2021-2025
2024-05-07,keep,772,0,0,33,21,29,0.042746113989637305,2021-2025
2024-05-07,removed,1048,0,0,160,105,148,0.15267175572519084,2021-2025
2024-05-07,current20,20,0,0,1,1,1,0.05,2021-2025
2024-05-07,report28,20,0,0,2,2,1,0.1,2021-2025
2024-05-07,reuse28,20,0,0,0,0,0,0.0,2021-2025
2024-06-05,eligible,1778,0,0,233,152,105,0.13104611923509563,2021-2025
2024-06-05,keep,455,0,0,18,10,14,0.03956043956043956,2021-2025
2024-06-05,removed,1323,0,0,215,142,91,0.16250944822373395,2021-2025
2024-06-05,current20,20,0,0,1,0,1,0.05,2021-2025
2024-06-05,report28,20,0,0,1,1,0,0.05,2021-2025
2024-06-05,reuse28,20,0,0,0,0,1,0.0,2021-2025
2024-07-05,eligible,1822,0,0,315,281,284,0.17288693743139408,2021-2025
2024-07-05,keep,640,0,0,67,61,73,0.1046875,2021-2025
2024-07-05,removed,1182,0,0,248,220,211,0.2098138747884941,2021-2025
2024-07-05,current20,20,0,0,5,5,0,0.25,2021-2025
2024-07-05,report28,20,0,0,7,7,2,0.35,2021-2025
2024-07-05,reuse28,20,0,0,5,5,0,0.25,2021-2025
2024-08-02,eligible,1915,0,0,92,56,907,0.04804177545691906,2021-2025
2024-08-02,keep,365,0,0,6,2,50,0.01643835616438356,2021-2025
2024-08-02,removed,1550,0,0,86,54,857,0.05548387096774193,2021-2025
2024-08-02,current20,20,0,0,1,1,2,0.05,2021-2025
2024-08-02,report28,20,0,0,1,1,3,0.05,2021-2025
2024-08-02,reuse28,20,0,0,0,0,1,0.0,2021-2025
2024-08-30,eligible,1806,0,0,255,63,212,0.14119601328903655,2021-2025
2024-08-30,keep,932,0,0,31,8,36,0.033261802575107295,2021-2025
2024-08-30,removed,874,0,0,224,55,176,0.2562929061784897,2021-2025
2024-08-30,current20,20,0,0,1,0,1,0.05,2021-2025
2024-08-30,report28,20,0,0,0,0,1,0.0,2021-2025
2024-08-30,reuse28,20,0,0,0,0,0,0.0,2021-2025
2024-09-30,eligible,1881,0,0,210,131,157,0.11164274322169059,2021-2025
2024-09-30,keep,801,0,0,33,25,36,0.04119850187265917,2021-2025
2024-09-30,removed,1080,0,0,177,106,121,0.1638888888888889,2021-2025
2024-09-30,current20,20,0,0,1,0,2,0.05,2021-2025
2024-09-30,report28,20,0,0,1,1,0,0.05,2021-2025
2024-09-30,reuse28,20,0,0,0,0,0,0.0,2021-2025
2024-10-28,eligible,1812,0,0,315,139,520,0.173841059602649,2021-2025
2024-10-28,keep,524,0,0,43,14,141,0.08206106870229007,2021-2025
2024-10-28,removed,1288,0,0,272,125,379,0.2111801242236025,2021-2025
2024-10-28,current20,20,0,0,2,0,13,0.1,2021-2025
2024-10-28,report28,20,0,0,3,0,11,0.15,2021-2025
2024-10-28,reuse28,20,0,0,1,0,10,0.05,2021-2025
2024-11-25,eligible,2029,0,0,625,419,98,0.3080335140463282,2021-2025
2024-11-25,keep,640,0,0,101,61,3,0.1578125,2021-2025
2024-11-25,removed,1389,0,0,524,358,95,0.37724982001439883,2021-2025
2024-11-25,current20,20,0,0,5,2,1,0.25,2021-2025
2024-11-25,report28,20,0,0,3,2,0,0.15,2021-2025
2024-11-25,reuse28,20,0,0,2,1,0,0.1,2021-2025
2024-12-24,eligible,1998,0,0,215,114,208,0.10760760760760761,2021-2025
2024-12-24,keep,157,0,0,8,5,7,0.050955414012738856,2021-2025
2024-12-24,removed,1841,0,0,207,109,201,0.11243889190657251,2021-2025
2024-12-24,current20,20,0,0,6,3,1,0.3,2021-2025
2024-12-24,report28,20,0,0,3,2,1,0.15,2021-2025
2024-12-24,reuse28,20,0,0,4,3,0,0.2,2021-2025
2025-01-27,eligible,1992,0,0,465,361,142,0.23343373493975902,2021-2025
2025-01-27,keep,1039,0,0,128,90,49,0.12319538017324351,2021-2025
2025-01-27,removed,953,0,0,337,271,93,0.35362014690451204,2021-2025
2025-01-27,current20,20,0,0,4,4,1,0.2,2021-2025
2025-01-27,report28,20,0,0,3,3,1,0.15,2021-2025
2025-01-27,reuse28,20,0,0,1,1,0,0.05,2021-2025
2025-02-25,eligible,2046,0,0,766,301,93,0.37438905180840665,2021-2025
2025-02-25,keep,504,0,0,41,19,6,0.08134920634920635,2021-2025
2025-02-25,removed,1542,0,0,725,282,87,0.4701686121919585,2021-2025
2025-02-25,current20,20,0,0,6,1,0,0.3,2021-2025
2025-02-25,report28,20,0,0,2,1,0,0.1,2021-2025
2025-02-25,reuse28,20,0,0,3,0,0,0.15,2021-2025
2025-03-25,eligible,2150,0,0,1590,673,54,0.7395348837209302,2021-2025
2025-03-25,keep,500,0,0,326,44,7,0.652,2021-2025
2025-03-25,removed,1650,0,0,1264,629,47,0.7660606060606061,2021-2025
2025-03-25,current20,20,0,0,9,7,1,0.45,2021-2025
2025-03-25,report28,20,0,0,6,3,1,0.3,2021-2025
2025-03-25,reuse28,20,0,0,6,4,0,0.3,2021-2025
2025-04-23,eligible,2169,0,0,151,94,657,0.06961733517750116,2021-2025
2025-04-23,keep,112,0,0,5,2,2,0.044642857142857144,2021-2025
2025-04-23,removed,2057,0,0,146,92,655,0.07097715119105494,2021-2025
2025-04-23,current20,20,0,0,3,0,1,0.15,2021-2025
2025-04-23,report28,20,0,0,3,1,0,0.15,2021-2025
2025-04-23,reuse28,20,0,0,1,0,0,0.05,2021-2025
2025-05-21,eligible,2055,0,0,153,107,258,0.07445255474452554,2021-2025
2025-05-21,keep,594,0,0,12,11,19,0.020202020202020204,2021-2025
2025-05-21,removed,1461,0,0,141,96,239,0.09650924024640657,2021-2025
2025-05-21,current20,20,0,0,5,3,6,0.25,2021-2025
2025-05-21,report28,20,0,0,0,0,1,0.0,2021-2025
2025-05-21,reuse28,20,0,0,2,2,3,0.1,2021-2025
2025-06-20,eligible,2056,0,0,119,79,447,0.05787937743190662,2021-2025
2025-06-20,keep,602,0,0,7,4,81,0.011627906976744186,2021-2025
2025-06-20,removed,1454,0,0,112,75,366,0.07702888583218707,2021-2025
2025-06-20,current20,20,0,0,3,1,5,0.15,2021-2025
2025-06-20,report28,20,0,0,0,0,6,0.0,2021-2025
2025-06-20,reuse28,20,0,0,0,0,6,0.0,2021-2025
2025-07-21,eligible,2158,0,0,407,208,287,0.18860055607043558,2021-2025
2025-07-21,keep,789,0,0,59,28,46,0.07477820025348543,2021-2025
2025-07-21,removed,1369,0,0,348,180,241,0.254200146092038,2021-2025
2025-07-21,current20,20,0,0,5,2,4,0.25,2021-2025
2025-07-21,report28,20,0,0,3,1,3,0.15,2021-2025
2025-07-21,reuse28,20,0,0,1,0,1,0.05,2021-2025
2025-08-18,eligible,2199,0,0,176,85,320,0.08003638017280582,2021-2025
2025-08-18,keep,648,0,0,9,8,31,0.013888888888888888,2021-2025
2025-08-18,removed,1551,0,0,167,77,289,0.10767246937459704,2021-2025
2025-08-18,current20,20,0,0,3,0,5,0.15,2021-2025
2025-08-18,report28,20,0,0,0,0,5,0.0,2021-2025
2025-08-18,reuse28,20,0,0,1,0,2,0.05,2021-2025
2025-09-16,eligible,2148,0,0,408,222,238,0.18994413407821228,2021-2025
2025-09-16,keep,693,0,0,45,27,35,0.06493506493506493,2021-2025
2025-09-16,removed,1455,0,0,363,195,203,0.24948453608247423,2021-2025
2025-09-16,current20,20,0,0,2,2,7,0.1,2021-2025
2025-09-16,report28,20,0,0,1,1,3,0.05,2021-2025
2025-09-16,reuse28,20,0,0,2,1,6,0.1,2021-2025
2025-10-14,eligible,2277,0,0,587,375,273,0.2577953447518665,2021-2025
2025-10-14,keep,450,0,0,54,22,27,0.12,2021-2025
2025-10-14,removed,1827,0,0,533,353,246,0.2917350848385331,2021-2025
2025-10-14,current20,20,0,0,10,8,0,0.5,2021-2025
2025-10-14,report28,20,0,0,0,0,0,0.0,2021-2025
2025-10-14,reuse28,20,0,0,2,0,2,0.1,2021-2025
2025-11-11,eligible,2262,0,0,529,164,327,0.2338638373121132,2021-2025
2025-11-11,keep,631,0,0,23,13,23,0.03645007923930269,2021-2025
2025-11-11,removed,1631,0,0,506,151,304,0.3102391171060699,2021-2025
2025-11-11,current20,20,0,0,9,3,4,0.45,2021-2025
2025-11-11,report28,20,0,0,0,0,0,0.0,2021-2025
2025-11-11,reuse28,20,0,0,3,2,1,0.15,2021-2025
