period,n,first,last,ann,vol,sr,t
FULL_1926_2026,26216,1926-11-03,2026-08-31,0.063279,0.125994,0.5022,5.1226
1950_2026,19374,1950-01-03,2026-08-31,0.075314,0.116801,0.6448,5.6538
1980_2026,11761,1980-01-02,2026-08-31,0.064964,0.138767,0.4681,3.1982
1990_2026,9233,1990-01-02,2026-08-31,0.060277,0.150885,0.3995,2.4181
2000_2026,6705,2000-01-03,2026-08-31,0.033502,0.170898,0.196,1.0112
2005_2026,5449,2005-01-03,2026-08-31,0.025191,0.16942,0.1487,0.6914
2010_2026,4190,2010-01-04,2026-08-31,0.040675,0.157574,0.2581,1.0526
2016_2020_OUR_DISCOVERY,1259,2016-01-04,2020-12-31,-0.018495,0.184437,-0.1003,-0.2241
2016_2023,2012,2016-01-04,2023-12-29,-0.014654,0.185873,-0.0788,-0.2228
2020_2025,1508,2020-01-02,2025-12-31,0.026955,0.207682,0.1298,0.3175
2018_2023,1509,2018-01-02,2023-12-29,0.00172,0.202483,0.0085,0.0208
