ticker,end
AAAP,2018-02-20
AAC,2023-11-06
AAC-U,2026-06-30
AACIU,2024-08-15
ABXL,2026-01-27
ACB,2021-05-26
ACI,2020-09-15
ACII,2026-05-28
ACTS,2016-12-20
ADAMG,2026-05-28
ADAMI,2026-05-28
ADAML,2026-05-28
ADAMM,2026-05-28
ADAMN,2026-05-28
ADAMZ,2026-05-28
ADPT,2017-04-20
ADSE,2021-12-23
ADT,2020-05-01
AERO,2021-02-26
AERT,2023-11-09
AERTW,2026-05-28
AFGC,2019-08-29
AGNCP,2017-09-18
AGRZ,2026-07-20
AHRT,2026-05-28
AIB,2026-03-20
AIFC,2026-05-28
AIFU,2025-05-20
AIP,2023-03-28
AIQ,2017-08-31
ALPS,2023-07-20
ALTI,2016-11-17
AMBR,2019-07-29
AMID,2019-07-22
AMTD,2020-10-07
ANTX,2018-04-30
ANVS,2020-11-25
APAC,2024-04-02
APACU,2024-04-02
APC,2019-08-08
API,2020-08-21
APMI,2023-08-25
APXTU,2021-07-01
ARIA,2017-02-17
ARIS,2026-04-06
ARMH,2026-05-28
ARRY,2019-07-30
ASPC,2022-08-03
ASPCU,2022-08-03
AT,2021-05-14
ATCX,2023-04-19
AVIR,2018-02-13
AVX,2020-03-27
AXIN,2025-08-05
AXINR,2025-08-05
AYA,2017-09-18
AZ,2022-01-05
AZUL,2026-07-10
B,2025-01-27
BACC,2025-08-05
BACCR,2025-08-05
BAM,2022-12-16
BANXR,2026-02-19
BBAI,2021-12-16
BBAI-WS,2021-12-16
BCTX,2022-12-30
BEAM,2020-04-24
BEAT,2021-02-09
BEPC,2024-12-23
BETR,2023-08-29
BGC,2018-06-06
BHVN,2022-10-03
BID,2019-10-14
BIOA,2018-05-07
BIOTW,2023-02-02
BIPC,2024-12-26
BITA,2020-11-06
BITI,2016-06-13
BKKT-WS,2022-12-23
BLOX,2025-09-24
BLUW,2021-09-09
BLUWU,2021-09-09
BMR,2016-02-04
BNH,2026-05-28
BNL,2021-03-19
BODI,2024-03-01
BOLD,2020-01-15
BON,2025-02-26
BPAC,2023-06-05
BPACU,2023-06-05
BRAG,2021-08-27
BREW,2020-09-30
BRKH,2026-06-26
BRKHU,2026-05-20
BRKHW,2026-06-29
BRKL,2025-09-02
BTDR,2023-04-13
BTU,2017-03-31
BUFF,2018-05-04
BUR,2021-04-01
BV,2018-02-01
CAE,2026-07-22
CAI,2021-11-22
CAPN,2017-05-11
CART,2019-12-31
CAS,2026-05-28
CBAT,2026-06-30
CBIO,2025-06-13
CCC,2018-03-09
CCG,2016-03-02
CCSI,2021-10-08
CCTG,2024-09-17
CCXI,2022-11-02
CD,2023-12-19
CENN,2024-02-26
CGAU,2022-12-30
CGNT,2018-04-23
CHA,2021-01-15
CHR,2024-09-09
CIFC,2026-06-30
CIR,2023-10-18
CIRC,2026-07-01
CLBK,2026-07-20
CLBR-U,2022-12-23
CLMT,2024-07-10
CLPT,2020-02-11
CNL,2026-08-11
CNR,2022-07-22
CNTB,2025-09-02
CNXC,2017-11-28
COGT,2018-04-13
COHR,2022-07-01
COOL,2026-05-28
COR,2021-12-28
CORZW,2022-12-30
CPSL,2018-05-15
CRC,2020-12-04
CRTO,2026-07-28
CSRA,2018-04-04
CTW,2018-08-31
CUB,2021-05-25
CVU,2022-12-09
CWBC,2024-03-28
CZR,2020-07-20
DC,2022-03-31
DCBO,2022-12-30
DCOM,2021-01-29
DD,2019-05-31
DDC,2017-11-02
DERM,2020-02-20
DFNS,2026-02-06
DICE,2023-08-14
DOC,2024-03-07
DOW,2017-08-31
DRAM,2017-07-03
DSACU,2022-07-29
DSY,2026-02-20
DTK,2018-02-16
DUKH,2021-10-06
DUO,2024-09-27
DYN,2018-04-09
ECHO,2026-06-23
ECVT,2021-08-02
EDVA,2026-08-21
EE,2020-07-29
ELA,2016-08-25
EMC,2016-09-15
ENTL,2018-02-28
EP,2022-04-11
EPOW,2024-02-21
ESI,2019-01-31
EVER,2017-07-19
EVEX-WS,2022-12-23
EVTL,2021-12-15
FAC,2018-04-06
FBRT,2021-10-19
FG,2020-06-01
FGL,2017-12-01
FIG,2017-12-28
FLNA,2026-05-28
FLY,2021-08-02
FMST,2025-01-30
FPWR,2026-05-28
FRSH,2019-05-23
FSBC,2020-05-01
FTPA,2023-03-15
FTRE,2023-07-06
FTW,2026-03-20
FUN,2024-07-16
GAME,2021-06-23
GBUG,2025-03-17
GCDT,2026-08-12
GCTS,2024-03-26
GIW,2022-12-23
GIWWU,2022-12-23
GK,2017-07-10
GLBL,2017-12-29
GLDI,2024-07-09
GMM,2024-09-09
GNMX,2020-02-03
GOGL,2026-06-30
GOLD,2018-12-31
GOODN,2016-08-29
GOODO,2019-10-25
GPAC,2026-05-28
GPACU,2018-02-01
GPOR,2021-05-18
GPT,2018-10-15
GRIN,2024-09-09
GRO,2016-11-11
GRSD,2026-07-22
GSOL,2026-05-28
GTES,2026-07-17
HAWK,2018-06-25
HBANP,2021-03-03
HCACU,2020-12-21
HCC,2017-07-03
HCICU,2022-12-21
HCMAU,2025-08-05
HF,2019-07-01
HITI,2022-12-30
HIVE,2019-08-20
HLP,2026-07-14
HLTH,2019-09-10
HODO,2026-06-30
HOS,2019-12-20
HR,2022-12-23
HUT,2023-12-01
IAUX,2022-05-18
IBO,2023-05-12
ICCM,2022-12-30
ICON,2021-08-04
IFS,2019-08-07
IGAC,2023-01-11
IGACU,2023-01-11
IGLD,2019-11-29
IHS,2016-07-20
IMCC,2021-03-03
IMSR,2025-10-28
INBX,2024-05-30
INCR,2021-08-31
INEO,2025-12-03
INM,2022-12-30
INOV,2021-11-24
INT,2026-07-10
INVN,2017-07-17
IONQ-WS,2022-12-23
IOT,2017-08-25
ISRL,2019-10-25
ITG,2026-07-01
IXHL,2023-11-29
JCAP,2020-11-09
KCAC-U,2020-11-25
KNTK,2023-03-22
KTEC,2018-03-21
KTWO,2018-11-09
LAB,2022-04-05
LAC,2023-10-03
LANDP,2021-02-11
LEGO,2021-10-19
LFAC,2023-10-02
LFACU,2021-01-07
LFACW,2023-10-11
LGCY,2019-06-28
LION,2019-06-28
LLYVA,2025-12-15
LLYVK,2025-12-15
LQ,2018-05-31
LSBK,2025-07-18
LSPD,2020-10-06
LWACU,2021-08-25
MATR,2018-08-20
MB,2019-02-15
MBINN,2021-03-23
MBLY,2017-09-14
MDXH,2023-11-24
MEME,2021-12-14
METCI,2025-08-05
MFI,2024-10-02
MGN,2016-09-21
MIC,2026-06-30
MLTX,2022-04-08
MNR,2022-02-25
MOB,2025-12-05
MOBI,2016-11-17
MPG,2017-08-17
MPU,2024-10-08
MRDN,2018-04-30
MRLN,2022-01-20
MRNA,2018-10-08
MRT,2019-06-21
MRX,2026-07-01
MSGY,2026-08-10
MWG,2016-07-27
MXCT,2022-12-30
NATL,2016-11-11
NCI,2019-10-14
NCRA,2022-12-30
NCT,2017-01-05
NEWP,2021-05-21
NEWTI,2021-02-19
NFX,2019-02-14
NITE,2019-06-07
NMBL,2017-08-17
NMG,2022-12-21
NMIH,2024-05-20
NP,2022-07-05
NPWR-WS,2026-05-28
NSLR,2026-06-30
NSLRL,2026-07-01
NVA,2026-06-16
NVDQ,2017-09-11
NVRI,2023-06-16
NXH,2026-08-17
NYAX,2022-12-30
NYNY,2019-11-22
NYXH,2022-12-30
OBE,2020-04-01
OKE,2026-09-14
OPTX,2023-11-09
OPTXW,2026-05-28
OSG,2025-11-19
OSPR,2018-08-23
OSPRU,2018-08-23
OSPRW,2018-08-23
OXLCN,2022-06-17
OXLCO,2021-04-14
OZ,2021-10-18
P,2019-02-26
PAAC,2020-06-16
PAACU,2020-06-16
PAACW,2020-06-16
PARA,2025-08-07
PASW,2026-06-09
PAY,2018-08-17
PCLN,2018-02-26
PCPC,2022-12-14
PD,2019-07-01
PERF,2017-09-27
PFH,2020-12-04
PFX,2016-06-27
PINC,2025-11-25
PLAG,2020-10-02
PN,2017-11-28
PNFP,2025-12-31
POET,2022-12-30
POM,2016-04-01
POWR,2016-05-17
PPTA,2021-02-17
PRE,2016-03-28
PS,2021-04-06
PSQH-WS,2026-05-28
PTACU,2020-12-24
PTN,2025-11-11
PULS,2019-07-02
Q,2017-11-14
QH,2026-07-16
QLTY,2023-12-08
QUSA,2025-08-06
RAIN,2026-05-28
RBKB,2026-07-21
REAX,2022-12-30
RELY,2017-11-27
RENT,2016-02-08
RENX,2018-09-07
RETO,2024-08-09
RILYG,2021-07-23
RILYZ,2021-03-30
RJET,2016-03-07
RKT,2020-09-02
RNA,2026-02-26
ROC,2023-06-20
RPRX,2018-01-31
RPT,2024-01-02
RUBI,2025-08-05
RUM,2022-12-27
RUMBW,2022-12-23
RVI,2023-04-04
S,2020-04-01
SAFE,2023-04-06
SAIL,2022-08-16
SANG,2021-11-24
SBET,2024-02-13
SDRL,2023-10-18
SE,2017-07-10
SES,2020-05-15
SEV,2017-10-06
SEVN,2022-01-10
SG,2021-02-26
SGI,2016-11-02
SGML,2022-12-30
SHOT,2025-10-09
SIFI,2019-05-17
SIRI,2024-09-09
SKYH-WS,2022-12-23
SLGB,2026-07-10
SLI,2016-06-01
SMCC,2026-06-30
SNDK,2016-05-20
SNOW,2017-08-01
SOS,2025-09-05
SPCM,2023-06-02
SPLS,2026-04-10
SPWR,2026-05-28
SREA,2019-10-25
STEX,2026-05-28
STI,2019-12-06
STRD,2026-05-28
STRR,2025-08-21
STRRP,2025-08-21
SUGP,2025-08-22
SUNE,2016-04-21
SUNS,2022-05-25
SWP,2020-05-14
SZZL,2024-02-27
TACO,2022-03-08
TACOW,2020-06-26
TC,2020-04-29
TCRX,2018-11-02
TDACU,2021-10-29
TDI,2021-08-31
TDTH,2026-07-15
TEAD,2026-05-28
TEL,2024-09-27
TEN,2022-11-16
TGE,2019-01-09
THOR,2020-01-23
TIGR,2017-08-04
TIL,2018-05-02
TINY,2017-04-03
TJGC,2026-08-11
TLN,2016-12-14
TLSIW,2026-05-28
TMH,2026-05-28
TMTS,2021-10-28
TMTSU,2021-10-28
TMTSW,2021-10-28
TRAK,2024-10-07
TSIB,2022-11-30
TSL,2017-03-21
TTE,2025-12-05
TTGT,2024-12-02
TVACU,2022-02-11
TW,2020-04-08
TWLV,2024-06-25
TWLVU,2024-06-25
UHAL-B,2022-12-23
ULTI,2019-05-03
UN,2020-11-27
UROY,2026-07-27
USG,2019-05-20
USX,2023-06-30
UWMC,2021-03-04
VAL,2017-07-14
VAL-WS,2022-12-23
VG,2022-09-08
VIA,2024-06-13
VII,2018-07-11
VIP,2026-07-23
VISN,2017-03-27
VIVO,2026-03-27
VLN,2021-09-30
VLOS,2026-07-22
VLTO,2026-05-28
VOLT,2022-04-25
VOXR,2022-12-30
VS,2021-01-14
VZLA,2022-01-20
WES,2019-02-28
WEST,2018-02-20
WMG,2020-09-29
WOLF,2025-09-19
WOOF,2017-09-28
WR,2018-06-05
WRD,2019-02-26
WTRE,2021-07-01
XONE,2021-11-24
XPRO,2026-07-13
YMAT,2025-12-10
