symbol,n,med,max
ABEO,2660,0.0,0.03225806451612903
ABTC,2120,0.0,0.03244299674267101
ADIL,2014,0.0,0.02926829268292683
ADV,1654,0.0,0.0016273393002441008
AGL,1331,0.0,0.0013321153224044094
AGMH,2084,0.0,0.01754389311137949
AGPU,2452,0.0,0.05698924731182796
AIFU,2660,0.0,19.31602708803612
AIOS,2412,0.0,0.07487713211910951
AIRE,696,0.0,0.001963029609029865
AIXC,2660,0.0,0.00423728813559322
AKTX,2660,0.0,0.09045226130653267
ALGS,1454,0.0,0.0014271758829946385
AQMS,2660,0.0,0.0029673364112921077
ARQQ,1339,0.0,0.005069708491761723
ATPC,703,0.0,0.006369438900309808
ATRA,2659,0.0,0.0022988505747126436
BDRX,2659,0.0,0.1414141414141414
BERZ,1243,0.0,0.0003539678973082596
BGMS,2659,0.0,0.043795620437956206
BIVI,1473,0.0,0.007915569798612982
BKKT,1429,0.0,0.0013441031124429336
BLNE,2255,0.0,0.014084507042253521
APLM,1173,5.324071555028212e-09,0.003824091778202595
BETR,1319,7.64276938477879e-09,0.0017122852203508734
AVX,1272,1.3299260319961447e-08,0.011764692584933279
BJDX,1183,1.3821366852949801e-08,0.0068492824084137975
BLUWU,287,1.440867712626143e-08,3.963205492700397e-05
AFJKU,666,1.4757049397205855e-08,1.9706702485504846e-05
BKTI,2659,1.5828619300473632e-08,0.0641025641025641
AMC,2660,1.5994537741778387e-08,0.007280500849002944
BIYA,342,1.6163971404297226e-08,0.0020661157024793684
AMCR,1796,1.623277267026917e-08,0.02459016393442623
AMOD,1193,1.6302125006043358e-08,0.0030211278679147424
AGBK,119,1.663385437141445e-08,5.5621345358605784e-08
ALLR,1157,1.7029898443813148e-08,0.030456852791878174
APOS,734,1.7425339638421227e-08,0.0011618545496768604
BKV,462,1.756868096434975e-08,5.535231829520262e-08
ALISU,194,1.7660635423213634e-08,4.0011386689115895e-05
AGNCZ,225,1.779104828221242e-08,1.981394422715364e-05
ALFUU,535,1.7825688090720306e-08,0.01167885230405495
BAFN,1171,1.7937447974189878e-08,6.886785420918544e-05
ARX,257,1.7965607233176045e-08,5.535231829520262e-08
AHRT,2660,1.8079133892958033e-08,0.001730134605398907
BEPJ,588,1.811490590824399e-08,2.1444307058001065e-05
ABVX,697,1.8252139958919357e-08,7.579379932767124e-05
ATLCZ,627,1.8295910163921887e-08,0.0040959357657302025
ABI,277,1.8325207057699186e-08,0.0031853352508150632
ARR,2659,1.8361960295615623e-08,0.003796175381098735
AXS,2659,1.8377756913576156e-08,0.0007791016918360559
BACCU,284,1.8475818144690427e-08,4.661337118273808e-05
ALH,204,1.8480568118745486e-08,4.4747182043140336e-08
BCAT,1468,1.851794782239876e-08,1.9112173022015588e-05
API,1532,1.8543179576845832e-08,5.707776462610046e-08
AHR,623,1.857430198017146e-08,5.5621345358605784e-08
AXTA,2659,1.857430198017146e-08,0.002870497414404454
AMSF,2660,1.8623083467771196e-08,0.010000023475060096
ACRE,2660,1.8684243929939674e-08,0.0009826225333239985
BFST,2080,1.8684243929939674e-08,0.029230778033916768
AVBH,246,1.8692845397772926e-08,0.00020301160473508884
AIMD,999,1.8699496330461497e-08,0.006973471435376633
ASPCU,430,1.8699496330461497e-08,0.05333336194356283
AVBC,251,1.8699496330461497e-08,5.707776462610046e-08
AEBI,273,1.8699496355340446e-08,4.68540094474233e-08
BCAX,471,1.869949641753781e-08,5.5621345358605784e-08
BEEP,734,1.869949641753781e-08,0.6530055165942249
ALX,2660,1.8703322398889668e-08,0.003939937747618838
AIG,2660,1.8783558497546656e-08,0.02228763666947019
AMTM,461,1.8861296757368178e-08,5.39815651298733e-08
BEPH,1329,1.8861296757368178e-08,3.532287677369253e-05
APPF,2660,1.8956244335769882e-08,0.001042669600732422
AEAQU,164,1.8978593290617636e-08,9.934255778631512e-06
APACU,210,1.8978593290617636e-08,1.969326963656675e-05
BANR,2659,1.9008145844547935e-08,0.002613393093053464
AUTL,2037,1.9057605008381584e-08,0.01355935220664508
AGNCN,2244,1.9073499591374394e-08,0.0017248978641538524
ATCX,140,1.9081118704552548e-08,1.9709832077816246e-05
BEAM,1629,1.9089394174367208e-08,5.691808172848313e-08
BH,2074,1.9104581434795935e-08,0.010686687542711345
BCAL,808,1.911444580918121e-08,0.00034188816690037394
AES,2660,1.9169332921679123e-08,0.0016431003035270592
AUGO,263,1.9169332921679123e-08,0.00378309011760001
BBGI,2659,1.9169332921679123e-08,0.03111111111111111
APEI,2660,1.9196610103546215e-08,0.0010173095206399343
AMRZ,280,1.920034570945616e-08,5.707776462610046e-08
ASAN,1465,1.9258042587350678e-08,5.718918370282823e-08
BHRB,819,1.9258042587350678e-08,0.0326196204504978
ABT,2660,1.925988938974984e-08,0.0017686161760479574
AMBQ,254,1.9268180488657386e-08,5.707776462610046e-08
ALKS,2660,1.9272531873460874e-08,0.0014535327290379312
BHFAO,1555,1.92905044575952e-08,0.003061644199749412
AGNCM,1863,1.9315941617728668e-08,0.0008058325116621035
AGCO,2660,1.933885947790452e-08,0.004400722508698407
ALIT,1518,1.93394030489944e-08,0.0009833141765763344
AMCX,2660,1.9349626927358813e-08,0.001247535446684713
AEVA,1616,1.9377997674474713e-08,0.0010687362948133509
AQNB,1806,1.9377997674474713e-08,0.002001044098043658
ACRV,930,1.942036938950636e-08,5.5621345358605784e-08
BLK,2659,1.9424029376034187e-08,0.00308315454621405
AIRS,1193,1.9462741078643598e-08,5.707776462610046e-08
ALZN,1289,1.9462741078643598e-08,0.004291874144721983
BCYC,1807,1.9462741078643598e-08,0.0034270074124038733
ACDC,1058,1.946274110453801e-08,5.707776462610046e-08
AMBP,1253,1.946274110453801e-08,5.707776462610046e-08
AXG,727,1.946274110453801e-08,0.00016637563189814058
AIP,1195,1.946274116927405e-08,5.707776462610046e-08
AP,2660,1.946274116927405e-08,0.007672605002322806
ASC,2659,1.946274116927405e-08,0.010033438436961022
BHFAP,1848,1.9479319313370537e-08,0.0015384967510516827
ATI,2659,1.949589745746702e-08,0.04122722914669221
BATRA,2587,1.949589745746702e-08,0.07749081492076455
BBCP,2248,1.949589745746702e-08,0.000978469848632875
BE,2015,1.949589745746702e-08,0.007444168734491377
BIPJ,540,1.949810788510056e-08,2.014006415302267e-05
ACA,1944,1.9503316632807364e-08,0.007279358743211123
BKH,2659,1.9521879516022205e-08,0.0006571085510373779
BHF,2273,1.953750192785734e-08,0.0029850290782416043
AER,2660,1.9553597084962214e-08,0.20550784946088088
ASO,1463,1.955538688789905e-08,0.0023894892988429264
BHB,2659,1.955538688789905e-08,0.029373646812356637
AVIR,1443,1.9600242873103216e-08,0.00033877664788307043
BAC,2659,1.9600242873103216e-08,0.0441989410109163
BGS,2659,1.9600242873103216e-08,0.0047318451537443915
BKD,2659,1.9600242873103216e-08,0.06741574908910174
BLTE,1067,1.9600242873103216e-08,0.014245046277259957
AMWL,1475,1.9619143690975995e-08,0.004778427004710529
BLCO,1062,1.9657220277415032e-08,5.707776462610046e-08
ABOS,1277,1.966338789388735e-08,0.00030112225858843004
ADSE,1356,1.966338789388735e-08,0.0010256645007011218
ASND,2659,1.966338789388735e-08,0.003237778119308701
BDTX,1633,1.966338789388735e-08,0.003590278665770225
ALRM,2660,1.967550811472209e-08,0.0013150887744944866
BLSH,243,1.967923788710089e-08,5.432590681516993e-08
BIRK,703,1.969829153036741e-08,5.2813807014863066e-08
BA,2659,1.9705711248442772e-08,0.05432532481010386
ATLO,2659,1.9714197681726848e-08,0.008862674324339877
BELFB,2659,1.9714197681726848e-08,0.0008773016007743591
ARE,2659,1.9718974656923808e-08,0.03344908660159858
AXSM,2659,1.9726941183783557e-08,0.018867960516011906
AMRC,2660,1.9734230779347147e-08,0.003496530172708101
ATEN,2659,1.9736053802975725e-08,0.004184119039665862
BHE,2659,1.9736053802975725e-08,5.4382378651776135e-08
ADAG,1376,1.975706713266794e-08,0.01694355771391106
BBT,2659,1.9758872226236135e-08,0.004349273038413002
AORT,2660,1.97634802125492e-08,0.0019120313013488344
AMN,2660,1.9774889424179407e-08,0.025703508616525914
AERO,184,1.977808046236015e-08,5.647916993230421e-08
ALGM,1445,1.977808046236015e-08,0.0006478658416026703
ALKT,1332,1.977808046236015e-08,5.707776462610046e-08
ANIP,2660,1.977808046236015e-08,0.0033887024856509972
BBNX,377,1.977808046236015e-08,5.478918878531725e-08
BHFAM,1175,1.977808046236015e-08,3.3916277304960975e-05
BDC,2659,1.978174334321782e-08,0.003839191274806654
AGMB,122,1.978516601952743e-08,0.00042933606958126783
BATRK,2587,1.9790906622122676e-08,0.07834106128060683
AAUC,289,1.982396495577294e-08,5.707776462610046e-08
AFYA,1769,1.982396495577294e-08,0.010170223605043905
ATGL,689,1.982396495577294e-08,0.00025567396374133233
BIDU,2659,1.9839153683355572e-08,0.003533541945602388
BGSI,186,1.986197110798113e-08,4.824277932302207e-08
ATR,2659,1.987006291167419e-08,0.0019127098289695946
ABR,2660,1.988547664210798e-08,0.0019754947103185613
ALHC,1344,1.988547664210798e-08,5.707776462610046e-08
AEM,2660,1.990092619926624e-08,0.053617891453629336
ADP,2660,1.9919683828489153e-08,0.0009892993856949715
AMPY,2456,1.9920090132093628e-08,0.13367176217274418
ADT,2145,1.99200901784737e-08,0.005347573183437045
AGCC,195,1.99200901784737e-08,6.249771711773094e-05
ATEX,2659,1.99200901784737e-08,0.016470606186810663
ATS,798,1.99200901784737e-08,0.00011112345816207486
AVAV,2659,1.99200901784737e-08,0.0005200058905999084
ACLS,2660,1.9929851738508888e-08,0.005635202908125102
AQN,2431,1.9972236918398664e-08,0.006055373221532653
ATHM,2659,1.9972236918398664e-08,0.0019369361814388854
AVO,1463,1.9972236918398664e-08,8.200675882358884e-05
BCML,2071,1.9972236918398664e-08,0.003100071679817323
BEEM,1833,1.9972236918398664e-08,0.01648002624511719
ALCO,2660,1.9974632724740812e-08,0.003253841607017338
ABG,2660,1.9976323272497216e-08,0.027637009025443665
ANGI,2220,1.998531631389205e-08,0.0033407402463373785
BAP,2659,1.998531631389205e-08,0.00629212064845712
AMT,2660,1.9988121472153716e-08,0.003295865369556711
AN,2660,2.0011541955406694e-08,0.0022798053958873058
ABCB,2660,2.004680638261642e-08,0.002013665459302879
BEPC,1508,2.005672928805827e-08,0.00012274473411596977
ALL,2660,2.0058502182801563e-08,0.00038905236962446724
AYI,2659,2.0070201838218863e-08,7.932633457083227e-05
ACNB,2660,2.0077388714833305e-08,0.0009907529722589542
APO,2660,2.00839606142953e-08,0.016600052100344837
ATO,2659,2.0103806358310673e-08,0.0029465761413012726
AAMI,2660,2.010380642517899e-08,0.0022701388996656286
AFGB,1592,2.010380642517899e-08,2.286637784741782e-05
ASLE,1866,2.010380642517899e-08,0.005165241966562852
AVTR,1811,2.010380642517899e-08,0.06709683325982863
BC,2659,2.010380642517899e-08,0.0017174753112923636
BHC,2659,2.010380642517899e-08,0.0022471567218223317
AB,2660,2.0105698692795128e-08,0.0011111365424262153
APYX,1906,2.0105698692795128e-08,0.03288493420154708
ABUS,2660,2.010759096041126e-08,0.019999980926513672
AIRG,2506,2.010759096041126e-08,0.02545455007842093
ARCO,2659,2.010759096041126e-08,0.0020993488330454586
AZI,482,2.010759096041126e-08,0.009615384615384581
BABA,2659,2.011705867588211e-08,0.032583754015603525
ABBV,2660,2.012228047239077e-08,0.015179435002874
BEKE,1498,2.0138917096634302e-08,5.707776462610046e-08
ALMS,525,2.013918487907284e-08,0.0022222730848524305
ACCO,2660,2.014558715061342e-08,0.0005316158864550787
ANVS,1636,2.014558715061342e-08,0.014116838198396387
ATEC,2496,2.014558715061342e-08,0.00632913504974747
BILL,1666,2.0159292706548413e-08,5.65271185986047e-08
BHVN,966,2.0161384109944212e-08,0.9592620354761102
AJG,2660,2.0172480050910516e-08,0.0007882504849820204
ACXP,1281,2.0183583340815585e-08,0.0014902816977124332
AMLX,1145,2.0183583340815585e-08,5.707776462610046e-08
ASPN,2659,2.0183583340815585e-08,0.004524863863063271
AXON,2659,2.0186921219395872e-08,0.0004478417006618695
BAND,2190,2.0191217084714205e-08,0.007772040490659392
AKAM,2660,2.020076106606588e-08,0.0015174399961790353
AMBA,2660,2.0202671303518937e-08,0.0009105672821107508
BKR,2281,2.021477908153348e-08,0.014239776008546399
ASIX,2470,2.0225949889345372e-08,0.004862943020254865
AVY,2659,2.0226582054008355e-08,0.0013396690772709868
AII,310,2.0237120697157266e-08,5.5621345358605784e-08
AKR,2660,2.025054953777154e-08,5.647916993230421e-08
BJ,2033,2.025054953777154e-08,0.09405461807697142
ANGX,224,2.026291725048149e-08,5.0495390941199766e-08
ARHS,1188,2.026291725048149e-08,5.707776462610046e-08
BBAI,1338,2.026291725048149e-08,0.0006187690956757408
ASTX,207,2.0270726106557097e-08,2.3739704500465663e-06
ADBE,2660,2.0273251272301276e-08,0.0005341880341880342
BFS,2659,2.029479824847133e-08,0.002636552081494259
BL,2451,2.029479824847133e-08,0.016597478716205323
BBIO,1783,2.030444312129951e-08,0.0021344988594611367
ACIW,2660,2.031281939049897e-08,0.0010917447019352297
ARW,2659,2.0312890026405997e-08,0.001180155577253651
AXP,2659,2.0312890026405997e-08,0.0293981085371035
BDSX,1445,2.0317961392352306e-08,0.013094382589503703
AZZ,2659,2.0334884659951165e-08,0.004278597821525143
AIZ,2660,2.033857621345704e-08,0.00024834724538072274
ABCL,1415,2.0363152682443312e-08,5.707776462610046e-08
ADUR,433,2.0363152682443312e-08,0.0028036955361054987
AEXA,213,2.0363152682443312e-08,4.2503590742927175e-08
AIOT,2660,2.0363152682443312e-08,0.01547388781431336
ALEC,1881,2.0363152682443312e-08,0.004444440205891927
AMX,2660,2.0363152682443312e-08,0.018939408389004743
ARCT,2659,2.0363152682443312e-08,0.11800003051757812
ARDX,2659,2.0363152682443312e-08,0.0077691369263102
ASB,2659,2.0363152682443312e-08,0.0015220545319238764
BGIN,195,2.0363152682443312e-08,0.00014654860546831105
BILI,2097,2.0363152682443312e-08,0.003947345834029302
AGM,2660,2.037788466623651e-08,0.004213254023257451
AZO,2659,2.0387951655817894e-08,0.0021956575008058926
ARVN,1970,2.0416051186426812e-08,0.005059436939952618
AD,2660,2.041992516120556e-08,0.013255381444741357
APP,1331,2.041992516120556e-08,0.0007009043341784163
BAM,918,2.0431442018162356e-08,0.315215065268564
ALAR,1999,2.0440440826136444e-08,0.013333320617675781
ARQT,1633,2.0440440826136444e-08,0.002036682075631381
ASTE,2659,2.0440440826136444e-08,0.0014736777857730264
BDN,2659,2.0440440826136444e-08,0.0006720507016746472
BGSF,2659,2.045414075825279e-08,0.021739118239458906
AMTB,1954,2.047478291686969e-08,0.05685279575096166
ALAB,594,2.0475870177988237e-08,0.0003006223273820491
AGNCP,1626,2.048163288292786e-08,0.0016400007597488317
ALRS,1730,2.048163288292786e-08,0.002811603492515163
AMBR,2162,2.048163288292786e-08,0.014285694469105114
ANNX,1513,2.0493385107771417e-08,5.707776462610046e-08
ATMU,797,2.0493385107771417e-08,5.714010576393517e-08
ATOM,2509,2.0493385107771417e-08,0.02540417025876649
AMR,1377,2.0497645686838717e-08,5.707776462610046e-08
ACTG,2660,2.050912500760293e-08,0.013513487738532037
ANIK,2660,2.050912500760293e-08,0.002242105424136867
AYTU,2205,2.050912500760293e-08,0.031633311814073556
BANC,2659,2.050912500760293e-08,0.0020505705681550645
BCS,2659,2.050912500760293e-08,0.002949880639360329
AIT,2660,2.052020853889599e-08,0.0033998062623113302
BAK,1700,2.0532148321074154e-08,0.036002967044065186
ABXL,673,2.05416070596146e-08,2.0461352399457864e-05
ACOG,430,2.0547601480934006e-08,5.584773061476687e-05
AMGN,2660,2.055488493860623e-08,0.015262660469833936
ACN,2660,2.0568489589439206e-08,0.0011040428999527256
ASML,2659,2.0583477286106173e-08,0.0008536858287284044
AGIO,2660,2.0592157929767615e-08,0.007204588964280971
AAOI,2660,2.059215799826026e-08,0.0014082248976582592
AGNCO,1715,2.059215799826026e-08,0.002304147465437821
AIRO,285,2.059215799826026e-08,5.39815651298733e-08
AKTS,141,2.059215799826026e-08,5.535231829520262e-08
AMRX,2071,2.059215799826026e-08,0.00530970413072968
ASX,2659,2.059215799826026e-08,0.23005319656209738
BHFAN,1427,2.059215799826026e-08,0.0011235926481668157
AX,2659,2.0647887693716617e-08,0.05138846749586678
ATLX,892,2.066210413884248e-08,3.8172304649289946e-05
BIO,2659,2.0665365167640536e-08,6.263465610221472e-05
AEIS,2660,2.0670617933458267e-08,0.005900611320345828
APPN,2309,2.0671197665447083e-08,0.0010881185272184131
ARRY,1454,2.068996898657066e-08,0.0033863583056755985
BCO,2659,2.070040912560401e-08,0.009597199788025836
ALK,2660,2.0720326707260998e-08,0.007870192460065923
ABSI,1263,2.0732050279424704e-08,5.707776462610046e-08
ACIU,2477,2.0732050279424704e-08,0.006060609913835586
ACNT,2660,2.0732050279424704e-08,0.013315597005912718
ADXN,1625,2.0732050279424704e-08,0.07183978433686472
AHMA,196,2.0732050279424704e-08,0.00041651547029586687
ALLO,1961,2.0732050279424704e-08,0.0054083618362120575
ARLP,2659,2.0732050279424704e-08,0.0028011631898854084
ARQ,2531,2.0732050279424704e-08,0.00964186276942905
ASTL,1359,2.0732050279424704e-08,1.02694578669779e-05
ATLC,2659,2.0732050279424704e-08,0.0262008650334121
BB,2659,2.0732050279424704e-08,0.046391740287702085
BLDP,2659,2.0732050279424704e-08,0.005434795566227082
BLND,1266,2.0732050279424704e-08,0.0007267225273819863
ALTG,1828,2.0760295627935005e-08,0.0005027460296768662
AAP,2660,2.0777930969141912e-08,0.007798126060608058
ACVA,1346,2.0788540879641116e-08,0.0437226471195067
AIRI,2660,2.0788540879641116e-08,0.019999980926513672
AVD,2659,2.0788540879641116e-08,0.004457680644110506
ADI,2660,2.0788540907299458e-08,0.0007432294751312192
AA,2468,2.0788540976445305e-08,0.733000011172926
ADCT,1560,2.0788540976445305e-08,0.0006910533680945048
AIN,2660,2.0788540976445305e-08,0.0029161900535388478
ALT,2308,2.0788540976445305e-08,0.020000003633045015
APA,2660,2.0788540976445305e-08,0.10173698690333963
APLD,1079,2.0788540976445305e-08,0.00044563492351679964
AR,2660,2.0788540976445305e-08,0.006311253475569846
BBVA,2659,2.0788540976445305e-08,0.027777791023254433
BG,2659,2.0788540976445305e-08,0.006608943305379147
BLFS,2659,2.0788540976445305e-08,0.011023589006559061
ALB,2660,2.0790564319885335e-08,0.000593336496322055
BAH,2659,2.0802711664153486e-08,0.00027430665669567054
AVBP,630,2.0807456846305583e-08,5.707776462610046e-08
ALSN,2660,2.0809480224318536e-08,0.0021351987356816836
AGYS,2660,2.0814542190159675e-08,0.0009939680257183673
AG,2660,2.082637271616586e-08,0.022008234729793023
AUPH,2659,2.082637271616586e-08,0.005555523766411651
AVPT,1692,2.082637271616586e-08,4.880653412984595e-05
BCBP,2659,2.082637271616586e-08,0.0041322156417468075
BCE,2659,2.082637271616586e-08,0.01791048502825012
ANPA,270,2.0841406949656986e-08,8.696969120755616e-05
AGO,2660,2.0850114542526556e-08,0.2537313432835821
BANF,2659,2.0856024707617775e-08,0.0011007098665239542
AEE,2660,2.085958852447926e-08,0.00455494859191296
ALLE,2660,2.0864533782003225e-08,0.000928923077031615
ALLY,2660,2.0882021396032185e-08,0.06441583891859701
AMPL,1216,2.0894272922868666e-08,0.0036363477830762985
ATHS,596,2.0894272922868666e-08,1.9500861519432538e-05
AUNA,591,2.0894272922868666e-08,5.5621345358605784e-08
ARCB,2659,2.0909611518542766e-08,0.0017921420408406649
AEO,2660,2.0919881194935262e-08,0.00544000244140625
BATL,1620,2.0919881194935262e-08,0.03426394244741061
AACIU,114,2.0921955793693574e-08,0.0005012072417371911
AVTX,2659,2.0931123464549493e-08,0.01234569471068827
BCC,2659,2.0931123464549493e-08,0.011111127005683076
AFG,2660,2.0936253152890824e-08,0.0009852826671655347
ARL,2659,2.094548946700186e-08,0.007317101083150811
ASTS,1694,2.09799530756508e-08,0.03779365142105314
ADAM,2660,2.099283081401427e-08,0.00930236106695135
AI,1417,2.099283081401427e-08,5.647916993230421e-08
ARWR,2659,2.099283081401427e-08,0.0046948894088816254
ASMB,2659,2.099283081401427e-08,0.008382182775445718
ASPS,2659,2.099283081401427e-08,0.007332165856674251
AWRE,2659,2.099283081401427e-08,0.01250004768371582
ARES,2659,2.1017615710270776e-08,0.001085762523715977
AMAT,2660,2.1022442956222333e-08,0.0020625513417075825
ACGLO,2249,2.1027270202173894e-08,0.006218933940526899
ADM,2660,2.1027270202173894e-08,0.00013374851929143263
AMD,2660,2.1027270202173894e-08,0.002956410116913178
BHM,957,2.1027270202173894e-08,5.050786432666075e-05
BLBD,2659,2.1027270202173894e-08,0.07444445292154948
ALG,2660,2.103797475836398e-08,0.0015172980983656622
AIO,1698,2.1041796173159447e-08,1.9923339474552566e-05
ACAD,2660,2.1046623419111008e-08,0.0027027301960162436
APAM,2660,2.1070826029112858e-08,0.010847596303354544
ACRS,2660,2.1075675422177598e-08,0.002386589323421558
AMSC,2660,2.1075675422177598e-08,0.0016583779558020856
AROC,2659,2.1075675422177598e-08,0.004072086141163632
BBY,2659,2.1075675422177598e-08,0.017917421844881366
BCPC,2659,2.1087811691872654e-08,0.0002509371998020275
AME,2660,2.1104307396156922e-08,0.00047013498439885457
AAL,2660,2.1112189115600828e-08,0.0030769201425405648
BETA,185,2.112674153923275e-08,5.4528132495690966e-08
BESS,112,2.1132188462335332e-08,0.0022988812676792304
ACM,2660,2.1148702809024055e-08,0.00453586999404671
ADPT,1784,2.1148702809024055e-08,0.003280816532912659
AOSL,2660,2.1148702809024055e-08,0.0006863365618431299
AZTA,2659,2.1163368939884302e-08,0.0018537307319331712
ADAMG,388,2.120117570101322e-08,2.0249016809888356e-05
AVNT,2659,2.120117570101322e-08,0.0006466263364982328
ALNY,2660,2.1222237838187176e-08,0.001972899336997219
AARD,368,2.1229930368695584e-08,5.707776462610046e-08
ANRO,626,2.123636090583481e-08,5.707776462610046e-08
ACT,1224,2.1237263434125708e-08,5.647916993230421e-08
ADSK,2660,2.1243495246389718e-08,0.0015421652319988638
ANTA,306,2.12446864662717e-08,6.550922403805058e-05
ADMA,2660,2.1271546110656395e-08,0.010482224278479913
AMPH,2660,2.1271546110656395e-08,0.0011904580252510737
ARLO,2008,2.1271546110656395e-08,0.0016638935108152725
ANGO,2660,2.129135198406968e-08,0.0038486380390512155
AIR,2660,2.1296286120944284e-08,0.001720747295968542
AGNCL,973,2.1306906678975585e-08,2.485647821660983e-05
AOS,2660,2.1306906678975585e-08,0.0006597756762700932
ALGT,2660,2.1311157829129306e-08,0.003428208054112004
ALVO,1035,2.1311157829129306e-08,1.6408807631340548e-05
AMPX,973,2.1311157829129306e-08,0.0006176681707051188
AOUT,1493,2.1311157829129306e-08,0.0029446811923149224
ARDT,511,2.1311157829129306e-08,5.243570129453902e-08
AURA,1192,2.1311157829129306e-08,0.003379252597143443
BBW,2659,2.1311157829129306e-08,0.0056818073446100355
ADAMH,269,2.1311157857482967e-08,1.9818209848418457e-05
ATKR,2549,2.1311157857482967e-08,0.020390562597600165
BCPL,139,2.1311157857482967e-08,2.01848790457407e-05
ACHV,2660,2.131115787874821e-08,0.029411764705882353
ACTU,494,2.131115787874821e-08,2.5193487647154805e-05
AFRM,1394,2.131115787874821e-08,0.008998376555228955
AFGC,1642,2.131115789292504e-08,0.011627879253653578
ADAMM,1705,2.1311157928367114e-08,0.003101914118423326
AEYE,1988,2.1311157928367114e-08,0.005797109742095454
AGI,2660,2.1311157928367114e-08,0.019543977047799026
ALDFU,444,2.1311157928367114e-08,4.9775122694024384e-05
ALDX,2660,2.1311157928367114e-08,0.005610108877131195
AM,2324,2.1311157928367114e-08,0.02472092964622576
ANIX,2660,2.1311157928367114e-08,0.02528606072070316
AQST,2016,2.1311157928367114e-08,0.005102016487900074
ASTI,987,2.1311157928367114e-08,0.01098903718885488
AZIO,1022,2.1311157928367114e-08,0.0028818498770853407
BIRD,1189,2.1311157928367114e-08,0.0009950666285272146
ASR,2659,2.1360168619478973e-08,0.041120958254774506
ALC,1839,2.137085294909885e-08,0.031512172036261756
A,2660,2.1376779118729044e-08,0.04907569529556627
AMP,2660,2.1380703335084658e-08,0.0010746856909318245
ALGN,2660,2.1384598929281918e-08,0.002089367356411262
ARGX,2313,2.138582901984104e-08,0.003475265436644716
ATNI,2659,2.138582901984104e-08,0.0016543611689141056
AVT,2659,2.1395824832966845e-08,0.004295102389790018
BFAM,2659,2.1395824832966845e-08,0.0011020592642899385
BDL,2659,2.14136975103658e-08,0.0018050541516245744
BBWI,1254,2.142694635794115e-08,5.663639620183429e-08
ATRC,2659,2.1445943788695122e-08,0.0014152580842127394
BJRI,2659,2.146102532441151e-08,0.0025773589144048735
ACHR,1410,2.1492787064791923e-08,5.707776462610046e-08
ACHC,2660,2.1499685855521808e-08,0.005011947741087445
BLLN,183,2.1521564211506068e-08,5.714010576393517e-08
BEN,2659,2.1521564283090063e-08,0.001763065375797483
ANF,2660,2.1562113627005446e-08,0.029330897750460983
AMJB,630,2.15866192148816e-08,1.9081136852736157e-05
ASTH,2171,2.159389927714255e-08,0.0012070098121840882
ABNB,1416,2.159900272072884e-08,0.0003150630363691505
BLDR,2659,2.160451527336212e-08,0.0017513468887676437
AMAL,2005,2.1606214810435228e-08,0.00824629755843262
ARI,2659,2.1606214810435228e-08,0.2722602445785314
BCRX,2659,2.1606214810435228e-08,0.010810813388308915
AMKR,2660,2.1609615199591964e-08,0.001161395880403353
AMH,2660,2.16130155887487e-08,0.0032441231262751603
B,2659,2.16130155887487e-08,0.2361847027786566
ADUS,2660,2.1632713777626714e-08,0.0016661316345071718
AS,626,2.1644369164124618e-08,5.604697548837779e-08
ACR,2660,2.1647084069219157e-08,0.19636366102430555
AUDC,2659,2.1647084069219157e-08,0.01183434209880042
BAX,2659,2.1647084069219157e-08,0.0004959219568343006
BLKB,2659,2.1647084069219157e-08,0.012875569986361872
ALLT,2660,2.1660750135217945e-08,0.017475683712264798
AMG,2660,2.1670585517873442e-08,0.0024548027118772137
AEHR,2660,2.1674416201216733e-08,0.02777775885566833
ANGH,1126,2.1674416201216733e-08,0.0012919588606486673
ARIS,722,2.1674416201216733e-08,0.00015191897090992078
AVR,407,2.1674416201216733e-08,5.707776462610046e-08
AVXL,2659,2.1674416201216733e-08,0.003787914911905877
AXGN,2659,2.1674416201216733e-08,0.005952335539318308
AXTI,2659,2.1674416201216733e-08,0.005617956097206333
BBUC,1099,2.1689821004564115e-08,5.707776462610046e-08
ASIC,286,2.1709716567801425e-08,5.1463032299193444e-08
APTV,2186,2.1712969159318186e-08,0.720592351271669
ACH,2660,2.174501693438612e-08,0.00720902746418609
AISP,1314,2.174501693438612e-08,6.838629521499347e-05
ASUR,2659,2.174501693438612e-08,0.004434636321141868
AGX,2660,2.1756991362110636e-08,0.00025611711372646524
ARTV,510,2.1761273269793576e-08,0.007462654540787941
ASST,875,2.1767174045159176e-08,0.0015221164651112581
AWI,2659,2.1767174045159176e-08,0.5000000214559959
AU,2659,2.177752960520103e-08,0.011428590804811508
AXR,2659,2.177752960520103e-08,0.013196478141717588
BKHA,556,2.177752960520103e-08,3.940065866141085e-05
BKHAU,591,2.177752960520103e-08,0.027468420083910473
ACIC,2660,2.179828988127844e-08,0.016393450439953435
APPS,2660,2.179828988127844e-08,0.007518822089173686
BALY,412,2.1798815079963933e-08,0.20285087928437343
AENT,1251,2.1819050157355846e-08,0.2941176283593272
ANTX,1092,2.1826413044874938e-08,0.0003507210458764681
ANDE,2660,2.1840619777678202e-08,0.002717432768448617
BARK,1409,2.1845080895714505e-08,0.0009872007228778996
ATLCL,1175,2.1851784611641697e-08,2.3157302707925954e-05
BBAR,2659,2.1851784611641697e-08,0.025640994201213005
BCIC,2659,2.1851784611641697e-08,0.006309148264984205
AON,2660,2.1886768516778343e-08,0.0013672555695557517
ACCS,2660,2.192354742192038e-08,0.019928793041731587
AEG,2660,2.192354742192038e-08,0.06666670905219184
AGNT,2061,2.192354742192038e-08,0.001086399258640013
AGRO,2660,2.192354742192038e-08,0.002540233072640993
APUS,309,2.192354742192038e-08,0.0006733775540233299
BKE,2659,2.192354742192038e-08,0.005780324770535995
BLMN,2659,2.192354742192038e-08,0.002053883468404107
BIIB,2659,2.192420378010959e-08,0.0017844608299304226
AAT,2660,2.193668793539859e-08,0.05472507288343003
BBOT,620,2.1948334832884684e-08,0.0005048340706437076
ABM,2660,2.1949828448876798e-08,0.00012570618834036924
AAPG,382,2.1960110884519652e-08,1.6520778981976147e-05
AEFC,1701,2.1968639074805556e-08,0.0046929697716287504
ASBA,856,2.1968639074805556e-08,2.208392814893549e-05
ANDG,156,2.1969347106824266e-08,5.39815651298733e-08
AVAH,1320,2.2016883298427188e-08,0.0007369491925728114
AESI,853,2.2039656827218375e-08,5.620180138751696e-08
AFGD,1548,2.2060920328195154e-08,2.545839381556737e-05
AEP,2660,2.2086197255492603e-08,0.02171987168332358
ARM,722,2.2122202255391927e-08,0.00019394160627270968
ADNT,2451,2.2128440434277524e-08,0.000422151242695308
AVNW,2547,2.2171311161628402e-08,0.029969428292837257
BKU,2659,2.217310110444784e-08,0.0022172949002217386
AQB,2402,2.2194707844192366e-08,0.0927152317880795
ACI,1532,2.219517748176103e-08,5.691808172848313e-08
APOG,2660,2.219690839187544e-08,0.0024476910783388776
BFC,1950,2.2221538747725227e-08,0.00010446095279862925
AFL,2660,2.2250230075177765e-08,0.0024785568193667127
AIRTP,1794,2.2308171060901433e-08,0.022465107052825218
ADTN,2660,2.2308171083985992e-08,0.006787330316742017
BIOX,2101,2.230817109058158e-08,0.025806406492828116
ALMU,339,2.230817110707055e-08,1.4443080796222315e-05
ABAT,718,2.230817116478195e-08,0.0005934655843219384
ACEL,2246,2.230817116478195e-08,0.001001046823190399
ANL,712,2.230817116478195e-08,0.00028005229829232105
APT,2660,2.230817116478195e-08,0.17332713754646842
ARBE,1443,2.230817116478195e-08,0.004466527744794827
ASPI,932,2.230817116478195e-08,0.0015037723053666348
AUID,1239,2.230817116478195e-08,0.001564922840195996
AUR,1313,2.230817116478195e-08,4.07226480544824e-05
BFLY,1521,2.230817116478195e-08,0.0006365542348064337
BHFAL,1979,2.230817116478195e-08,0.004090740052063943
BKSY,1660,2.230817116478195e-08,0.0006439278990088271
BAER,1350,2.2329956459273e-08,0.004901974808936043
BCG,588,2.2329956459273e-08,0.0002334625009005509
ACET,2140,2.2351741753764052e-08,0.0010928621274742753
AIRJ,1129,2.2351741753764052e-08,4.0925020684321896e-05
ALXO,1518,2.2351741753764052e-08,0.0040816092977719156
APLE,2660,2.2351741753764052e-08,0.04507516023511683
ATYR,2659,2.2351741753764052e-08,0.014492785214884129
AKA,1220,2.235174178267611e-08,0.0013680342827764914
ABEV,2660,2.2351741811588166e-08,0.0523077157827524
AMPG,1371,2.2351741811588166e-08,0.005208350718021356
ARTNA,2659,2.2351741811588166e-08,0.00017718636733979548
AXINU,281,2.2351741811588166e-08,4.944859121862563e-05
ATHR,328,2.2461957448439484e-08,0.014925401602218374
ABX,1478,2.246752537795308e-08,0.0006987986907852702
AWK,2659,2.2489003739478644e-08,0.0020448399822547325
BCSF,1935,2.2489003797657856e-08,0.019189737324175397
ACB,1953,2.253051163625926e-08,0.012288770856334747
ACU,2660,2.2543588683348377e-08,0.001461951123808348
ADC,2660,2.255191887865173e-08,0.0011336478089685855
AIZN,1426,2.2563448813833185e-08,2.6700132591826057e-05
BLIV,332,2.2567884897016845e-08,0.00016773901839176595
APRE,1716,2.2572173085290802e-08,0.001209904047048084
ASYS,2659,2.2572173085290802e-08,0.014930952747358246
AZ,1146,2.2572173085290802e-08,0.008651766402307082
ARCC,2659,2.258330894431799e-08,0.0011255439238798074
APVO,2523,2.2621832282339055e-08,0.02580643785280882
BACC,250,2.2627962051474328e-08,4.007773207160055e-05
AOMR,1287,2.263915282738365e-08,5.707776462610046e-08
AVAL,2659,2.2667980301719997e-08,0.0013755446779023434
AWR,2659,2.2667980301719997e-08,0.0011279637468925565
BELFA,2659,2.2740371096358544e-08,0.01721962676835336
BIOA,462,2.2793815298673227e-08,0.0018943862096054732
BALL,2659,2.2808354268544962e-08,0.020920497362842398
ACAAU,113,2.2865318296769513e-08,0.0004997730016826742
ADAC,121,2.2865318296769513e-08,0.000506340702877769
AEAQ,130,2.2865318296769513e-08,1.0072852698499349e-05
ALDF,408,2.2865318296769513e-08,5.040255075198365e-05
ALIS,175,2.2865318296769513e-08,3.974927145805337e-05
ALOVU,132,2.2865318296769513e-08,0.0009990009990009777
ALTI,1323,2.2865318296769513e-08,5.078098957666022e-05
ALUB,143,2.2865318296769513e-08,4.0041865945723945e-05
APAC,173,2.2865318296769513e-08,3.974927145805337e-05
BIXI,153,2.2865318296769513e-08,5.020715366960336e-05
AREC,1874,2.2879003216369445e-08,0.059878507376337826
AHCO,2054,2.2888206449928737e-08,5.0325347099811e-05
AMRN,2660,2.291109460308796e-08,0.012048146810876232
BEPI,1161,2.291109460308796e-08,3.1034182569101284e-05
AVA,2659,2.2911094633570274e-08,0.00479408608305866
ADACU,154,2.291109470977606e-08,5.002700260020969e-05
AFGE,1474,2.291109470977606e-08,0.0011086220751844386
AKBA,2660,2.291109470977606e-08,0.027522955778229455
APXT,177,2.291109470977606e-08,4.0149522338778246e-05
ARCIU,131,2.291109470977606e-08,9.966447448470681e-06
ASH,2479,2.291109470977606e-08,0.5107632311210327
ASPC,394,2.291109470977606e-08,3.787039050372758e-05
ATAT,931,2.291109470977606e-08,5.707776462610046e-08
BDMD,1159,2.291109470977606e-08,0.004304135811286892
BEBE,121,2.291109470977606e-08,0.0005052671581883642
BHST,429,2.291109470977606e-08,0.00010100800642201225
ALM,266,2.292271108089918e-08,5.647916993230421e-08
ARAY,2659,2.2980103924181596e-08,0.02222224076588946
ASRV,2659,2.2980103924181596e-08,0.024390197381740752
AXIL,617,2.2980103924181596e-08,0.00010288263247735981
AUBN,2659,2.3084400916273194e-08,0.018658010138187797
ADAMN,2200,2.3154459903961844e-08,0.0025873583110564776
ARKO,1766,2.3154459903961844e-08,0.7050504202794546
BCHT,108,2.326034909398869e-08,5.39815651298733e-08
BEAT,1183,2.326034909398869e-08,0.007462704359595395
BBHM,176,2.3280628417982697e-08,3.6430838836669724e-05
ACGLN,1290,2.3362746958036176e-08,0.0009687778862426625
ADGM,502,2.345100780232201e-08,0.0013351134846461962
AGNC,2660,2.345100780232201e-08,0.0009634021619382225
BBDC,2659,2.345100780232201e-08,5.5621345358605784e-08
BFRG,868,2.345100780232201e-08,0.0009643081988755689
BLRX,2659,2.362041641742505e-08,0.04761907032557892
AAME,2660,2.367276666261184e-08,0.04993255193095134
AFRI,1378,2.367276666261184e-08,0.001008079897972838
AHG,2196,2.367276666261184e-08,0.0057803523333775616
AIFA,2203,2.367276666261184e-08,0.020833306842380123
ALOY,1185,2.367276666261184e-08,0.0015267415811087745
ALTO,2660,2.367276666261184e-08,0.02040816326530614
BLNK,2126,2.367276666261184e-08,0.06971834746884634
AMTX,2660,2.368326920526289e-08,0.7500114084721635
AMCI,883,2.368917370090817e-08,5.232153628152169e-05
ASGI,1509,2.3804663146194782e-08,0.008353793357455536
AOMN,502,2.381860574467947e-08,2.0110026368687516e-05
AOMD,298,2.3832548343164163e-08,2.0122687255291194e-05
BEAGU,442,2.3941043710012245e-08,4.703853964182463e-05
BBLG,1204,2.3973329864571335e-08,0.008733599467048462
AEC,219,2.3991806724388137e-08,0.0013422869995936212
ATNM,2659,2.3991806724388137e-08,0.07619044894263856
BCDA,1758,2.3991806724388137e-08,2.0359982651438484
ADAMO,138,2.4039053291391657e-08,1.594314972402601e-05
ACFN,258,2.4067490657272643e-08,0.0003411700724742419
ANNA,1115,2.420932075741265e-08,0.0001409647075847266
APD,2660,2.42628249172124e-08,0.00785003662109375
ARMP,2659,2.4280251296875235e-08,0.1096774480676139
AFJK,635,2.43417327214459e-08,6.229523075957352e-05
ARKR,2659,2.444013199686736e-08,0.04756833200932337
AIFF,1174,2.4453187622934063e-08,0.018181771943063446
AMBO,2048,2.4453187622934063e-08,0.41074856046065256
AURE,770,2.4453187622934063e-08,0.0021597983770185337
AUB,2659,2.4604336054895224e-08,0.0035515315395995414
ACCL,198,2.4611974555550518e-08,0.0002856497014124531
ADAML,1273,2.462229672238465e-08,0.0032080380223848404
AMST,1469,2.4770761488166972e-08,0.0022222024423104746
ASTC,2209,2.4770761488166972e-08,0.08831053897816918
AMUU,252,2.4855975256581387e-08,3.465156723231193e-05
ACGL,2660,2.5040073608515905e-08,0.004866967024855774
BGL,276,2.50444618278212e-08,0.0024213184744625296
ATER,1794,2.5055482884582685e-08,0.011954625902325006
BEAG,406,2.505634452301267e-08,5.059651696817654e-05
ALF,502,2.5358861154250858e-08,4.986415452917721e-05
ATIIU,369,2.5358861154250858e-08,0.000997005169793418
AVAT,375,2.5358861154250858e-08,0.0010493139405065857
ABLV,976,2.5446214535155962e-08,0.0008150324553323394
ATHE,2659,2.560199509515244e-08,0.016604540833615702
BCH,2659,2.569781087857903e-08,0.021987366015468916
BFRI,1192,2.569781087857903e-08,0.001582610884754139
ARBK,1218,2.5818593971634955e-08,0.002837272842796782
ARBB,833,2.581859403842784e-08,0.0016998542982029317
ADAMI,523,2.5851400384092936e-08,2.0363255355026696e-05
BCSS,173,2.5975564976095484e-08,3.9676545304918907e-05
BLUW,252,2.5975564976095484e-08,4.995094874294562e-05
BGDE,1214,2.6038889209404187e-08,0.017543876380251195
BITW,161,2.6094551648928354e-08,1.1926409841974336e-05
ATII,333,2.6128063400612674e-08,4.896671214995011e-05
BIPH,1301,2.6187853038734997e-08,3.1536885071652494e-05
BIPI,1132,2.6319721895205994e-08,2.956410132096768e-05
ALV,2660,2.642371179555847e-08,0.2795389444874264
AERT,1159,2.6490953258178568e-08,0.0013037378608739406
ATCH,1355,2.6490953258178568e-08,0.0031745547340030515
AUST,1064,2.6490953258178568e-08,0.0006788710874516763
BGM,1394,2.6490953258178568e-08,0.002109704641350241
BLIN,2267,2.6490953258178568e-08,0.11242603550295859
AAAC,159,2.6616377568329084e-08,0.0009962298059523237
AIIA,172,2.6623011760145717e-08,4.978608133266909e-05
BDCI,198,2.6623011760145717e-08,4.0029857826403274e-05
BIXIU,166,2.6623011760145717e-08,3.986080452737964e-05
BLRKU,159,2.6623011760145717e-08,4.9961887538464114e-05
ATLCP,1289,2.666455059276689e-08,2.939248543095519e-05
BANFP,2659,2.672292307655141e-08,0.029950095889175615
AMIX,630,2.67421884330572e-08,0.0014450618986449593
AACOU,114,2.6783230486886813e-08,0.0005027460296768662
AXIN,251,2.6783230486886813e-08,4.9619999492650354e-05
BIII,127,2.6783230486886813e-08,0.0005052671581883642
BLRK,125,2.6783230486886813e-08,0.000498726480916813
AMS,2660,2.6958991301609282e-08,0.017482547493247763
AIFC,2660,2.7108100396983103e-08,0.14588232601390166
ARAI,305,2.7161610232422135e-08,0.001964617806005556
AWX,2658,2.7177247326513607e-08,0.1234177064292038
BANX,2659,2.729658153257756e-08,0.012635416932915098
BENF,1168,2.7443865245882833e-08,0.00970870082818186
ACYN,110,2.7596484332672782e-08,0.0002481816098423363
AEI,1426,2.7657283372814916e-08,0.0028328503832939205
ARTW,2659,2.7776921862944517e-08,0.055555573216191104
ABVC,1255,2.7862994632500615e-08,0.007490600985980632
AEON,898,2.804924462630672e-08,0.29441201566445707
APC,118,2.8206014854537215e-08,0.0002727108038118229
BKFI,139,2.8497427129098638e-08,2.1127454908045992e-05
ADAMZ,1175,2.90274998288729e-08,0.0008123321905066788
APWC,2660,2.9495081978178198e-08,0.043478240137514786
AIRT,2660,2.9571296660292354e-08,0.33333334715470025
BIPC,1592,2.9634324486695374e-08,0.00015365016685750787
BDCIU,210,2.99779746104339e-08,4.929589184783902e-05
BGLC,761,2.99779746104339e-08,0.005988016337929653
ATOS,2659,3.0007451478290766e-08,0.040296276240400865
ALNT,2660,3.0101628315736733e-08,0.0141132076668042
ACLO,426,3.030544007291133e-08,0.005255823417437942
AIDX,114,3.049288050593054e-08,0.011526716425681946
AACG,2660,3.0622569719525406e-08,0.05370367897881408
ARTCU,143,3.068635309544667e-08,9.987198887237738e-06
ARTC,107,3.0732707103143715e-08,0.0005088980871303205
BBD,2659,3.076368765465898e-08,0.3112948856183461
BGC,2659,3.107696349635612e-08,0.35744291868005595
ALPS,188,3.1225504622588425e-08,0.0008598747483021125
ACON,1073,3.129481420304259e-08,0.018171562703368692
ACMR,2196,3.1960241569169695e-08,0.001825936886862302
BAOS,1375,3.205627957292196e-08,0.6885080491342852
AAPL,2660,3.269532574128032e-08,0.0014153313221590771
BBDO,2659,3.2885321286014776e-08,0.17926361394482987
BBLGW,1204,3.304357587466947e-08,0.9673202621683575
AGIG,2660,3.3462256747172925e-08,0.04777870913663037
APXTU,191,3.385825969800945e-08,1.975037748283537e-05
BHR,2659,3.385825978560101e-08,0.23943658949623642
APLX,226,3.4138377072655815e-08,0.0003050500987287755
AHT,2660,3.4193375609409604e-08,0.06666666666666667
ADVB,354,3.479882569919132e-08,0.002105311343544408
ACEI,214,3.497629394508839e-08,2.1969595969059072e-05
ASM,2659,3.861898237770706e-08,0.06702231693045224
AMTD,1758,3.973642988726785e-08,0.923442579391412
BIXIW,151,3.973642988726785e-08,0.0021597983770184613
AGRZ,210,4.015915786479198e-08,0.001808354479494751
BEP,2659,4.0313841682195126e-08,0.8003324490548828
AMZE,1162,4.2924725658991346e-08,0.004329002393788547
BBHL,176,4.294935054865852e-08,3.140478940031582e-05
AUC,1821,4.347233355188277e-08,0.8013543998923013
AAON,2660,4.6224194932237507e-08,0.005555550257364909
AIV,2660,4.631530890964349e-08,0.02959226321362053
BBYY,113,4.631530890964349e-08,3.500734259442179e-05
BCGD,157,3.839546182668398e-06,2.0199826982189536e-05
BCSM,157,4.007288982559141e-06,2.290126584511901e-05
AGIQ,230,4.426949376282039e-06,2.3931695639335884e-05
AZYY,139,4.977997085141165e-06,3.172819359451829e-05
AMYY,139,5.564898765219596e-06,3.227565064246631e-05
AFSC,366,6.467085847790937e-06,0.033989564968063414
AMZN,2660,6.773555149323412e-06,0.0010454583654090138
ARMY,132,7.509730026752356e-06,2.1954624749307125e-05
BDCX,1542,7.724934164305297e-06,0.08616086730066572
BCOR,315,8.649224759682318e-06,2.333772554390218e-05
BFOC,127,1.1695891848797625e-05,0.012760902658095836
BKNG,2659,2.2285825675189584e-05,0.007490168977422451
ATCL,114,3.993585668341246e-05,0.00020622808826558075
AVGO,2659,4.188818747869316e-05,0.0009269671922795741
APG,1573,4.4182225810551916e-05,0.00033299906270489455
APHU,115,5.116065422246573e-05,0.00032000732421875
ANV,124,5.78352379367266e-05,0.00020479526086201783
ANET,2660,6.34618334847535e-05,0.03774811324640574
BLDX,124,6.449342930313157e-05,0.00019287580234447597
BIP,2659,8.574677887636823e-05,0.9078740684300959
BBSI,2659,0.00011026628013221878,0.0004969875570794481
AZTR,783,0.0009930486593843098,0.004394501616052263
AUUD,1370,0.006744697958082349,0.011335796914272833
AGEN,2660,0.018645711464456975,0.024373510932180178
AROW,2659,0.02912621301945387,0.11164784123703841
BHP,2659,0.10793931468897072,0.10829935081549673
BFH,2659,0.20191537550751093,0.23598219807633652
ATRO,2659,0.2019154150274736,0.4128709318221353
BDX,2659,0.23301117656704923,0.2503945183119586
ARMK,2659,0.27797832936559225,0.27797839835338795
APLMW,820,0.27827710276801476,3.4827587131796216
AFCG,1349,0.31553727756696126,0.3155373712059532
ANAB,2392,0.3333333319173359,0.3355076684721606
ADEA,2660,0.5657709474353267,0.577192278540249
ASTN,121,0.7499999994024598,0.7500610258452974
AIXI,853,0.8571428571428571,0.8576642387974871
ARTL,1787,0.8888888888888888,0.8910628040823576
AIIO,1600,0.9,0.9003476229078662
BCTX,1365,0.9333333320912667,0.9340101506706018
ABTS,2440,0.9333333329679409,0.9338688065249279
BIAF,981,0.9333333333333333,0.9334461372090049
ASBP,1079,0.9666666666666667,0.9668035582268916
AEMD,2660,0.98,0.9808275862068966
ALP,1365,0.98,0.980040732809094
AEHL,2660,0.984375,0.9849373393316195
BINI,2479,0.9959999999937131,0.9965417867435159
APH,2660,0.9999999053507989,1.0007469739571988
AZN,2659,0.9999999952061612,1.0076511405433084
