period,universe,horizon,component,sign,ic_mean,ic_median,ic_t,n,n_positive,positive_ratio,nw_lag
discovery,wide,55,adv20,1,0.023057929769528127,0.028308337604648477,3.9275072794910955,1454,928,0.6382393397524071,11
discovery,wide,55,r20,1,-0.006691850020333252,0.003778832758379296,-0.501129725111381,1454,738,0.5075653370013755,11
discovery,wide,55,r60,1,0.00522382106342957,0.014398376070128716,0.35587270481047245,1454,782,0.5378266850068776,11
discovery,wide,55,vol20,-1,-0.011771528468700805,-0.03156461537646191,-0.6284050471251718,1454,650,0.4470426409903714,11
discovery,wide,55,volume_ratio,1,0.003255507548112407,0.0016444357358987262,1.1622660165547072,1454,745,0.5123796423658872,11
discovery,production,55,adv20,1,0.017007715475925583,0.01887965556637005,2.8618589622118735,1454,927,0.6375515818431912,11
discovery,production,55,r20,1,-0.010995197669837855,0.0028277438889625275,-0.8792588369874541,1454,735,0.5055020632737276,11
discovery,production,55,r60,1,-0.0040821085634899406,0.0026547925113383723,-0.2805324248604874,1454,735,0.5055020632737276,11
discovery,production,55,vol20,-1,-0.02116139308299789,-0.04151207275092299,-1.1374052331492754,1454,629,0.4325997248968363,11
discovery,production,55,volume_ratio,1,0.004083800496152094,0.004986808885823469,1.1656496798243912,1454,784,0.5392022008253095,11
