ticker,n,first,last
AA-W,16,2016-10-18,2016-11-08
AABA,3717,2005-01-03,2019-11-06
AACBR,186,2025-04-07,2025-12-31
AACQU,240,2020-07-14,2021-06-24
AACT-U,608,2023-04-21,2025-09-24
AAIC,4771,2005-01-03,2023-12-14
AAIN,638,2021-07-19,2024-01-30
AAM,325,2024-09-16,2025-12-31
AAM-U,356,2024-08-01,2025-12-31
AAM-WS,325,2024-09-16,2025-12-31
AAN,969,2020-11-25,2024-10-03
AAN-W,3,2020-11-25,2020-11-30
AAPC,614,2015-04-29,2017-10-04
AAQC,406,2021-05-10,2022-12-15
AAQC-U,442,2021-03-18,2022-12-15
AAV,3511,2005-01-03,2018-12-14
AAWW,4368,2005-11-09,2023-04-03
ABAX,3419,2005-01-03,2018-08-01
ABCD,2272,2009-12-09,2018-12-18
ABCM,3275,2010-12-03,2023-12-12
ABCO,3244,2005-01-03,2017-11-17
ABCW,88,2016-01-04,2016-05-09
ABEOW,935,2015-06-22,2019-12-20
ABGB,86,2016-01-04,2016-05-05
ABGBY,10,2016-05-02,2016-05-13
ABGI,511,2021-02-17,2023-02-27
ABILW,66,2016-01-04,2016-04-07
ABLX,169,2017-10-20,2018-06-22
ABMD,4527,2005-01-03,2023-01-03
ABRN,995,2014-05-15,2018-04-26
ABST,690,2020-10-28,2023-07-27
ABTL,3214,2005-01-03,2017-10-06
ABTX,1758,2015-10-08,2022-09-30
ABY,863,2014-06-13,2017-11-13
ACAB,675,2022-03-09,2024-11-12
ACABU,711,2022-01-14,2024-11-12
ACAC,538,2022-08-08,2024-09-26
ACACU,576,2022-06-10,2024-09-26
ACACW,957,2020-12-15,2024-10-04
ACAH,718,2021-04-28,2024-03-05
ACAHU,756,2021-03-04,2024-03-05
ACAHW,710,2021-04-29,2024-02-23
ACAQ,466,2021-12-13,2023-10-19
ACAQ-U,503,2021-10-20,2023-10-19
ACAQ-WS,467,2021-12-10,2023-10-19
ACAS,3028,2005-01-03,2017-01-11
ACAX,450,2022-03-24,2024-01-08
ACAXR,450,2022-03-24,2024-01-08
ACAXU,486,2022-02-01,2024-01-08
ACAXW,450,2022-03-24,2024-01-08
ACBA,758,2021-05-26,2024-05-30
ACBAU,794,2021-04-06,2024-05-30
ACBAW,756,2021-05-21,2024-05-23
ACBI,1592,2015-11-02,2022-02-28
ACC,4431,2005-01-03,2022-08-09
ACCD,1198,2020-07-02,2025-04-08
ACDCW,255,2022-11-02,2023-11-07
ACDI,283,2021-12-31,2023-02-15
ACDI-U,318,2021-11-10,2023-02-15
ACEL-WS,147,2019-11-21,2020-07-15
ACER,1551,2017-09-22,2023-11-20
ACERW,750,2015-04-14,2018-04-05
ACETQ,3712,2005-01-03,2019-10-01
ACEVU,587,2020-07-28,2022-11-22
ACFC,3374,2005-01-03,2018-05-29
ACGLP,1263,2016-09-23,2021-09-29
ACGN,4699,2005-01-03,2023-09-01
ACHN,3325,2006-11-09,2020-01-28
ACHR-WS,758,2021-09-17,2025-12-31
ACIA,1207,2016-05-13,2021-03-01
ACIC-U,223,2020-10-28,2021-09-16
ACII-U,461,2021-02-04,2022-12-01
ACKIT,397,2021-02-04,2022-08-31
ACKIU,427,2020-12-21,2022-08-31
ACKIW,397,2021-02-04,2022-08-31
ACLX,980,2022-02-04,2025-12-31
ACME,255,2016-01-08,2017-01-11
ACND-U,249,2020-07-24,2021-07-21
ACND-WS,214,2020-09-14,2021-07-21
ACP-R,38,2019-10-14,2021-06-15
ACQR,456,2021-05-19,2023-03-10
ACQRU,506,2021-03-09,2023-03-10
ACQRW,458,2021-05-17,2023-03-10
ACRO,580,2021-08-30,2023-12-18
ACRO-U,616,2021-07-09,2023-12-18
ACRO-WS,580,2021-08-30,2023-12-18
ACSF,1178,2014-01-16,2018-09-19
ACST,3377,2011-05-06,2024-10-07
ACTA,3348,2005-01-03,2018-04-20
ACTC,137,2020-11-25,2021-06-14
ACTCU,182,2020-09-23,2021-06-14
ACTD,293,2021-05-24,2022-07-21
